date,gold_usd_oz,executed_weight,equity
2020-01-02,1520.55,0.0,1.0
2020-01-03,1547.4,0.55,1.0091619463352077
2020-01-06,1576.85,0.55,1.0197254080295108
2020-01-07,1566.5,0.55,1.0160441530685393
2020-01-08,1582.85,0.55,1.021876758907332
2020-01-09,1547.85,0.55,1.0094490951306216
2020-01-10,1548.8,0.9985209475361267,1.009614973701163
2020-01-13,1550.35,0.9990659624510345,1.010623876913712
2020-01-14,1544.95,1.0,1.0071028446276307
2020-01-15,1551.9,1.0,1.011633324429671
2020-01-16,1555.2,1.0,1.0137844875011432
2020-01-17,1556.5,1.0,1.0146319153777839
2020-01-20,1559.25,0.55,1.0151612807569554
2020-01-21,1556.25,0.55,1.0140870360154137
2020-01-22,1558.1,0.55,1.0147500615955876
2020-01-23,1554.05,0.55,1.0132993487002637
2020-01-24,1561.85,0.55,1.016096590877751
2020-01-27,1583.45,0.3,1.0200582762468788
2020-01-28,1579.6,0.29731587847250474,1.0193181445187098
2020-01-29,1571.2,0.3,1.0176892489322562
2020-01-30,1580.4,0.55,1.0207122627195633
2020-01-31,1580.85,0.3,1.0205442753369174
2020-02-03,1578.85,0.3,1.0201569352570856
2020-02-04,1571.2,0.3,1.018674045706834
2020-02-05,1552.2,0.55,1.011644209312492
2020-02-06,1564.75,0.55,1.0161429041680385
2020-02-07,1568.3,0.5000000000000001,1.0172447755049507
2020-02-10,1574.05,0.3,1.0181602114811423
2020-02-11,1567.7,0.3,1.0169279792122363
2020-02-12,1566.75,0.3,1.0167431068042019
2020-02-13,1575.0,0.55,1.019433533663291
2020-02-14,1576.35,0.55,1.0199141237577323
2020-02-17,1580.3,0.55,1.0213197528590512
2020-02-18,1588.2,0.55,1.0241278489966026
2020-02-19,1609.5,0.3,1.027992316313467
2020-02-20,1610.35,0.55,1.0280339118397794
2020-02-21,1633.7,0.5000000000000001,1.035435732065341
2020-02-24,1682.35,0.3,1.0444789261881287
2020-02-25,1655.9,0.3,1.0395525195074127
2020-02-26,1647.95,0.29100977100441927,1.0380907710542728
2020-02-27,1646.6,0.2916356217129565,1.0378421133945233
2020-02-28,1626.35,0.29191028924860335,1.034116044883342
2020-03-02,1609.7,0.5080931209721269,1.0285133471470362
2020-03-03,1599.05,0.4927699920244243,1.0251443918054417
2020-03-04,1644.8,0.49002377117362406,1.0395140409831818
2020-03-05,1647.45,0.4399939430183196,1.0401989364427224
2020-03-06,1687.0,0.44220591404379694,1.0512393336039945
2020-03-09,1676.6,0.40972150239468186,1.0485499151602429
2020-03-10,1657.4,0.40362281922900983,1.0436969269719385
2020-03-11,1662.5,0.393736936497197,1.044951122414314
2020-03-12,1636.65,0.39449458248351926,1.0385406571220857
2020-03-13,1588.15,0.20545728653069872,1.0320212207409516
2020-03-16,1504.65,0.18277137312419656,1.0220805470404335
2020-03-17,1472.35,0.1453136075270621,1.0188539676129935
2020-03-18,1506.0,0.0007576459863222751,1.0187243283791314
2020-03-19,1480.7,0.0007576459863222751,1.0187113620048394
2020-03-20,1504.45,0.0007576459863222751,1.0187237418158392
2020-03-23,1494.5,0.0,1.0187229699838851
2020-03-24,1599.5,0.14830829103689847,1.0291867605219873
2020-03-25,1620.95,0.14830829103689847,1.0312336890247393
2020-03-26,1620.1,0.14830829103689847,1.031153489493497
2020-03-27,1621.2,0.14830829103689847,1.0312573234994264
2020-03-30,1624.45,0.14830829103689847,1.0315639285059768
2020-03-31,1604.65,0.14830829103689847,1.029699179347816
2020-04-01,1594.25,0.14830829103689847,1.0287094218144348
2020-04-02,1588.05,0.11528870484408427,1.0282142272349155
2020-04-03,1609.75,0.11530383550676716,1.0298342411836436
2020-04-06,1636.6,0.21543371237632103,1.033431678887906
2020-04-07,1652.2,0.21248904064028104,1.0355217857976258
2020-04-08,1649.05,0.21270873440451646,1.0351016132177582
2020-04-09,1662.5,0.21276352934980983,1.0368978141536103
2020-04-14,1715.85,0.2146405064194419,1.0440378772481533
2020-04-15,1712.25,0.2162945416508594,1.0435623613475433
2020-04-16,1717.85,0.25877756182158274,1.0444012415265178
2020-04-17,1693.15,0.2736578982629047,1.0402762185026093
2020-04-20,1684.95,0.26967534884618455,1.0389134232242019
2020-04-21,1678.6,0.2778786894491342,1.037816919674096
2020-04-22,1702.65,0.27786847286099997,1.0419486005354808
2020-04-23,1727.55,0.27992158291580843,1.0462118306653294
2020-04-24,1727.25,0.46071771590697713,1.0459389758133268
2020-04-27,1717.25,0.4687946497892167,1.043091734399492
2020-04-28,1708.1,0.46231011916550535,1.0405155009060005
2020-04-29,1706.0,0.4564658403922877,1.0399254870856727
2020-04-30,1716.75,0.45514883211742235,1.0429066493607133
2020-05-01,1673.05,0.47669848875045234,1.0302291330337117
2020-05-04,1703.7,0.4152069466432424,1.0380022440108057
2020-05-05,1696.3,0.40285966008682134,1.0361731145861013
2020-05-06,1698.9,0.4063718344218499,1.0368148718639298
2020-05-07,1688.65,0.4205181103155725,1.0341696825954558
2020-05-11,1698.8,0.42096189127703615,1.0367859661127785
2020-05-12,1703.45,0.4201695370628456,1.037977551215287
2020-05-13,1699.85,0.4233563366128753,1.037045561158803
2020-05-14,1716.4,0.5242003963998684,1.042233745894487
2020-05-15,1734.85,0.5115686775618927,1.0479517988604743
2020-05-18,1756.9,0.49906262834079623,1.0545859585469082
2020-05-19,1735.25,0.513122202182237,1.0479028542604365
2020-05-20,1750.05,0.8981409834601097,1.0555266126124445
2020-05-21,1732.8,0.8952757275081434,1.0462089790238354
2020-05-22,1732.45,0.49992241490630657,1.0456897138548376
2020-05-26,1722.75,0.5217089997964692,1.0426124173579767
2020-05-27,1705.15,0.9406384098664509,1.0321563679507062
2020-05-28,1723.3,0.8397943500794578,1.0412786854840383
2020-05-29,1725.65,0.8257347762380169,1.0424365500771469
2020-06-01,1734.8,0.4984164363305924,1.0448502701812832
2020-06-02,1740.25,0.4996750267632398,1.04648912487273
2020-06-03,1717.6,0.55,1.038945215817153
2020-06-04,1706.45,0.4705129737393893,1.0356892896408063
2020-06-05,1709.55,0.3,1.0360771325873885
2020-06-08,1692.0,0.3,1.032886265924774
2020-06-09,1707.5,0.55,1.0378321551248464
2020-06-10,1717.65,1.0,1.0435343818260605
2020-06-11,1731.9,1.0,1.0521917712482485
2020-06-12,1735.85,0.7,1.0535559510328283
2020-06-15,1710.4,1.0,1.0377932736799087
2020-06-16,1728.35,1.0,1.0486845209101203
2020-06-17,1717.3,1.0,1.0419798812502963
2020-06-18,1732.65,1.0,1.0512935662076086
2020-06-19,1728.55,0.55,1.0494522522084349
2020-06-22,1745.45,0.55,1.0550955131405904
2020-06-23,1756.6,1.0,1.061360709830832
2020-06-24,1775.7,1.0,1.0729011798056522
2020-06-25,1758.55,0.55,1.0667191343251328
2020-06-26,1762.1,1.0,1.0683925057997588
2020-06-29,1768.8,0.8999999999999999,1.0719417625766303
2020-06-30,1770.7,1.0,1.0729860209947282
2020-07-01,1787.4,1.0,1.0831056722911714
2020-07-02,1771.85,1.0,1.0736828832097525
2020-07-03,1774.65,1.0,1.0753795912115514
2020-07-06,1774.4,1.0,1.0752280994256764
2020-07-07,1775.5,1.0,1.075894663283526
2020-07-08,1799.35,1.0,1.0903469796559913
2020-07-09,1812.45,1.0,1.098285149235836
2020-07-10,1805.75,1.0,1.0942251693743887
2020-07-13,1808.05,1.0,1.0956188938044378
2020-07-14,1798.2,1.0,1.0896501174409667
2020-07-15,1809.3,1.0,1.0963763527338122
2020-07-16,1804.6,1.0,1.0935283071593642
2020-07-17,1802.9,1.0,1.092498163015415
2020-07-20,1810.3,1.0,1.0969823198773117
2020-07-21,1823.2,1.0,1.1047992960284565
2020-07-22,1851.0,1.0,1.1216451826177452
2020-07-23,1882.35,1.0,1.1406422525664572
2020-07-24,1893.85,1.0,1.1476108747167024
2020-07-27,1940.55,1.0,1.1759095403181332
2020-07-28,1931.65,1.0,1.170516432740987
2020-07-29,1954.35,1.0,1.1842718868984274
2020-07-30,1952.2,1.0,1.1829690575399034
2020-07-31,1974.7,1.0,1.1966033182686444
2020-08-03,1972.95,1.0,1.1955428757675202
2020-08-04,1972.25,1.0,1.1951186987670703
2020-08-05,2034.45,1.0,1.232809855092745
2020-08-06,2049.15,0.9462626982957693,1.2411726475506297
2020-08-07,2061.5,0.9462914374726786,1.2482512598332616
2020-08-10,2030.3,0.9730327121385722,1.2298355436298969
2020-08-11,1996.6,0.8731290343921407,1.2118890896247696
2020-08-12,1931.7,0.8084196228081736,1.179964781809302
2020-08-13,1931.0,0.6553204707627445,1.1795039218084264
2020-08-14,1948.3,0.6571500039909213,1.186446052017912
2020-08-17,1949.85,0.6566999587990143,1.1870653741246961
2020-08-18,2005.15,0.6558997239319767,1.209146302579173
2020-08-19,1993.15,0.6131624839226983,1.2046576333601724
2020-08-20,1928.05,0.6139780525982821,1.1804988449235656
2020-08-21,1932.85,0.5535698765151138,1.182054433522218
2020-08-24,1947.55,0.5546776087400318,1.1870396410072501
2020-08-25,1925.45,0.5831488575658639,1.179150806169428
2020-08-26,1918.5,0.576848032882119,1.1766881966046125
2020-08-27,1938.8,0.5848104097364969,1.1839601575650522
2020-08-28,1955.85,0.5777121397290885,1.1899668133576746
2020-09-01,1987.95,0.5809822312276293,1.2013095597521255
2020-09-02,1969.0,0.5662004446866188,1.1948080129040937
2020-09-03,1934.1,0.5611376643213357,1.1829183848587248
2020-09-04,1937.6,0.33433094293795,1.1833657736440115
2020-09-07,1928.4,0.33715212992350313,1.1814680485470577
2020-09-08,1920.6,0.340078750150141,1.17983942023989
2020-09-09,1928.4,0.345873156248944,1.1814898696799017
2020-09-10,1944.8,0.35294659271881595,1.1850278961779779
2020-09-11,1944.5,0.4013962961293485,1.1848971069060215
2020-09-14,1942.3,0.4014141691016823,1.1843589546546895
2020-09-15,1963.55,0.40625419975325777,1.189617318745933
2020-09-16,1964.8,0.3989148081267907,1.1899106909891635
2020-09-17,1936.1,0.46180168534505234,1.1818092278319778
2020-09-18,1954.75,0.4474042014968397,1.1868855037083565
2020-09-21,1930.9,1.0,1.1717483879010429
2020-09-22,1906.0,0.6203405793453312,1.1619299721505845
2020-09-23,1888.1,0.6203227063729975,1.1551609006728272
2020-09-24,1861.75,0.615482675721422,1.1452329733917155
2020-09-25,1870.05,0.615482675721422,1.1483754091401976
2020-09-28,1850.95,0.953336206537748,1.1368056676481315
2020-09-29,1882.4,0.9684672301983354,1.1554951640884872
2020-09-30,1883.4,0.9625101202026988,1.156079109294035
2020-10-01,1895.55,0.9736718396085485,1.1633278314206714
2020-10-02,1906.4,1.0,1.1699560129677025
2020-10-05,1899.65,1.0,1.165813543870172
2020-10-06,1912.5,1.0,1.1736995776336188
2020-10-07,1888.0,1.0,1.1586639490573971
2020-10-08,1891.35,0.9742095212729083,1.1606369361893805
2020-10-09,1912.4,0.998257681657304,1.1735039625996293
2020-10-12,1919.8,0.9575183466599456,1.177804105909991
2020-10-13,1920.8,0.9523085357242974,1.1783822144359895
2020-10-14,1896.45,0.988941421170965,1.1635658813354004
2020-10-15,1891.7,0.9555609082600676,1.1607421924640386
2020-10-16,1908.2,1.0,1.1708149671557488
2020-10-19,1910.0,1.0,1.1719193938096009
2020-10-20,1906.35,1.0,1.1696798619837343
2020-10-21,1918.95,1.0,1.1774108485606982
2020-10-22,1916.85,0.55,1.176172339909291
2020-10-23,1910.6,0.55,1.1740631021398056
2020-10-26,1901.6,0.55,1.1710213286887472
2020-10-27,1898.9,0.3,1.1702297685205223
2020-10-28,1896.85,0.3,1.1698507641982092
2020-10-29,1876.85,0.0,1.16949980896895
2020-10-30,1875.8,0.0,1.16949980896895
2020-11-02,1886.75,0.0,1.16949980896895
2020-11-03,1899.85,0.0,1.16949980896895
2020-11-04,1888.55,0.3,1.1670621604093134
2020-11-05,1916.8,0.55,1.1763720619245497
2020-11-06,1947.95,0.55,1.186886562316308
2020-11-09,1957.45,0.55,1.190070156498963
2020-11-10,1874.9,0.55,1.162466815274184
2020-11-11,1876.2,0.55,1.1629101262629946
2020-11-12,1868.0,0.55,1.1601147288269824
2020-11-13,1878.2,0.25000000000000006,1.1613503628015402
2020-11-16,1885.6,0.4405880525027258,1.1631450016280371
2020-11-17,1885.4,0.4390521395556814,1.1630890486874055
2020-11-18,1877.2,0.43919470371285657,1.1608672084740246
2020-11-19,1857.4,0.4426522399255277,1.1554431876444777
2020-11-20,1867.0,0.4355537502641912,1.1580360803324463
2020-11-23,1863.8,0.43253369128814584,1.1571740683805611
2020-11-24,1818.1,0.23649741265883822,1.1502369196258684
2020-11-25,1808.55,0.3968068579901206,1.1476550618780528
2020-11-26,1814.85,0.3963135123384906,1.1492388790960681
2020-11-27,1808.05,0.3990350157031657,1.1475174890101079
2020-11-30,1771.95,0.3988468451337385,1.138379039812533
2020-12-01,1796.2,0.3847522516179322,1.1443571549541889
2020-12-02,1832.95,0.3752449261296771,1.1531320297939978
2020-12-03,1834.8,0.35224679465511666,1.1535154753029628
2020-12-04,1839.3,0.3643967165039951,1.1545323723407397
2020-12-07,1832.8,0.3807670541816399,1.1529599185738766
2020-12-08,1864.5,0.384120209802152,1.1606159957893616
2020-12-09,1859.8,0.4827532635492509,1.1590891482300616
2020-12-10,1834.2,0.48232368126267455,1.151393286659761
2020-12-11,1833.65,0.4658519284789936,1.151213483591599
2020-12-14,1820.25,0.4699656919500223,1.1472549870895201
2020-12-15,1844.3,0.8534038223891639,1.1597510432491052
2020-12-16,1861.35,0.8171818620342848,1.1684704912614636
2020-12-17,1871.95,0.803764003974925,1.1738032158871108
2020-12-18,1880.0,0.8163554885664791,1.177909185777534
2020-12-21,1869.25,0.8175559692532234,1.1724012175313379
2020-12-22,1873.3,0.8124115227111328,1.174458854837909
2020-12-23,1867.1,0.9382841146039265,1.1706638482928338
2020-12-29,1873.9,0.9438920898675034,1.174681634561743
2020-12-30,1877.55,0.9437414583887273,1.176840790837277
2020-12-31,1891.0,0.9514292065346395,1.1848526779977437
2021-01-04,1930.8,1.0,1.2097328001455352
2021-01-05,1946.55,0.55,1.2146158651654886
2021-01-06,1957.2,0.55,1.2182708508736426
2021-01-07,1911.05,0.55,1.202471361872876
2021-01-08,1891.3,0.9194172692845352,1.1906014578667634
2021-01-11,1847.8,0.4913526587072239,1.1766366531749475
2021-01-12,1861.85,0.41798806274989564,1.1802899509041909
2021-01-13,1852.4,0.45678505330986413,1.177507707968377
2021-01-14,1840.25,0.8607100043634988,1.170384525530603
2021-01-15,1853.85,0.8121392108981382,1.1773522714690434
2021-01-18,1833.95,0.8548913831899585,1.1664976566013194
2021-01-19,1843.1,0.8626189096157194,1.1715090208071093
2021-01-20,1854.6,0.8748664603022953,1.177889610799524
2021-01-21,1867.65,0.873495737537671,1.1851277807125784
2021-01-22,1853.6,0.8671062811157147,1.1773895168885116
2021-01-25,1855.6,0.8627677700691349,1.1784804529316268
2021-01-26,1853.2,0.863597856024234,1.1771631567016625
2021-01-27,1846.4,0.8650825525743857,1.1734247726144227
2021-01-28,1839.65,0.4765425900635915,1.1709245957331107
2021-01-29,1852.7,0.476505136254054,1.1748825157139227
2021-02-01,1857.8,0.4766243620105531,1.176423848034922
2021-02-02,1847.1,0.9785861991754139,1.1692028060789308
2021-02-03,1834.7,1.0,1.1613286461642094
2021-02-04,1811.55,1.0,1.1466751561338493
2021-02-05,1808.55,1.0,1.144776215741146
2021-02-08,1811.65,1.0,1.1467384541469394
2021-02-09,1846.55,1.0,1.1688294607153868
2021-02-10,1843.45,1.0,1.1668672223095935
2021-02-11,1841.7,1.0,1.1657595070805167
2021-02-12,1818.0,1.0,1.150757877978161
2021-02-15,1817.45,1.0,1.1504097389061656
2021-02-16,1823.45,1.0,1.154207619691572
2021-02-17,1788.85,1.0,1.1323065071623948
2021-02-18,1782.8,0.0,1.1311742006552323
2021-02-19,1773.75,0.0,1.1311742006552323
2021-02-22,1798.8,0.0,1.1311742006552323
2021-02-23,1809.5,0.0,1.1311742006552323
2021-02-24,1807.25,0.0,1.1311742006552323
2021-02-25,1792.1,0.0,1.1311742006552323
2021-02-26,1765.1,0.0,1.1311742006552323
2021-03-01,1746.95,0.0,1.1311742006552323
2021-03-02,1728.5,0.0,1.1311742006552323
2021-03-03,1727.05,0.0,1.1311742006552323
2021-03-04,1710.05,0.0,1.1311742006552323
2021-03-05,1696.05,0.0,1.1311742006552323
2021-03-08,1694.45,0.0,1.1311742006552323
2021-03-09,1702.85,0.0,1.1311742006552323
2021-03-10,1711.5,0.0,1.1311742006552323
2021-03-11,1736.35,0.0,1.1311742006552323
2021-03-12,1703.85,0.0,1.1311742006552323
2021-03-15,1727.9,0.0,1.1311742006552323
2021-03-16,1732.3,0.0,1.1311742006552323
2021-03-17,1736.95,0.0,1.1311742006552323
2021-03-18,1734.1,0.0,1.1311742006552323
2021-03-19,1737.2,0.0,1.1311742006552323
2021-03-22,1733.4,0.0,1.1311742006552323
2021-03-23,1739.25,0.0,1.1311742006552323
2021-03-24,1734.05,0.0,1.1311742006552323
2021-03-25,1729.2,0.0,1.1311742006552323
2021-03-26,1727.85,0.0,1.1311742006552323
2021-03-29,1723.95,0.0,1.1311742006552323
2021-03-30,1696.7,0.0,1.1311742006552323
2021-03-31,1685.35,0.0,1.1311742006552323
2021-04-01,1712.85,0.0,1.1311742006552323
2021-04-06,1731.05,0.0,1.1311742006552323
2021-04-07,1736.0,0.0,1.1311742006552323
2021-04-08,1743.7,0.0,1.1311742006552323
2021-04-09,1747.95,0.0,1.1311742006552323
2021-04-12,1741.55,0.0,1.1311742006552323
2021-04-13,1728.1,0.0,1.1311742006552323
2021-04-14,1743.3,0.0,1.1311742006552323
2021-04-15,1748.0,0.0,1.1311742006552323
2021-04-16,1766.45,0.0,1.1311742006552323
2021-04-19,1788.4,0.0,1.1311742006552323
2021-04-20,1765.5,0.0,1.1311742006552323
2021-04-21,1781.05,0.0,1.1311742006552323
2021-04-22,1785.65,0.0,1.1311742006552323
2021-04-23,1785.3,0.0,1.1311742006552323
2021-04-26,1779.65,0.0,1.1311742006552323
2021-04-27,1780.9,0.0,1.1311742006552323
2021-04-28,1764.15,0.0,1.1311742006552323
2021-04-29,1774.65,0.0,1.1311742006552323
2021-04-30,1768.8,0.0,1.1311742006552323
2021-05-04,1784.95,0.0,1.1311742006552323
2021-05-05,1778.05,0.0,1.1311742006552323
2021-05-06,1793.15,0.0,1.1311742006552323
2021-05-07,1820.5,0.0,1.1311742006552323
2021-05-10,1834.15,0.0,1.1311742006552323
2021-05-11,1837.15,0.0,1.1311742006552323
2021-05-12,1833.6,0.3,1.130179104158747
2021-05-13,1814.3,0.3,1.1266103121577222
2021-05-14,1833.5,0.3,1.1301870499618496
2021-05-17,1848.45,0.3,1.1329516471361496
2021-05-18,1867.4,0.3,1.1364360963308637
2021-05-19,1860.0,0.55,1.1336751238002658
2021-05-20,1869.35,0.55,1.1368094917164715
2021-05-21,1877.65,0.3,1.1380395352762858
2021-05-25,1882.8,1.0,1.1403643112746267
2021-05-26,1904.3,1.0,1.1533863171660672
2021-05-27,1895.05,1.0,1.1477838262592845
2021-05-28,1892.45,1.0,1.1462090720584592
2021-06-01,1907.7,1.0,1.1554456111209928
2021-06-02,1895.9,1.0,1.148298649748016
2021-06-04,1869.55,1.0,1.1323391215973433
2021-06-07,1882.05,1.0,1.1399100552551575
2021-06-08,1892.05,1.0,1.145966802181409
2021-06-09,1890.45,1.0,1.1449977226732087
2021-06-10,1882.0,1.0,1.1398797715205262
2021-06-11,1891.95,1.0,1.1459062347121465
2021-06-14,1859.75,1.0,1.1264035096096165
2021-06-15,1863.85,1.0,1.1288867758493797
2021-06-16,1858.1,1.0,1.1254041463667852
2021-06-17,1806.75,1.0,1.0943027509004841
2021-06-18,1792.35,0.0,1.0932084481495836
2021-06-21,1782.45,0.0,1.0932084481495836
2021-06-22,1779.1,0.0,1.0932084481495836
2021-06-23,1782.9,0.0,1.0932084481495836
2021-06-24,1780.2,0.0,1.0932084481495836
2021-06-25,1783.25,0.0,1.0932084481495836
2021-06-28,1774.25,0.0,1.0932084481495836
2021-06-29,1769.6,0.0,1.0932084481495836
2021-06-30,1757.8,0.0,1.0932084481495836
2021-07-01,1774.0,0.0,1.0932084481495836
2021-07-02,1783.5,0.0,1.0932084481495836
2021-07-05,1790.95,0.0,1.0932084481495836
2021-07-06,1807.8,0.0,1.0932084481495836
2021-07-07,1804.25,0.0,1.0932084481495836
2021-07-08,1810.25,0.0,1.0932084481495836
2021-07-09,1803.4,0.0,1.0932084481495836
2021-07-12,1802.95,0.0,1.0932084481495836
2021-07-13,1807.85,0.0,1.0932084481495836
2021-07-14,1813.05,0.0,1.0932084481495836
2021-07-15,1832.0,0.0,1.0932084481495836
2021-07-16,1822.0,0.0,1.0932084481495836
2021-07-19,1803.25,0.0,1.0932084481495836
2021-07-20,1815.3,0.0,1.0932084481495836
2021-07-21,1805.9,0.0,1.0932084481495836
2021-07-22,1797.4,0.0,1.0932084481495836
2021-07-23,1803.05,0.0,1.0932084481495836
2021-07-26,1808.15,0.0,1.0932084481495836
2021-07-27,1797.15,0.0,1.0932084481495836
2021-07-28,1799.3,0.0,1.0932084481495836
2021-07-29,1819.45,0.0,1.0932084481495836
2021-07-30,1828.25,0.0,1.0932084481495836
2021-08-02,1807.55,0.0,1.0932084481495836
2021-08-03,1809.7,0.0,1.0932084481495836
2021-08-04,1812.45,0.0,1.0932084481495836
2021-08-05,1811.2,0.0,1.0932084481495836
2021-08-06,1799.45,0.0,1.0932084481495836
2021-08-09,1741.5,0.0,1.0932084481495836
2021-08-10,1729.55,0.0,1.0932084481495836
2021-08-11,1734.05,0.0,1.0932084481495836
2021-08-12,1755.5,0.0,1.0932084481495836
2021-08-13,1757.65,0.0,1.0932084481495836
2021-08-16,1775.75,0.0,1.0932084481495836
2021-08-17,1794.05,0.0,1.0932084481495836
2021-08-18,1788.1,0.0,1.0932084481495836
2021-08-19,1788.2,0.0,1.0932084481495836
2021-08-20,1782.95,0.0,1.0932084481495836
2021-08-23,1786.9,0.0,1.0932084481495836
2021-08-24,1802.95,0.0,1.0932084481495836
2021-08-25,1794.7,0.0,1.0932084481495836
2021-08-26,1783.8,0.0,1.0932084481495836
2021-08-27,1795.5,0.0,1.0932084481495836
2021-08-30,1798.5,0.0,1.0932084481495836
2021-08-31,1814.3,0.0,1.0932084481495836
2021-09-01,1811.8,0.0,1.0932084481495836
2021-09-02,1815.15,0.0,1.0932084481495836
2021-09-03,1812.05,0.0,1.0932084481495836
2021-09-06,1823.85,0.0,1.0932084481495836
2021-09-07,1810.75,0.0,1.0932084481495836
2021-09-08,1797.95,0.0,1.0932084481495836
2021-09-09,1795.35,0.0,1.0932084481495836
2021-09-10,1799.9,0.0,1.0932084481495836
2021-09-13,1787.85,0.0,1.0932084481495836
2021-09-14,1788.65,0.0,1.0932084481495836
2021-09-15,1801.4,0.0,1.0932084481495836
2021-09-16,1781.45,0.0,1.0932084481495836
2021-09-17,1766.1,0.0,1.0932084481495836
2021-09-20,1757.15,0.0,1.0932084481495836
2021-09-21,1766.45,0.0,1.0932084481495836
2021-09-22,1775.35,0.0,1.0932084481495836
2021-09-23,1771.05,0.0,1.0932084481495836
2021-09-24,1755.15,0.0,1.0932084481495836
2021-09-27,1749.15,0.0,1.0932084481495836
2021-09-28,1739.65,0.0,1.0932084481495836
2021-09-29,1741.65,0.0,1.0932084481495836
2021-09-30,1730.95,0.0,1.0932084481495836
2021-10-01,1755.6,0.0,1.0932084481495836
2021-10-04,1751.85,0.0,1.0932084481495836
2021-10-05,1758.0,0.0,1.0932084481495836
2021-10-06,1748.25,0.0,1.0932084481495836
2021-10-07,1758.55,0.0,1.0932084481495836
2021-10-08,1757.5,0.0,1.0932084481495836
2021-10-11,1752.55,0.0,1.0932084481495836
2021-10-12,1759.1,0.0,1.0932084481495836
2021-10-13,1767.45,0.0,1.0932084481495836
2021-10-14,1797.15,0.0,1.0932084481495836
2021-10-15,1781.45,0.0,1.0932084481495836
2021-10-18,1762.45,0.0,1.0932084481495836
2021-10-19,1779.4,0.0,1.0932084481495836
2021-10-20,1778.15,0.0,1.0932084481495836
2021-10-21,1785.3,0.0,1.0932084481495836
2021-10-22,1792.3,0.0,1.0932084481495836
2021-10-25,1799.2,0.0,1.0932084481495836
2021-10-26,1801.9,0.0,1.0932084481495836
2021-10-27,1783.85,0.0,1.0932084481495836
2021-10-28,1798.2,0.0,1.0932084481495836
2021-10-29,1796.3,0.0,1.0932084481495836
2021-11-02,1791.5,0.0,1.0932084481495836
2021-11-03,1781.85,0.0,1.0932084481495836
2021-11-04,1778.1,0.0,1.0932084481495836
2021-11-05,1793.2,0.0,1.0932084481495836
2021-11-08,1818.0,0.0,1.0932084481495836
2021-11-09,1824.4,0.55,1.094723846725041
2021-11-10,1824.95,0.55,1.0949053606274934
2021-11-11,1859.25,0.55,1.1062236924328785
2021-11-12,1850.0,0.55,1.1031967121799529
2021-11-15,1863.8,0.55,1.1077228003126263
2021-11-16,1872.25,0.55,1.1104849752855057
2021-11-17,1858.45,0.55,1.1059831293982487
2021-11-18,1860.5,0.55,1.106654116499541
2021-11-19,1861.4,0.55,1.1069485501397813
2021-11-22,1841.1,0.3,1.1030501751649457
2021-11-23,1797.3,0.0,1.1027192601123963
2021-11-24,1790.8,0.0,1.1027192601123963
2021-11-25,1790.65,0.0,1.1027192601123963
2021-11-26,1809.8,0.0,1.1027192601123963
2021-11-29,1795.0,0.3,1.0996831324132117
2021-11-30,1797.6,0.3,1.1001609891504163
2021-12-01,1786.8,0.3,1.098178055458356
2021-12-02,1775.7,0.3,1.0961314173764911
2021-12-03,1773.5,0.3,1.0957240024215615
2021-12-06,1781.25,0.3,1.0971604604455987
2021-12-07,1779.65,0.3,1.0968648045741523
2021-12-08,1789.8,0.0,1.09653574513278
2021-12-09,1783.4,0.0,1.09653574513278
2021-12-10,1771.9,0.0,1.09653574513278
2021-12-13,1784.45,0.0,1.09653574513278
2021-12-14,1782.35,0.0,1.09653574513278
2021-12-15,1769.4,0.0,1.09653574513278
2021-12-16,1785.15,0.0,1.09653574513278
2021-12-17,1807.5,0.0,1.09653574513278
2021-12-20,1797.4,0.3,1.094368608305366
2021-12-21,1795.85,0.3,1.0940854874625587
2021-12-22,1789.9,0.3,1.0929980121193392
2021-12-23,1805.55,0.3,1.095865002267895
2021-12-24,1786.05,0.55,1.089081577874755
2021-12-29,1796.35,0.55,1.0925359308540448
2021-12-30,1799.25,0.55,1.093506006178849
2021-12-31,1820.1,0.55,1.1004754546300684
2022-01-04,1809.05,0.55,1.0968008545666024
2022-01-05,1818.5,0.55,1.0999520236562406
2022-01-06,1804.95,0.3,1.0972182482012407
2022-01-07,1792.2,0.3,1.0948930537086676
2022-01-10,1800.55,0.0,1.094564585792555
2022-01-11,1805.2,0.3,1.0950842448510072
2022-01-12,1816.4,0.3,1.0971225137756135
2022-01-13,1822.4,0.3,1.0982097305366771
2022-01-14,1822.25,0.3,1.0981826127590903
2022-01-17,1820.05,0.3,1.0977848624370046
2022-01-18,1810.8,0.3,1.0961110880938476
2022-01-19,1817.5,0.3,1.097327778665456
2022-01-20,1836.7,0.3,1.1008054171827122
2022-01-21,1834.25,0.3,1.1003649032274503
2022-01-24,1838.25,0.0,1.100034793756482
2022-01-25,1835.65,0.0,1.100034793756482
2022-01-26,1845.2,0.0,1.100034793756482
2022-01-27,1815.5,0.0,1.100034793756482
2022-01-28,1790.2,0.0,1.100034793756482
2022-01-31,1790.6,0.0,1.100034793756482
2022-02-01,1806.5,0.0,1.100034793756482
2022-02-02,1802.0,0.0,1.100034793756482
2022-02-03,1803.75,0.3,1.1000252707027736
2022-02-04,1814.55,0.3,1.1020011996713541
2022-02-07,1811.15,0.3,1.1013817396268997
2022-02-08,1821.0,0.3,1.1031787100824653
2022-02-09,1828.1,0.3,1.1044690838619686
2022-02-10,1832.3,0.3,1.1052303283484113
2022-02-11,1826.25,0.3,1.1041355332570222
2022-02-14,1855.8,0.0,1.103804292597045
2022-02-15,1855.1,0.0,1.103804292597045
2022-02-16,1854.4,0.3,1.1033481990687153
2022-02-17,1886.55,0.55,1.1135932607085688
2022-02-18,1886.95,0.55,1.1137231223699908
2022-02-21,1895.45,0.55,1.116482419435138
2022-02-22,1895.0,0.55,1.1163366337911957
2022-02-23,1895.7,0.55,1.1165634356930476
2022-02-24,1968.35,0.55,1.1400983217413174
2022-02-25,1912.15,0.26989259827456397,1.1309934558092953
2022-02-28,1903.3,0.232425628292223,1.1297344315892786
2022-03-01,1920.45,0.0,1.129471852354213
2022-03-02,1926.0,0.0,1.129471852354213
2022-03-03,1935.4,0.0,1.129471852354213
2022-03-04,1943.8,0.0,1.129471852354213
2022-03-07,1999.25,0.0,1.129471852354213
2022-03-08,2007.0,0.0,1.129471852354213
2022-03-09,2017.15,0.21224865524675354,1.1304445042149542
2022-03-10,1997.65,0.21224865524675354,1.128125024327941
2022-03-11,1991.45,0.21224865524675354,1.1273818777707083
2022-03-14,1961.6,0.37829110642149627,1.1208021643182706
2022-03-15,1928.75,0.37829110642149627,1.1137018101311669
2022-03-16,1918.75,0.37829110642149627,1.111517475769647
2022-03-17,1941.4,0.37829110642149627,1.1164810239285845
2022-03-18,1932.9,0.19440640551185698,1.1153254090168356
2022-03-21,1925.05,0.1936372401757552,1.1144474478347168
2022-03-22,1929.35,0.19328421922626765,1.1149282065636976
2022-03-23,1932.15,0.1932772289787497,1.115240932414031
2022-03-24,1945.9,0.19328320635294197,1.1167749233515267
2022-03-25,1956.65,0.2384202978776035,1.118195461705871
2022-03-28,1927.0,0.28515477420308766,1.113311392596349
2022-03-29,1911.05,0.2692821465310947,1.1108122848022055
2022-03-30,1917.8,0.26956463673647896,1.111869604792523
2022-03-31,1924.1,0.2692859572811688,1.1128528638635038
2022-04-01,1933.35,0.27016438210100946,1.1142972592899714
2022-04-04,1927.1,0.2698750110888854,1.1133247868678982
2022-04-05,1929.45,0.3,1.113698540781346
2022-04-06,1929.0,0.3,1.1136206173819287
2022-04-07,1926.4,0.3,1.1131703197761444
2022-04-08,1931.2,0.3,1.1140024238357777
2022-04-11,1956.85,0.3,1.118441243559999
2022-04-12,1951.4,0.3,1.11750675628033
2022-04-13,1975.25,0.3,1.121604204697459
2022-04-14,1970.6,0.3,1.1208120832619177
2022-04-19,1975.95,0.3,1.121724954160951
2022-04-20,1947.55,0.3,1.1168882444216097
2022-04-21,1945.95,0.3,1.1166129722297162
2022-04-22,1942.0,0.3,1.1159330028717716
2022-04-25,1918.7,0.0,1.11559822297091
2022-04-26,1903.4,0.0,1.11559822297091
2022-04-27,1896.15,0.0,1.11559822297091
2022-04-28,1890.0,0.0,1.11559822297091
2022-04-29,1915.45,0.0,1.11559822297091
2022-05-03,1857.9,0.0,1.11559822297091
2022-05-04,1868.7,0.0,1.11559822297091
2022-05-05,1895.2,0.0,1.11559822297091
2022-05-06,1884.3,0.0,1.11559822297091
2022-05-09,1865.4,0.0,1.11559822297091
2022-05-10,1862.25,0.0,1.11559822297091
2022-05-11,1851.75,0.0,1.11559822297091
2022-05-12,1850.75,0.0,1.11559822297091
2022-05-13,1824.2,0.0,1.11559822297091
2022-05-16,1805.8,0.0,1.11559822297091
2022-05-17,1828.05,0.0,1.11559822297091
2022-05-18,1818.5,0.0,1.11559822297091
2022-05-19,1825.55,0.0,1.11559822297091
2022-05-20,1846.3,0.0,1.11559822297091
2022-05-23,1864.3,0.0,1.11559822297091
2022-05-24,1858.6,0.2539414876772994,1.114448761500669
2022-05-25,1859.05,0.25966332346120913,1.1145124491902816
2022-05-26,1845.15,0.26208847297166227,1.1123257265164133
2022-05-27,1858.95,0.26208847297166227,1.1145060820242663
2022-05-30,1857.25,0.26208847297166227,1.114238958844426
2022-05-31,1854.4,0.2690030441490322,1.113771304991286
2022-06-01,1829.7,0.3,1.109286260887848
2022-06-06,1851.5,0.046058512322700584,1.1096133047098904
2022-06-07,1846.8,0.3,1.1084865077325161
2022-06-08,1848.35,0.3,1.1087656100858276
2022-06-09,1849.25,0.3,1.1089275743862703
2022-06-10,1843.35,0.3,1.1078661701377026
2022-06-13,1855.95,0.3,1.1101379764268613
2022-06-14,1823.65,0.3,1.1043418951792112
2022-06-15,1823.15,0.2539414876772994,1.1042141415673585
2022-06-16,1831.55,0.0,1.1039337357855346
2022-06-17,1849.85,0.0,1.1039337357855346
2022-06-20,1841.2,0.3,1.102053939266516
2022-06-21,1836.5,0.3,1.1012099809489158
2022-06-22,1827.3,0.3,1.0995550179500488
2022-06-23,1831.4,0.3,1.1002951551317262
2022-06-24,1826.5,0.3,1.0994119871301733
2022-06-27,1838.05,0.3,1.1014976496187614
2022-06-28,1827.0,0.3,1.0995110525683622
2022-06-29,1811.85,0.0,1.0991811992525917
2022-06-30,1813.6,0.0,1.0991811992525917
2022-07-01,1795.65,0.0,1.0991811992525917
2022-07-04,1807.05,0.0,1.0991811992525917
2022-07-05,1804.4,0.0,1.0991811992525917
2022-07-06,1766.65,0.0,1.0991811992525917
2022-07-07,1743.45,0.0,1.0991811992525917
2022-07-08,1737.05,0.0,1.0991811992525917
2022-07-11,1737.4,0.0,1.0991811992525917
2022-07-12,1734.35,0.0,1.0991811992525917
2022-07-13,1728.9,0.0,1.0991811992525917
2022-07-14,1716.15,0.0,1.0991811992525917
2022-07-15,1702.55,0.0,1.0991811992525917
2022-07-18,1723.65,0.0,1.0991811992525917
2022-07-19,1712.95,0.0,1.0991811992525917
2022-07-21,1686.55,0.0,1.0991811992525917
2022-07-22,1725.0,0.0,1.0991811992525917
2022-07-25,1731.95,0.0,1.0991811992525917
2022-07-26,1719.85,0.0,1.0991811992525917
2022-07-27,1723.95,0.0,1.0991811992525917
2022-07-28,1746.6,0.0,1.0991811992525917
2022-07-29,1758.9,0.0,1.0991811992525917
2022-08-01,1766.75,0.0,1.0991811992525917
2022-08-02,1772.9,0.0,1.0991811992525917
2022-08-03,1766.6,0.0,1.0991811992525917
2022-08-04,1777.9,0.0,1.0991811992525917
2022-08-05,1786.75,0.0,1.0991811992525917
2022-08-08,1775.7,0.0,1.0991811992525917
2022-08-09,1790.6,0.0,1.0991811992525917
2022-08-10,1793.5,0.0,1.0991811992525917
2022-08-11,1789.7,0.0,1.0991811992525917
2022-08-12,1788.45,0.0,1.0991811992525917
2022-08-15,1781.45,0.0,1.0991811992525917
2022-08-16,1776.15,0.0,1.0991811992525917
2022-08-17,1773.65,0.0,1.0991811992525917
2022-08-18,1765.6,0.0,1.0991811992525917
2022-08-19,1752.9,0.0,1.0991811992525917
2022-08-22,1732.8,0.0,1.0991811992525917
2022-08-23,1739.45,0.0,1.0991811992525917
2022-08-24,1752.0,0.0,1.0991811992525917
2022-08-25,1762.4,0.0,1.0991811992525917
2022-08-26,1752.1,0.0,1.0991811992525917
2022-08-30,1734.0,0.0,1.0991811992525917
2022-08-31,1712.4,0.0,1.0991811992525917
2022-09-01,1706.0,0.0,1.0991811992525917
2022-09-02,1706.9,0.0,1.0991811992525917
2022-09-05,1711.95,0.0,1.0991811992525917
2022-09-06,1712.5,0.0,1.0991811992525917
2022-09-07,1705.05,0.0,1.0991811992525917
2022-09-08,1720.25,0.0,1.0991811992525917
2022-09-09,1726.95,0.0,1.0991811992525917
2022-09-12,1726.5,0.0,1.0991811992525917
2022-09-13,1727.05,0.0,1.0991811992525917
2022-09-14,1703.8,0.0,1.0991811992525917
2022-09-15,1689.0,0.0,1.0991811992525917
2022-09-16,1664.3,0.0,1.0991811992525917
2022-09-20,1667.9,0.0,1.0991811992525917
2022-09-21,1674.45,0.0,1.0991811992525917
2022-09-22,1671.85,0.0,1.0991811992525917
2022-09-23,1661.45,0.0,1.0991811992525917
2022-09-26,1643.35,0.0,1.0991811992525917
2022-09-27,1632.6,0.0,1.0991811992525917
2022-09-28,1618.2,0.0,1.0991811992525917
2022-09-29,1646.6,0.0,1.0991811992525917
2022-09-30,1672.75,0.0,1.0991811992525917
2022-10-04,1709.15,0.0,1.0991811992525917
2022-10-05,1712.15,0.0,1.0991811992525917
2022-10-06,1716.0,0.0,1.0991811992525917
2022-10-07,1711.5,0.0,1.0991811992525917
2022-10-10,1680.05,0.0,1.0991811992525917
2022-10-11,1664.15,0.0,1.0991811992525917
2022-10-12,1672.3,0.0,1.0991811992525917
2022-10-13,1676.4,0.0,1.0991811992525917
2022-10-14,1655.15,0.0,1.0991811992525917
2022-10-17,1658.0,0.0,1.0991811992525917
2022-10-18,1652.25,0.0,1.0991811992525917
2022-10-19,1640.7,0.0,1.0991811992525917
2022-10-20,1633.2,0.0,1.0991811992525917
2022-10-21,1624.55,0.0,1.0991811992525917
2022-10-24,1646.35,0.0,1.0991811992525917
2022-10-25,1642.85,0.0,1.0991811992525917
2022-10-26,1670.8,0.0,1.0991811992525917
2022-10-27,1663.3,0.0,1.0991811992525917
2022-10-28,1649.25,0.0,1.0991811992525917
2022-10-31,1638.85,0.0,1.0991811992525917
2022-11-01,1652.55,0.0,1.0991811992525917
2022-11-02,1656.45,0.0,1.0991811992525917
2022-11-03,1620.65,0.0,1.0991811992525917
2022-11-04,1648.8,0.0,1.0991811992525917
2022-11-07,1679.9,0.0,1.0991811992525917
2022-11-08,1670.8,0.0,1.0991811992525917
2022-11-09,1705.15,0.0,1.0991811992525917
2022-11-10,1705.65,0.0,1.0991811992525917
2022-11-11,1764.75,0.0,1.0991811992525917
2022-11-14,1757.35,0.0,1.0991811992525917
2022-11-15,1775.1,0.0,1.0991811992525917
2022-11-16,1783.2,0.0,1.0991811992525917
2022-11-17,1764.55,0.0,1.0991811992525917
2022-11-18,1764.75,0.0,1.0991811992525917
2022-11-21,1739.65,0.0,1.0991811992525917
2022-11-22,1747.0,0.0,1.0991811992525917
2022-11-23,1735.75,0.0,1.0991811992525917
2022-11-24,1755.25,0.0,1.0991811992525917
2022-11-25,1753.55,0.0,1.0991811992525917
2022-11-28,1762.9,0.0,1.0991811992525917
2022-11-29,1755.35,0.0,1.0991811992525917
2022-11-30,1759.65,0.0,1.0991811992525917
2022-12-01,1779.6,0.0,1.0991811992525917
2022-12-02,1800.75,0.0,1.0991811992525917
2022-12-05,1794.35,0.0,1.0991811992525917
2022-12-06,1773.35,0.0,1.0991811992525917
2022-12-07,1771.85,0.0,1.0991811992525917
2022-12-08,1782.45,0.0,1.0991811992525917
2022-12-09,1793.0,0.0,1.0991811992525917
2022-12-12,1790.6,0.0,1.0991811992525917
2022-12-13,1785.15,0.0,1.0991811992525917
2022-12-14,1808.2,0.0,1.0991811992525917
2022-12-15,1775.95,0.55,1.0877942546578503
2022-12-16,1780.15,0.55,1.089209162019127
2022-12-19,1796.5,0.55,1.0947113463235154
2022-12-20,1806.35,0.55,1.0980125423817997
2022-12-21,1813.5,1.0,1.1018646540699337
2022-12-22,1815.2,1.0,1.1028975572471706
2022-12-23,1797.4,1.0,1.0920824533913973
2022-12-28,1802.65,0.44999999999999996,1.0929172396633389
2022-12-29,1805.4,1.0,1.0939834152464696
2022-12-30,1812.35,1.0,1.098194772694106
2023-01-03,1835.05,1.0,1.1119498538540122
2023-01-04,1857.55,0.55,1.1189481164794184
2023-01-05,1850.25,0.55,1.1165295669449968
2023-01-06,1834.5,1.0,1.1065228234490143
2023-01-09,1873.8,1.0,1.130227564229361
2023-01-10,1875.2,1.0,1.131072007921282
2023-01-11,1884.25,1.0,1.136530733215484
2023-01-12,1883.1,1.0,1.1358370830399775
2023-01-13,1904.05,1.0,1.148473579715506
2023-01-16,1915.1,1.0,1.1551386531410233
2023-01-17,1904.95,1.0,1.149016436374598
2023-01-18,1911.55,1.0,1.1529973852079385
2023-01-19,1907.5,1.0,1.1505545302420248
2023-01-20,1938.75,1.0,1.1694037197938274
2023-01-23,1927.2,1.0,1.1624370593354811
2023-01-24,1936.5,1.0,1.1680465781460976
2023-01-25,1925.8,1.0,1.1615926156435603
2023-01-26,1936.45,1.0,1.1680164194428146
2023-01-27,1928.25,1.0,1.1630703921044216
2023-01-30,1926.75,1.0,1.1621656310059352
2023-01-31,1905.2,1.0,1.149167229891012
2023-02-01,1925.6,1.0,1.1614719808304288
2023-02-02,1954.9,1.0,1.179144980954199
2023-02-03,1910.0,1.0,1.152062465406169
2023-02-06,1873.5,0.9197862616826082,1.1317201746757195
2023-02-07,1873.8,0.921669477225545,1.1318850685334823
2023-02-08,1880.75,0.92178496966873,1.1357547823886616
2023-02-09,1882.1,0.9240018390724989,1.136505550935958
2023-02-10,1864.1,0.923962531799549,1.1264626850354345
2023-02-13,1858.5,0.9364743521263448,1.1232795232291275
2023-02-14,1860.5,0.5213440839637477,1.1234434178193342
2023-02-15,1835.45,0.9505335564627581,1.108583306200158
2023-02-16,1837.3,0.9223266875129839,1.1095826178878232
2023-02-17,1824.5,0.9203869421897951,1.1024657099519553
2023-02-20,1844.2,0.55,1.1086044885973272
2023-02-21,1833.2,0.5284479630515682,1.1050862690378371
2023-02-22,1833.45,0.4291894724990104,1.1050412606459288
2023-02-23,1826.95,0.4291894724990104,1.1033598575575703
2023-02-24,1824.1,0.5446136870407815,1.1022951053138927
2023-02-27,1809.05,0.29710857324587564,1.099320184737568
2023-02-28,1810.2,0.1154242145417711,1.0992011173459415
2023-03-01,1833.5,0.3,1.1032427435401029
2023-03-02,1831.75,0.3,1.1029268436544424
2023-03-03,1845.55,0.55,1.107221175949718
2023-03-06,1851.7,0.55,1.1092504764984161
2023-03-07,1843.05,0.55,1.10640052286557
2023-03-08,1813.35,0.43457578545822895,1.0985246815790457
2023-03-09,1817.5,0.43457578545822895,1.099617232790517
2023-03-10,1834.95,0.3,1.102636511577963
2023-03-13,1882.1,0.25000000000000006,1.1096645852240454
2023-03-14,1901.45,0.2968870313550249,1.1129996033806513
2023-03-15,1906.0,0.2896298816589827,1.1137628999393783
2023-03-16,1919.4,0.55,1.1177795371538424
2023-03-17,1930.9,1.0,1.123973662900244
2023-03-20,1981.95,0.7572571496960422,1.1462035704189188
2023-03-21,1965.95,0.9162408600298143,1.1375432394796905
2023-03-22,1941.85,0.9162408600298143,1.1247664381037177
2023-03-23,1977.55,0.8693538286747895,1.142690462651841
2023-03-24,1996.15,0.8693538286747895,1.1520339853510173
2023-03-27,1960.25,0.8303255217428587,1.1347855970210927
2023-03-28,1949.85,0.7783264513241048,1.1300406410417174
2023-03-29,1965.85,0.7681628997865353,1.1371522087329229
2023-03-30,1968.1,0.7768617685281722,1.1381534176781551
2023-03-31,1978.8,0.7789109007108295,1.1429708431413668
2023-04-03,1963.1,0.780593931585917,1.135890145059763
2023-04-04,1982.25,0.7635421918552439,1.1443312702618418
2023-04-05,2022.3,0.7666523408867244,1.162053041071573
2023-04-06,2017.25,0.7928464303063442,1.1597218977506247
2023-04-11,2001.5,0.7851979956029053,1.1526032851598988
2023-04-12,2008.9,0.42141964772882984,1.1539798459318928
2023-04-13,2027.1,0.8383916696642731,1.162263796321089
2023-04-14,2035.65,0.8411098786654849,1.166383969808233
2023-04-17,2009.8,0.8411127884146581,1.1539258261483814
2023-04-18,1999.3,0.445887230105448,1.1507817025270082
2023-04-19,1976.1,0.4391534659920958,1.1449096115449418
2023-04-20,1994.05,0.48721908799031105,1.1499215822254298
2023-04-21,1986.1,0.486562082017534,1.1476901451916972
2023-04-24,1986.15,0.2751161988835438,1.147455419784334
2023-04-25,1990.2,0.5485223073058239,1.1484251311458902
2023-04-26,1999.05,1.0,1.1530134473650522
2023-04-27,1997.65,1.0,1.1522059543927348
2023-04-28,1982.7,1.0,1.1435830830097742
2023-05-02,1980.9,0.7248838011164562,1.1425158866108212
2023-05-03,2016.9,0.7248838011164562,1.1575670680505739
2023-05-04,2036.05,1.0,1.1682394347438183
2023-05-05,2038.9,1.0,1.169874700277091
2023-05-09,2025.6,1.0,1.1622434611218184
2023-05-10,2029.6,0.55,1.1629827618005242
2023-05-11,2025.75,1.0,1.1602533278978147
2023-05-12,2006.65,1.0,1.1493137556096014
2023-05-15,2015.3,1.0,1.1542680645254677
2023-05-16,2009.9,1.0,1.1511752011560252
2023-05-17,1985.75,1.0,1.1373432288649072
2023-05-19,1965.55,1.0,1.125773628853289
2023-05-22,1981.2,0.55,1.1301969976559487
2023-05-23,1959.65,0.55,1.123435610660836
2023-05-24,1976.8,1.0,1.132761881910977
2023-05-25,1962.3,0.55,1.1276822402335627
2023-05-26,1953.5,0.55,1.1249008194300512
2023-05-30,1949.5,0.55,1.1236339743812944
2023-05-31,1959.0,1.0,1.128603857306017
2023-06-01,1958.75,1.0,1.1284598292486785
2023-06-02,1981.0,1.0,1.1412783263518225
2023-06-05,1942.5,1.0,1.1190980055216633
2023-06-06,1961.9,0.55,1.124741528906394
2023-06-07,1963.05,0.55,1.1251041360815983
2023-06-08,1947.25,1.0,1.115542213866912
2023-06-09,1963.55,1.0,1.1248801715436512
2023-06-12,1964.15,1.0,1.1252239000470896
2023-06-13,1964.0,0.55,1.1246702866228457
2023-06-14,1951.9,0.55,1.1208593493736223
2023-06-15,1934.65,0.55,1.1154112459476362
2023-06-16,1964.1,0.55,1.1247498207059836
2023-06-19,1954.35,0.55,1.1216789633598527
2023-06-20,1953.85,0.55,1.1215211299549233
2023-06-21,1935.25,0.55,1.1156490511569404
2023-06-22,1927.95,0.55,1.1133344504901557
2023-06-23,1919.35,0.29999999999999993,1.1115662427198711
2023-06-26,1930.55,0.29999999999999993,1.113512142412756
2023-06-27,1923.95,0.55,1.1111400350891478
2023-06-28,1909.85,0.55,1.106661285136126
2023-06-29,1904.05,0.3,1.1053763779968264
2023-06-30,1903.55,0.3,1.1052892970605592
2023-07-03,1913.75,0.3,1.107066074791118
2023-07-04,1929.75,0.3,1.1098427787278902
2023-07-05,1928.3,0.3,1.1095926004101047
2023-07-06,1919.15,0.3,1.108013057969548
2023-07-07,1915.65,0.3,1.1074068449529166
2023-07-10,1925.05,0.3,1.1090370421720157
2023-07-11,1936.2,0.55,1.1122927662943043
2023-07-12,1935.75,0.3,1.11193713937716
2023-07-13,1959.6,0.55,1.1191941340027018
2023-07-14,1956.5,0.55,1.1182203505782915
2023-07-17,1955.05,0.55,1.1177645464742352
2023-07-18,1961.95,0.55,1.1199342692198784
2023-07-19,1978.15,0.55,1.125020338864237
2023-07-20,1981.5,0.55,1.1260682118639374
2023-07-21,1963.8,0.55,1.120535900966892
2023-07-24,1964.75,0.55,1.120834037237518
2023-07-25,1963.1,0.55,1.1203163342784683
2023-07-26,1972.0,0.55,1.1231098488504683
2023-07-27,1975.2,0.55,1.124112218695284
2023-07-28,1950.15,0.3,1.119554305604414
2023-07-31,1955.55,0.55,1.1209794531983817
2023-08-01,1956.75,0.3,1.1209055710479512
2023-08-02,1949.7,0.3,1.119694013474032
2023-08-03,1936.9,0.3,1.1174887382974714
2023-08-04,1934.0,0.3,1.1169867943652505
2023-08-07,1936.9,0.25000000000000006,1.1173496706852608
2023-08-08,1934.8,0.55,1.1163481748709252
2023-08-09,1928.4,0.55,1.1143171920429609
2023-08-10,1920.1,0.3,1.1125997775405387
2023-08-11,1918.05,0.3,1.112243416484767
2023-08-14,1913.5,0.55,1.1105141999518298
2023-08-15,1904.1,0.55,1.1075137513426052
2023-08-16,1906.8,0.55,1.108377496902578
2023-08-17,1893.95,0.3,1.105859582699026
2023-08-18,1891.75,0.3,1.1054742149097065
2023-08-21,1890.1,0.3,1.1051849537830354
2023-08-22,1901.85,0.3,1.107246102379451
2023-08-23,1904.55,0.3,1.1077176797083295
2023-08-24,1920.7,0.3,1.1105356115862992
2023-08-25,1917.85,0.0,1.1102024509028234
2023-08-29,1923.5,0.0,1.1102024509028234
2023-08-30,1938.35,0.55,1.1143059432812363
2023-08-31,1944.2,0.55,1.1161555985924585
2023-09-01,1944.3,0.55,1.1161871738202758
2023-09-04,1942.05,0.55,1.115476747637278
2023-09-05,1931.8,0.55,1.112238674382313
2023-09-06,1923.45,0.55,1.1095945310382294
2023-09-07,1919.85,0.55,1.1084523140991585
2023-09-08,1925.55,0.3,1.1091624934951028
2023-09-11,1926.6,0.3,1.1093439409700843
2023-09-12,1918.9,0.3,1.108013833784555
2023-09-13,1912.15,0.3,1.1068445555452442
2023-09-14,1906.45,0.3,1.1058547251501483
2023-09-15,1918.7,0.3,1.1079864443743224
2023-09-18,1926.4,0.3,1.1093203937601068
2023-09-19,1935.0,0.3,1.1108060907160355
2023-09-20,1930.15,0.3,1.1099708334230165
2023-09-21,1923.4,0.3,1.1088063172259948
2023-09-22,1926.2,0.3,1.1092905624721576
2023-09-25,1922.55,0.3,1.108659956529936
2023-09-26,1912.3,0.3,1.1068867233935653
2023-09-27,1895.55,0.0,1.1065546573765472
2023-09-28,1874.1,0.0,1.1065546573765472
2023-09-29,1871.6,0.0,1.1065546573765472
2023-10-02,1831.85,0.0,1.1065546573765472
2023-10-04,1823.25,0.0,1.1065546573765472
2023-10-05,1822.75,0.0,1.1065546573765472
2023-10-06,1821.9,0.0,1.1065546573765472
2023-10-09,1852.3,0.0,1.1065546573765472
2023-10-10,1859.7,0.0,1.1065546573765472
2023-10-11,1870.0,0.0,1.1065546573765472
2023-10-12,1881.15,0.0,1.1065546573765472
2023-10-13,1887.0,0.0,1.1065546573765472
2023-10-16,1914.65,0.0,1.1065546573765472
2023-10-17,1923.45,0.0,1.1065546573765472
2023-10-18,1943.85,0.0,1.1065546573765472
2023-10-19,1948.65,0.0,1.1065546573765472
2023-10-20,1984.2,0.0,1.1065546573765472
2023-10-23,1980.95,0.0,1.1065546573765472
2023-10-24,1967.4,0.0,1.1065546573765472
2023-10-25,1970.15,0.2923274474722521,1.1066833310327382
2023-10-26,1991.45,0.2960682292602376,1.110221573929463
2023-10-27,1987.6,0.2994448663029906,1.1095751109709724
2023-10-30,1996.15,0.2994448663029906,1.1110043692120568
2023-10-31,1997.6,0.3,1.1112458619672063
2023-11-01,1982.5,0.3,1.1087258660948036
2023-11-02,1986.7,0.3,1.1094305291925486
2023-11-03,1988.5,0.3,1.1097320807533098
2023-11-06,1987.1,0.3,1.1094976892652955
2023-11-07,1967.8,0.3,1.1062648415873497
2023-11-08,1960.1,0.3,1.1049661975259275
2023-11-09,1946.75,0.3,1.1027084608690776
2023-11-10,1953.45,0.3,1.1038469963802358
2023-11-13,1937.45,0.3,1.1011346333391419
2023-11-14,1946.55,0.3,1.1026862075986148
2023-11-15,1973.4,0.3,1.1072492228831987
2023-11-16,1966.5,0.3,1.1060877726494052
2023-11-17,1992.15,0.3,1.110415942194555
2023-11-20,1976.05,0.3,1.1077237207248867
2023-11-21,1988.55,0.55,1.1113007411522033
2023-11-22,1999.9,0.55,1.1147893609388029
2023-11-23,1992.6,0.3,1.1132899082105707
2023-11-24,1995.2,0.3,1.113725703718151
2023-11-27,2011.7,0.55,1.118512960324119
2023-11-28,2014.0,0.55,1.119216305203977
2023-11-29,2037.6,0.55,1.1264295264758477
2023-11-30,2037.85,0.55,1.1265055394616597
2023-12-01,2044.55,0.55,1.128542575020173
2023-12-04,2066.95,0.55,1.1353429196066338
2023-12-05,2023.45,0.55,1.1222012957881629
2023-12-06,2021.4,0.55,1.1215759865583814
2023-12-07,2033.3,0.55,1.1252074869205186
2023-12-08,2030.0,0.55,1.1242030844276447
2023-12-11,1991.95,0.55,1.112613547457517
2023-12-12,1986.9,0.55,1.1110621610632485
2023-12-13,1981.55,0.55,1.1094167333069807
2023-12-14,2034.1,1.0,1.1383388322738164
2023-12-15,2043.65,0.8883682735284432,1.1429595930418195
2023-12-18,2020.95,0.9148035649594439,1.1313154790860385
2023-12-19,2026.0,0.9003426214416282,1.1338443510421123
2023-12-20,2036.35,0.9058785114023197,1.1390852342047246
2023-12-21,2034.3,0.9070458706894137,1.1380437761926745
2023-12-22,2055.6,0.9109662023330626,1.1488942149341965
2023-12-27,2061.7,0.8928501167247422,1.1519174377772734
2023-12-28,2077.8,0.9023562924710526,1.1600235671241481
2023-12-29,2062.4,0.8937360525765582,1.1523294663693835
2024-01-02,2074.9,0.9020433483926593,1.1586199029025959
2024-01-03,2054.05,0.8962263939600785,1.14817876033899
2024-01-04,2049.05,0.8744066795203843,1.1457098156380414
2024-01-05,2037.7,0.8980691637473055,1.1399833238545374
2024-01-08,2028.0,1.0,1.1344404972030107
2024-01-09,2038.15,0.9946141671195502,1.1400816040077484
2024-01-10,2036.25,0.9973173814432008,1.1390185686945276
2024-01-11,2031.85,0.9979061916533917,1.136561820336302
2024-01-12,2039.55,1.0,1.1408666118989346
2024-01-15,2053.85,1.0,1.1488656276377762
2024-01-16,2039.75,1.0,1.1409784862449324
2024-01-17,2027.55,1.0,1.1341541511390674
2024-01-18,2012.2,0.55,1.1289212859406232
2024-01-19,2029.5,1.0,1.1381192341125574
2024-01-22,2023.9,1.0,1.1349788213453584
2024-01-23,2026.85,1.0,1.1366331459280792
2024-01-24,2030.5,1.0,1.1386800221067
2024-01-25,2018.15,1.0,1.131754290379038
2024-01-26,2021.1,1.0,1.1334086149617588
2024-01-29,2027.35,1.0,1.1369135399251504
2024-01-30,2036.8,1.0,1.1422129864697987
2024-01-31,2037.9,1.0,1.1428298532633558
2024-02-01,2037.55,1.0,1.1426335774654057
2024-02-02,2054.2,1.0,1.1519706975678812
2024-02-05,2024.5,1.0,1.1353152941418438
2024-02-06,2025.05,1.0,1.1356237275386223
2024-02-07,2033.2,1.0,1.1401941496908852
2024-02-08,2037.05,1.0,1.1423531834683345
2024-02-09,2031.65,1.0,1.1393249282999642
2024-02-12,2021.0,1.0,1.1333525361623447
2024-02-13,2026.2,1.0,1.1362686337318866
2024-02-14,1990.8,0.55,1.1248387706007494
2024-02-15,1996.9,0.55,1.1267344075684838
2024-02-16,2005.4,0.55,1.1293722378831628
2024-02-19,2020.35,0.55,1.1340028667980895
2024-02-20,2026.8,0.55,1.1359940441534815
2024-02-21,2028.8,0.3,1.1360463375442056
2024-02-22,2030.9,0.3,1.1363991121856944
2024-02-23,2019.3,0.55,1.1325450550804803
2024-02-26,2035.15,0.55,1.137434354103738
2024-02-27,2036.0,0.55,1.1376956373312854
2024-02-28,2025.25,0.55,1.134391793787218
2024-02-29,2032.8,0.55,1.1367177100561732
2024-03-01,2050.3,0.55,1.1420998961833333
2024-03-04,2083.15,1.0,1.1598847277942717
2024-03-05,2126.25,1.0,1.1838825348499002
2024-03-06,2127.35,0.55,1.183686647877864
2024-03-07,2156.85,1.0,1.199568192525775
2024-03-08,2168.65,1.0,1.2061309598354184
2024-03-11,2178.45,1.0,1.2115813937027493
2024-03-12,2176.4,0.8999999999999999,1.210434107962846
2024-03-13,2160.85,0.44999999999999996,1.205997658952036
2024-03-14,2169.8,0.44999999999999996,1.2082454575365882
2024-03-15,2170.35,0.44999999999999996,1.2083832770364222
2024-03-18,2155.3,0.3,1.205688208179963
2024-03-19,2154.3,0.3,1.2055203863164385
2024-03-20,2153.4,0.3,1.205369297561713
2024-03-21,2210.65,0.3,1.2149830329037872
2024-03-22,2166.25,0.3,1.2076623018978485
2024-03-25,2168.35,0.27104365628849236,1.2079446509739427
2024-03-26,2193.45,0.2719554622425507,1.2117462241137746
2024-03-27,2192.05,0.26836551735586833,1.2115343163908454
2024-03-28,2207.0,0.2724891387134115,1.213780839671318
2024-04-02,2264.55,0.2720066992413811,1.2223894555973756
2024-04-03,2270.75,0.24670928884617008,1.223184199204339
2024-04-04,2292.5,0.2530437873344326,1.226141128599359
2024-04-05,2288.45,0.26714999874330514,1.2255451486054187
2024-04-08,2336.9,0.2659060738259956,1.2324430019055574
2024-04-09,2364.2,0.25443637353581194,1.2360921330261594
2024-04-10,2346.85,0.25157332300918656,1.23380651492501
2024-04-11,2331.75,0.24503690824589255,1.2318532237501765
2024-04-12,2394.8,0.2412398717523221,1.2398840140414913
2024-04-15,2347.15,0.014106211408872527,1.2392543899509436
2024-04-16,2369.0,0.0,1.2392369087665296
2024-04-17,2393.75,0.0,1.2392369087665296
2024-04-18,2379.85,0.0,1.2392369087665296
2024-04-19,2381.8,0.0,1.2392369087665296
2024-04-22,2361.45,0.0,1.2392369087665296
2024-04-23,2298.15,0.0,1.2392369087665296
2024-04-24,2312.3,0.0,1.2392369087665296
2024-04-25,2325.65,0.0,1.2392369087665296
2024-04-26,2349.8,0.0,1.2392369087665296
2024-04-29,2337.6,0.0,1.2392369087665296
2024-04-30,2314.8,0.20478323351641278,1.2365079162256025
2024-05-01,2288.5,0.21827694419627097,1.233424702393168
2024-05-02,2300.55,0.21827694419627097,1.234842311966234
2024-05-03,2301.1,0.21827694419627097,1.2349067512018652
2024-05-07,2315.0,0.21827694419627097,1.2365350021431862
2024-05-08,2308.55,0.2305726015743066,1.2357254281342511
2024-05-09,2308.7,0.23687191759806173,1.2357366629029007
2024-05-10,2371.05,0.23863122537376555,1.243698322113664
2024-05-13,2340.3,0.21305571260416886,1.2402300432379687
2024-05-14,2347.4,0.2337576777531269,1.2410839067274613
2024-05-15,2371.8,0.2506249593849357,1.2442961404054247
2024-05-16,2383.65,0.24954000910892732,1.2458461205316265
2024-05-17,2831.75,0.25394695751172386,1.3053163730447057
2024-05-20,2444.35,0.07500000000000001,1.291689670771645
2024-05-21,2417.05,0.07500000000000001,1.2906076920857348
2024-05-22,2414.25,0.07500000000000001,1.2904955605140511
2024-05-23,2361.8,0.07500000000000001,1.288392842522471
2024-05-24,2339.75,0.07500000000000001,1.2874907002312859
2024-05-28,2344.7,0.07500000000000001,1.2876949874083181
2024-05-29,2340.9,0.07500000000000001,1.287538467140731
2024-05-31,2342.9,0.07500000000000001,1.287620969926015
2024-06-03,2324.7,0.07500000000000001,1.2868707874069365
2024-06-04,2330.5,0.07500000000000001,1.2871115878510893
2024-06-05,2332.25,0.07500000000000001,1.2871840758991069
2024-06-06,2360.85,0.07500000000000001,1.2883679154715384
2024-06-07,2338.0,0.07500000000000001,1.287432684298385
2024-06-10,2297.65,0.07500000000000001,1.285766262929327
2024-06-11,2302.5,0.07500000000000001,1.285969817638765
2024-06-12,2314.9,0.07500000000000001,1.2864892321579415
2024-06-13,2316.35,0.07500000000000001,1.2865496691979852
2024-06-14,2316.9,0.07500000000000001,1.2865725803184354
2024-06-17,2320.7,0.07500000000000001,1.2867308405736861
2024-06-18,2312.05,0.07500000000000001,1.2863711359014656
2024-06-19,2328.6,0.09151654261843234,1.287192577222304
2024-06-20,2332.95,0.3,1.2876455906376345
2024-06-21,2364.0,0.3,1.2927869004285815
2024-06-24,2327.2,0.3,1.2867495199798795
2024-06-25,2332.4,0.3,1.2876120712222174
2024-06-26,2316.1,0.3,1.2849125243913666
2024-06-27,2310.55,0.3,1.283988825348531
2024-06-28,2327.6,0.3,1.2868312666900548
2024-07-01,2327.8,0.3,1.2868644381439136
2024-07-02,2329.0,0.3,1.287063454896956
2024-07-03,2342.55,0.3,1.289309875225061
2024-07-04,2357.2,0.3,1.2917288276067023
2024-07-05,2365.35,0.3,1.2930686702095777
2024-07-08,2371.65,0.3,1.2941018787354601
2024-07-09,2362.4,1.0,1.288148701798393
2024-07-10,2372.9,1.0,1.2938740494824783
2024-07-11,2383.55,1.0,1.299681187847765
2024-07-12,2404.15,1.0,1.3109137747327322
2024-07-15,2408.5,1.0,1.3132857044875677
2024-07-16,2439.35,1.0,1.3301073212546182
2024-07-17,2470.35,1.0,1.34701072870287
2024-07-18,2466.95,0.55,1.3453849167159786
2024-07-19,2415.8,0.55,1.3300424731441542
2024-07-22,2401.4,0.55,1.3256820391730881
2024-07-23,2404.45,1.0,1.3267692209993085
2024-07-24,2411.3,1.0,1.3305490330826728
2024-07-25,2371.25,0.55,1.3177955691321932
2024-07-26,2374.55,0.55,1.3188042350079867
2024-07-29,2392.1,0.55,1.3241651488141455
2024-07-30,2389.15,0.55,1.3232670015987487
2024-07-31,2419.6,0.55,1.3325428587484776
2024-08-01,2434.0,0.55,1.3369046290581519
2024-08-02,2461.75,0.55,1.345287746108686
2024-08-05,2421.75,0.55,1.3332652700593752
2024-08-06,2414.15,0.5284420562061094,1.3310254793307772
2024-08-07,2392.85,0.5294595820746032,1.3248063566815986
2024-08-08,2396.3,0.5183549137668254,1.3257817546821256
2024-08-09,2423.45,0.5204967448455071,1.3335973297753452
2024-08-12,2442.1,0.5135458048194532,1.3388585218852145
2024-08-13,2460.55,0.5072076479445475,1.3439804617502822
2024-08-14,2472.0,0.5204971080655468,1.347217852628476
2024-08-15,2456.25,0.9820974155098694,1.3381660363457717
2024-08-16,2462.15,0.9715956533502513,1.341275005003436
2024-08-19,2500.05,1.0,1.361883221237201
2024-08-20,2521.55,1.0,1.3735951827006114
2024-08-21,2507.65,1.0,1.366023263428918
2024-08-22,2505.1,1.0,1.3646341703251181
2024-08-23,2500.3,1.0,1.3620194068356126
2024-08-27,2510.3,1.0,1.3674668307720828
2024-08-28,2509.55,1.0,1.3670582739768475
2024-08-29,2517.05,1.0,1.3711438419292
2024-08-30,2524.15,1.0,1.3750115129240936
2024-09-02,2502.0,1.0,1.3629454689048124
2024-09-03,2503.25,1.0,1.3636263968968712
2024-09-04,2474.45,1.0,1.3479378159598372
2024-09-05,2516.85,1.0,1.3710348934504704
2024-09-06,2517.7,1.0,1.3714979244850702
2024-09-09,2496.65,1.0,1.360031097098801
2024-09-10,2502.35,1.0,1.3631361287425887
2024-09-11,2521.9,1.0,1.3737858425383878
2024-09-12,2516.55,1.0,1.3708714707323764
2024-09-13,2571.35,1.0,1.400723353904232
2024-09-16,2587.45,1.0,1.4094937064419488
2024-09-17,2575.5,0.55,1.4052791148918051
2024-09-18,2568.35,0.55,1.403133411098634
2024-09-19,2590.6,1.0,1.4146575555624206
2024-09-20,2606.45,1.0,1.4233128177625534
2024-09-23,2617.25,1.0,1.4292104096717921
2024-09-24,2628.55,1.0,1.435381038243496
2024-09-25,2653.8,1.0,1.4491693896979665
2024-09-26,2668.9,1.0,1.4574150969044024
2024-09-27,2660.55,1.0,1.4528553846412409
2024-09-30,2650.15,1.0,1.447176222061974
2024-10-01,2648.85,1.0,1.4464663267395654
2024-10-02,2655.1,1.0,1.4498792850203748
2024-10-03,2644.5,1.0,1.444090907776122
2024-10-04,2657.5,1.0,1.4511898610002059
2024-10-07,2651.6,1.0,1.4479680283831216
2024-10-08,2639.5,0.55,1.4436823247929431
2024-10-09,2617.55,1.0,1.4310270503839506
2024-10-10,2617.25,0.55,1.4302928819255094
2024-10-11,2637.05,0.55,1.4362441244450121
2024-10-14,2659.0,0.55,1.4428192963956246
2024-10-15,2653.25,1.0,1.4390499784628015
2024-10-16,2679.4,0.8999999999999999,1.4516708115194625
2024-10-17,2678.45,1.0,1.4510109444043686
2024-10-18,2711.6,0.55,1.4602351785416625
2024-10-21,2734.3,1.0,1.4718023456693126
2024-10-22,2733.55,1.0,1.47139864023858
2024-10-23,2751.0,1.0,1.480791519926957
2024-10-24,2740.0,0.55,1.4768686066017476
2024-10-25,2719.25,0.55,1.4707172332539948
2024-10-28,2730.4,0.44999999999999996,1.4732838964641444
2024-10-29,2749.5,0.44999999999999996,1.4779216327262703
2024-10-30,2783.95,0.3,1.4832552527462188
2024-10-31,2779.4,0.3,1.4825279970771161
2024-11-01,2747.35,0.3,1.4773993697863712
2024-11-04,2741.35,0.3,1.4764314119849933
2024-11-05,2738.75,0.3,1.4760113209709498
2024-11-06,2726.2,0.3,1.4739822264484648
2024-11-07,2667.05,0.3,1.4643879873580357
2024-11-08,2685.2,0.3,1.4673776548150252
2024-11-11,2670.55,0.3,1.4649759250396224
2024-11-12,2590.75,0.3,1.4518432281624065
2024-11-13,2609.75,0.26144208807912583,1.4545709538327087
2024-11-14,2548.45,0.26438164911206335,1.4455337658842196
2024-11-15,2566.7,0.2399934724693218,1.44798287134312
2024-11-18,2590.1,0.24602954161107743,1.451221947306395
2024-11-19,2635.95,0.24520465641288464,1.4575199496572633
2024-11-20,2624.3,0.22821788898478823,1.456025070553008
2024-11-21,2669.7,0.23077885121822442,1.4618344342126341
2024-11-22,2706.25,0.21759717024466876,1.4661700463652938
2024-11-25,2670.4,0.21241490367104554,1.4620368154555785
2024-11-26,2630.3,0.20820372035671048,1.4574596203834151
2024-11-27,2648.0,0.20510149051837362,1.4594666605746907
2024-11-28,2646.4,0.20911582924163974,1.4592763923666725
2024-11-29,2664.3,0.20903767957606076,1.4613395654851837
2024-12-02,2637.25,0.20956524292352915,1.4582295524134867
2024-12-03,2645.35,0.20742575263519605,1.459155446607759
2024-12-04,2642.05,0.20676965432225855,1.458778115651028
2024-12-05,2649.15,0.20703173962006927,1.4595893360345227
2024-12-06,2636.5,0.22047825987923814,1.4580330402828576
2024-12-09,2655.85,0.22175927277740695,1.4604041977118996
2024-12-10,2670.45,0.22043822421171747,1.4621720077231306
2024-12-11,2697.45,0.26162134477699706,1.4659794746362005
2024-12-12,2713.6,0.25934530511829246,1.468252416546088
2024-12-13,2669.55,0.3,1.4610424614521604
2024-12-16,2660.95,0.28027107408888496,1.459694464402309
2024-12-17,2641.6,0.28250560913626405,1.4566925007873244
2024-12-18,2648.35,0.3,1.4577836894294798
2024-12-19,2621.3,0.10156674135810215,1.4559821217351894
2024-12-20,2606.15,0.06038362079282256,1.4554140342210844
2024-12-23,2620.55,0.06038362079282256,1.4558996231686128
2024-12-24,2613.75,0.3,1.4544174024588927
2024-12-27,2625.55,0.3,1.4563872303325243
2024-12-30,2610.3,0.3,1.45384948716299
2024-12-31,2610.85,0.23961637920717743,1.4538351005212342
2025-01-02,2644.6,0.23961637920717743,1.4583383240759589
2025-01-03,2654.3,0.23961637920717743,1.4596200245085684
2025-01-06,2631.8,0.23961637920717743,1.4566552694058867
2025-01-07,2644.4,0.0,1.4563062309444785
2025-01-08,2653.45,0.0,1.4563062309444785
2025-01-09,2666.35,0.0,1.4563062309444785
2025-01-10,2679.45,0.0,1.4563062309444785
2025-01-13,2679.8,0.0,1.4563062309444785
2025-01-14,2666.4,0.0,1.4563062309444785
2025-01-15,2686.6,0.0,1.4563062309444785
2025-01-16,2707.45,0.0,1.4563062309444785
2025-01-17,2705.1,0.3,1.4554901276796695
2025-01-20,2707.5,0.3,1.4558775266268174
2025-01-21,2721.4,0.3,1.4581198199919267
2025-01-22,2760.15,0.3,1.4643484680801924
2025-01-23,2747.2,0.3,1.4622873504603198
2025-01-24,2771.05,0.3,1.4660958340044896
2025-01-27,2767.1,0.3,1.4654688790367714
2025-01-28,2743.7,0.3,1.461751054769185
2025-01-29,2759.4,0.3,1.464260384312489
2025-01-30,2778.15,0.3,1.4672452595251289
2025-01-31,2791.5,0.3,1.4693604503047477
2025-02-03,2794.15,0.3,1.4697789140547002
2025-02-04,2831.2,0.0,1.4693379803804838
2025-02-05,2873.8,0.3,1.4755297515313197
2025-02-06,2861.2,0.3,1.4735889405977862
2025-02-07,2866.45,0.3,1.474400104648339
2025-02-10,2895.55,0.55,1.482263908353237
2025-02-11,2906.85,0.55,1.4854454352446445
2025-02-12,2883.35,0.55,1.4788405597778893
2025-02-13,2917.45,0.55,1.4884598063829266
2025-02-14,2938.05,0.3,1.491240678321748
2025-02-17,2898.2,0.55,1.4797433918610503
2025-02-18,2908.85,1.0,1.4845151124424762
2025-02-19,2944.4,0.7,1.4967696766302767
2025-02-20,2953.5,0.7,1.5000078313783187
2025-02-21,2929.7,0.7,1.4915466394125958
2025-02-24,2940.6,0.7,1.49543116713172
2025-02-25,2942.05,0.7,1.4959473415976927
2025-02-26,2913.55,0.44999999999999996,1.4890522131583128
2025-02-27,2891.65,0.3,1.4854710708227439
2025-02-28,2861.4,0.3,1.4808091477104321
2025-03-03,2868.25,0.3,1.4818726350937217
2025-03-04,2911.6,0.3,1.4885916287725829
2025-03-05,2917.7,0.3,1.4895272389802536
2025-03-06,2901.65,0.3,1.4870691131771587
2025-03-07,2918.5,0.3,1.4896597544905874
2025-03-10,2902.1,0.3,1.4871484898025307
2025-03-11,2913.45,0.55,1.4899756015628174
2025-03-12,2913.6,0.55,1.4900177931182341
2025-03-13,2944.65,0.55,1.4987512427551013
2025-03-14,2999.85,0.55,1.5142037032274986
2025-03-17,2996.15,0.55,1.5131765170228324
2025-03-18,3021.7,0.55,1.5202735959426004
2025-03-19,3034.0,0.55,1.523677193545457
2025-03-20,3026.2,0.55,1.5215227521610435
2025-03-21,3031.3,0.55,1.522933059252383
2025-03-24,3030.25,1.0,1.5217202166256731
2025-03-25,3021.35,1.0,1.51725084613546
2025-03-26,3021.85,1.0,1.5175019343652472
2025-03-27,3051.7,1.0,1.5324919016835463
2025-03-28,3070.4,1.0,1.54188260147759
2025-03-31,3120.2,1.0,1.5668909891644007
2025-04-01,3131.5,1.0,1.5725655831575927
2025-04-02,3127.05,1.0,1.5703308979124861
2025-04-03,3128.75,1.0,1.5711845978937629
2025-04-04,3090.3,0.55,1.5598577881458586
2025-04-07,3025.1,0.55,1.541757118216431
2025-04-08,3002.7,0.55,1.5354781695217012
2025-04-09,3044.7,0.55,1.5472907201314694
2025-04-10,3106.65,0.5441112430132762,1.5644115714848859
2025-04-11,3213.75,0.27729985374845667,1.578949560740762
2025-04-14,3220.65,0.23673261794022724,1.5796880409700524
2025-04-15,3227.35,0.4357134741151871,1.5808055832991321
2025-04-16,3304.4,0.43757391307493254,1.5973168012611345
2025-04-17,3324.35,0.408136907865163,1.6012057096805348
2025-04-22,3454.7,0.41141029535381574,1.6270305975698403
2025-04-23,3332.85,0.3521981770079128,1.6067227822349208
2025-04-24,3331.05,0.2978322556196161,1.6063769855058034
2025-04-25,3299.35,0.29866413310936835,1.6018099357079931
2025-04-28,3278.65,0.29401600004006057,1.5988477187583205
2025-04-29,3314.95,0.2921581688042505,1.6040164885999895
2025-04-30,3284.3,0.529141080614474,1.5957888192808
2025-05-01,3225.25,0.5294378807364061,1.5805980050796107
2025-05-02,3263.05,0.5125978054506519,1.5900670790000269
2025-05-06,3377.35,0.2801191042684884,1.6052994367546871
2025-05-07,3375.75,0.2607266186587658,1.605070023073459
2025-05-08,3341.1,0.48218860350102455,1.5967704759769927
2025-05-09,3324.45,0.45874169677441434,1.5930826785214576
2025-05-12,3222.6,0.2748010473551692,1.5793775105232273
2025-05-13,3254.1,0.2547173552187228,1.583278108846752
2025-05-14,3230.95,0.2590058537392776,1.5803539800329935
2025-05-15,3171.5,0.278122273451261,1.5722363163744764
2025-05-16,3210.0,0.2714409796880306,1.5774065214318256
2025-05-19,3239.05,0.4883006058877023,1.5840350751361363
2025-05-20,3238.4,0.27856838299007264,1.5836143011728192
2025-05-21,3310.25,0.2796009363818706,1.5934365747206887
2025-05-22,3305.9,0.3064181536401666,1.5927522234184024
2025-05-23,3330.1,0.3454123352350731,1.5967173943385282
2025-05-27,3295.75,0.34322881625748874,1.591060878201994
2025-05-28,3321.65,0.3426019982250438,1.5953436119065232
2025-05-29,3278.9,0.3421769426548823,1.5883172721728935
2025-05-30,3293.55,0.3402093556663715,1.5907284566358784
2025-06-02,3345.1,0.34265136642325483,1.5992558271331578
2025-06-03,3358.2,0.348754363663163,1.6014303039941664
2025-06-04,3363.1,0.35274508676453803,1.6022481623373135
2025-06-05,3385.6,0.41733178327774073,1.6066182457742353
2025-06-06,3356.05,0.41425453294646186,1.6008042960982805
2025-06-09,3317.8,0.41634637919894696,1.593204753417441
2025-06-10,3327.65,0.4090318450403131,1.595127804814768
2025-06-11,3338.1,0.49640395533354087,1.5974750548200214
2025-06-12,3360.45,0.5044489496797415,1.6028576757502173
2025-06-13,3420.2,0.5110715803057466,1.6174122844905783
2025-06-16,3417.3,0.2969932321142173,1.6166587321263317
2025-06-17,3380.55,0.55,1.6066875625456691
2025-06-18,3381.35,0.3550465031512163,1.6065093286879142
2025-06-19,3370.45,0.5319890010388233,1.6034700646430697
2025-06-20,3355.15,0.55,1.599437802031502
2025-06-23,3363.0,0.55,1.6014960029197698
2025-06-24,3319.5,0.55,1.5901026660568929
2025-06-25,3322.4,0.55,1.5908667009273132
2025-06-26,3340.2,0.55,1.5955544522522827
2025-06-27,3286.25,0.55,1.5813804239053406
2025-06-30,3277.25,0.55,1.5789984282877427
2025-07-01,3343.15,0.55,1.5964614836034159
2025-07-02,3338.5,0.55,1.5952401952243973
2025-07-03,3350.0,0.55,1.5982624789550528
2025-07-04,3333.7,0.55,1.5939853377240583
2025-07-07,3306.0,0.55,1.5867008290339464
2025-07-08,3322.25,0.55,1.5909903446599267
2025-07-09,3288.05,0.55,1.5819824348448757
2025-07-10,3326.05,1.0,1.5995535167076524
2025-07-11,3336.05,0.9976883581793508,1.6043478706211067
2025-07-14,3363.55,1.0,1.6175692534265398
2025-07-15,3359.5,1.0,1.6156215626009602
2025-07-16,3339.4,1.0,1.6059552451703072
2025-07-17,3329.3,1.0,1.6010980408892328
2025-07-18,3351.6,1.0,1.611822363212793
2025-07-21,3362.6,1.0,1.6171123876773297
2025-07-22,3385.6,1.0,1.6281733479213607
2025-07-23,3430.15,1.0,1.649597947002734
2025-07-24,3361.55,0.55,1.6307108440132225
2025-07-25,3346.6,0.52822174606572,1.6268444825735022
2025-07-28,3338.2,0.55,1.6245631848426387
2025-07-29,3325.0,1.0,1.6174082400788257
2025-07-30,3331.7,1.0,1.6206673784874055
2025-07-31,3306.8,0.55,1.6132763019722354
2025-08-01,3294.9,0.55,1.610083216996909
2025-08-04,3359.05,0.55,1.6273243354234754
2025-08-05,3363.25,1.0,1.6286267701877006
2025-08-06,3362.7,1.0,1.628360437109992
2025-08-07,3375.95,1.0,1.6347766430729704
2025-08-08,3397.1,1.0,1.6450183605157624
2025-08-11,3358.1,1.0,1.6261329240964297
2025-08-12,3347.55,1.0,1.6210241714240206
2025-08-13,3362.5,1.0,1.6282635887180978
2025-08-14,3356.7,1.0,1.6254549853531715
2025-08-15,3344.35,1.0,1.6194745971537161
2025-08-18,3348.45,1.0,1.6214599891875434
2025-08-19,3337.9,1.0,1.6163512365151345
2025-08-20,3327.25,1.0,1.6111940596467782
2025-08-21,3339.7,1.0,1.6172228720421802
2025-08-22,3328.4,1.0,1.6117509379001687
2025-08-26,3372.9,1.0,1.6332997050965867
2025-08-27,3381.9,1.0,1.6376578827318173
2025-08-28,3397.85,1.0,1.6453815419853648
2025-08-29,3407.5,1.0,1.6500544768942509
2025-09-01,3468.8,1.0,1.6797385090097663
2025-09-02,3478.0,1.0,1.6841935350368906
2025-09-03,3536.9,1.0,1.7127153864496776
2025-09-04,3539.45,1.0,1.713950203446326
2025-09-05,3548.6,1.0,1.7183810173754772
2025-09-08,3610.5,1.0,1.7483555946666745
2025-09-09,3654.1,1.0,1.7694685440995692
2025-09-10,3646.4,1.0,1.7657398810116498
2025-09-11,3617.95,1.0,1.7519631972647263
2025-09-12,3645.35,1.0,1.7652314269542062
2025-09-15,3638.2,1.0,1.7617690969439952
2025-09-16,3695.4,1.0,1.789467737025683
2025-09-17,3669.7,1.0,1.7770227186673022
2025-09-18,3672.45,1.0,1.778354384055845
2025-09-19,3657.85,1.0,1.771284451447582
2025-09-22,3721.25,0.55,1.787372890571152
2025-09-23,3788.4,1.0,1.8188217375945406
2025-09-24,3768.05,0.55,1.812629716366623
2025-09-25,3752.4,0.55,1.8084890573298198
2025-09-26,3748.75,0.44999999999999996,1.8075165968483848
2025-09-29,3812.85,0.5461506915292375,1.8242225654012534
2025-09-30,3806.55,0.5497890865176508,1.8225587669162762
2025-10-01,3886.1,0.5497890865176508,1.843499230919953
2025-10-02,3877.5,0.5271584774277813,1.8413068668737667
2025-10-03,3860.7,0.5226624759225561,1.8371288868207363
2025-10-06,3941.95,0.5127163668150595,1.8569338309007775
2025-10-07,3962.3,0.49919191552206055,1.8616941061882022
2025-10-08,4034.75,0.5066276832803476,1.8789262588689164
2025-10-09,4040.6,0.48958453893387466,1.8802279929172292
2025-10-10,3998.05,0.5087038341720298,1.870119730889853
2025-10-13,4070.9,0.26209803571208035,1.8785898451471867
2025-10-14,4143.8,0.25536474639837553,1.8871679248046573
2025-10-15,4191.25,0.2527667214928806,1.8926252253505158
2025-10-16,4225.55,0.2609633714584827,1.8966516974877898
2025-10-17,4338.25,0.2631022262557476,1.9099568661595183
2025-10-20,4252.75,0.25120998507757275,1.9004780537965233
2025-10-21,4275.1,0.40832677282094015,1.9042577494651454
2025-10-22,4081.5,0.4174388269432036,1.8682424578221726
2025-10-23,4125.7,0.561695559967407,1.8793370944544894
2025-10-24,4069.65,0.5635446856785739,1.8649452685656278
2025-10-27,4029.7,0.5484064090019444,1.8548771608156895
2025-10-28,3910.2,0.3123347006010011,1.8372589832079336
2025-10-29,4024.5,0.5055262182334933,1.864053508298253
2025-10-30,3986.4,0.3484094304901259,1.85761224543283
2025-10-31,4013.2,0.33929737636786245,1.86183262143852
2025-11-03,3994.15,0.26841016886260083,1.8593284824229181
2025-11-04,3992.7,0.27514349719497205,1.8591302428119163
2025-11-05,3964.84,0.27552760361478407,1.8555552421904131
2025-11-06,4004.3,0.28162723173328214,1.8607448413089127
2025-11-07,4006.4,0.15237849514744606,1.8606530397262828
2025-11-10,4077.6,0.2817360591119654,1.8697284368182738
2025-11-11,4137.5,0.28208445483267686,1.8774756119467368
2025-11-12,4120.1,0.2843829478720693,1.8752259204723711
2025-11-13,4234.3,0.28718148173590213,1.8901475297267727
2025-11-14,4161.2,0.2720870301678603,1.8812405051851877
2025-11-17,4083.2,0.2821452653451288,1.8712722700665645
2025-11-18,4041.05,0.14486122176572458,1.868217127209821
2025-11-19,4110.65,0.015503657801205217,1.8684743167310784
2025-11-20,4062.55,0.015155262080493781,1.8681423171477045
2025-11-21,4034.3,0.012856769041101335,1.867971005906775
2025-11-24,4067.95,0.010058235177268504,1.8681224926872884
2025-11-25,4130.15,0.1810563628812832,1.8729747543288326
2025-11-26,4155.95,0.364714275685204,1.8768979241605281
2025-11-27,4154.0,0.4038502033219839,1.8764688180175602
2025-11-28,4159.4,0.41203793124780197,1.8774585460045623
2025-12-01,4254.1,0.40197969607053347,1.894622455379086
2025-12-02,4185.7,0.40197969607053347,1.8823769925313232
2025-12-03,4200.9,0.40197969607053347,1.8851247994540572
2025-12-04,4199.5,0.23098156836651876,1.8846573347106947
2025-12-05,4224.05,0.20685873887890005,1.886890954657636
2025-12-08,4204.15,0.2066798529617241,1.8850533640881406
2025-12-09,4204.85,0.21258493632563116,1.8851089557537022
2025-12-10,4191.4,0.21846611647904013,1.883780545944845
2025-12-11,4213.55,0.21878407769945618,1.8859579608478314
2025-12-12,4319.5,0.24881220785263408,1.8977006360857824
2025-12-15,4337.5,0.2366540495485181,1.8995490240634312
2025-12-16,4276.25,0.25893500706323486,1.8925611304772918
2025-12-17,4314.85,0.2526061540333259,1.89686452295853
2025-12-18,4321.6,0.2621536240121474,1.8976243243056556
2025-12-19,4327.55,0.5049700475877068,1.8984828642125045
2025-12-22,4406.1,0.30467298122227554,1.9086015258936406
2025-12-23,4481.85,0.27464485106909764,1.9175560861822984
2025-12-24,4480.8,0.27464485106909764,1.9174327042638961
2025-12-29,4457.75,0.26622331352963297,1.9147906359627713
2025-12-30,4389.45,0.2625381235952707,1.9070813108667617
2026-01-05,4436.7,0.24451475806915557,1.912066502814216
2026-01-06,4452.75,0.26282782997222626,1.9138494679007505
2026-01-07,4459.55,0.28647808325563723,1.9146415023450654
2026-01-08,4432.1,0.5249061624904019,1.907998847980017
2026-01-09,4471.2,0.5151172325390827,1.9166508154801534
2026-01-12,4587.7,0.2803914044212463,1.9302035551155632
2026-01-13,4582.8,0.46318030377681113,1.928895843312629
2026-01-14,4633.0,0.46318030377681113,1.9386824395955784
2026-01-15,4611.1,0.44486723187374044,1.9345701410356266
2026-01-16,4607.25,0.42121697859032947,1.933844015796747
2026-01-19,4664.95,0.27332441453919093,1.9401776474871428
2026-01-20,4723.95,0.26805391940316914,1.946745040230378
2026-01-21,4860.75,0.28715436241621595,1.962896307739614
2026-01-22,4825.55,0.4635604121585736,1.955960683355809
2026-01-23,4926.2,0.4494429711074483,1.9742689466034664
2026-01-26,5093.55,0.43302816144322154,2.003279182086403
2026-01-27,5088.1,0.3919154705581437,2.002356762840814
2026-01-28,5277.8,0.2151397738125403,2.018063842061709
2026-01-29,5501.7,0.19550649275540444,2.0347619775524075
2026-01-30,5063.45,0.17640604974235763,2.0061306141257087
2026-02-02,4685.45,0.11148840099271068,1.9893035454315622
2026-02-03,4923.65,0.16586095477622853,2.005969344392594
2026-02-04,5051.75,0.08565370388307526,2.010278707117596
2026-02-05,4859.1,0.08489902360469224,2.003768611736751
2026-02-06,4870.1,0.08150649196000771,2.0041315370166153
2026-02-09,4992.5,0.08151832320745829,2.008237570541825
2026-02-10,5047.95,0.1495749354497718,2.011437137492637
2026-02-11,5070.3,0.14958361466290812,2.0127692695495893
2026-02-12,5063.25,0.14968677325749355,2.0123501401930017
2026-02-13,4969.3,0.149866973063371,2.006753787988339
2026-02-16,5005.4,0.14820662961967587,2.0089110527867216
2026-02-17,4922.3,0.2698092575290231,1.9996680635905701
2026-02-18,4916.85,0.26800869416149853,1.9990710799023519
2026-02-19,4991.05,0.14971257064644422,2.003351112469103
2026-02-20,5032.3,0.14939122322180634,2.005823981639734
2026-02-23,5147.55,0.15043296745288853,2.0127324045127346
2026-02-24,5167.25,0.15246091487515984,2.0139027070322055
2026-02-25,5171.75,0.15245537322485214,2.014170079160801
2026-02-26,5174.75,0.1573726232814005,2.01434404421229
2026-02-27,5174.1,0.30044641047821896,2.0139798249436276
2026-03-02,5390.45,0.3677854869771778,2.0448163861368305
2026-03-03,5267.6,0.25795243262488543,2.032570701211324
2026-03-04,5183.7,0.2822870980272769,2.023382508955918
2026-03-05,5153.75,0.5219945064492908,2.016795086088782
2026-03-06,5087.75,0.479372187576731,2.004328140658131
2026-03-09,5094.55,0.47445493752018264,2.005589288954417
2026-03-10,5173.95,0.3313811503233642,2.0156605460864445
2026-03-11,5183.6,0.33923584450097133,2.016920048504689
2026-03-12,5181.65,0.2718967680020125,2.016577932571897
2026-03-13,5082.85,0.24756210259962103,2.00700993180229
2026-03-16,4986.9,0.18489944571126063,1.999878930491121
2026-03-17,5005.85,0.3269656791541644,2.0020795751136973
2026-03-18,4983.25,0.3369145773530154,1.999014344974131
2026-03-19,4682.85,0.18326398735434166,1.9766230652396264
2026-03-20,4650.7,0.15201513164175476,1.9744983826719997
2026-03-23,4263.55,0.15201513164175476,1.9495119336510625
2026-03-24,4419.4,0.15201513164175476,1.960344919207013
2026-03-25,4555.75,0.15201513164175476,1.9695390598373967
2026-03-26,4442.8,0.009948898198850975,1.9687734454160555
2026-03-27,4429.85,0.0,1.9687538582894706
2026-03-30,4528.05,0.0,1.9687538582894706
2026-03-31,4553.95,0.0,1.9687538582894706
2026-04-01,4719.7,0.10242258748049095,1.9758914763187492
2026-04-02,4625.65,0.10242258748049095,1.9718587083358499
2026-04-07,4682.5,0.10242258748049095,1.974340865269341
2026-04-08,4798.05,0.10242258748049095,1.9793309743785283
2026-04-09,4729.05,0.10242258748049095,1.976415572123143
2026-04-10,4748.35,0.17290115385592567,1.9776709089810405
2026-04-13,4716.75,0.17290115385592567,1.9753953071415216
2026-04-14,4771.85,0.17278230623481086,1.9793822173251339
2026-04-15,4798.15,0.31426903434844444,1.9825306299597438
2026-04-16,4812.95,0.3163333135619266,1.9844609661812334
2026-04-17,4795.85,0.31639944683969995,1.982230022609189
2026-04-20,4787.1,0.3164448871123472,1.9810854884099063
2026-04-21,4782.9,0.3569738705656566,1.980384733247134
2026-04-22,4756.15,0.18419156433084574,1.9780024562285452
2026-04-23,4700.9,0.18419156433084574,1.973770186849293
2026-04-24,4679.8,0.17472429530910283,1.9722035706086147
2026-04-27,4701.6,0.3481274646630639,1.9750598844829323
2026-04-28,4610.75,0.2139775930799177,1.9666285836348358
2026-04-29,4565.3,0.21393215280727046,1.9624812394446662
2026-04-30,4625.8,0.20455129755140078,1.9677826113229735
2026-05-01,4568.3,0.20093493035088958,1.9628606079303723
2026-05-05,4554.15,0.4461822019549489,1.9596665107406939
2026-05-06,4699.3,0.4186504409580204,1.9857608561173572
2026-05-07,4734.15,0.24524727160405932,1.989028128015224
2026-05-08,4710.1,0.24524727160405932,1.9865500317354223
2026-05-11,4651.65,0.2538886568830747,1.9802739770023834
2026-05-12,4698.65,0.2538886568830747,1.9853539266360052
2026-05-13,4686.75,0.2538886568830747,1.9840773258638118
2026-05-15,4553.35,0.2511775043680103,1.96988714150778
2026-05-18,4541.4,0.22246324083204308,1.9686804753384366
2026-05-19,4541.0,0.22367128729621577,1.9686393128033086
2026-05-20,4474.3,0.22343896090807266,1.9621778606802738
2026-05-21,4537.7,0.21863173446809875,1.968247198296536
2026-05-22,4515.1,0.2094011809631161,1.9661763021846248
2026-05-26,4516.85,0.20950293030983358,1.9663357573885774
2026-05-27,4487.45,0.2120082982521592,1.963617378647159
2026-05-28,4391.9,0.21156354082723214,1.9547708754497144
2026-05-29,4525.75,0.20300671102179293,1.9668482107159417
2026-06-01,4490.4,0.18490268863355588,1.9639719842332972
2026-06-02,4523.8,0.1855900318935525,1.9666817707380166
2026-06-03,4441.25,0.1883797363447904,1.9599157353782042
2026-06-04,4464.95,0.18486683699939155,1.9618423297317755
2026-06-05,4463.1,0.1841015051595258,1.9616911783239608
2026-06-08,4280.6,0.0034770477112345266,1.9610579367006769
2026-06-09,4326.75,0.18139568670972725,1.9645441963451964
2026-06-10,4166.4,0.18139568670972725,1.9513374474190806
2026-06-11,4079.85,0.18070834344973064,1.944010953294669
2026-06-12,4223.5,0.17791863899849272,1.956183687665127
2026-06-15,4337.55,0.26168832655260055,1.9698432792130904
2026-06-16,4343.3,0.26168832655260055,1.9705266231976026
2026-06-17,4331.85,0.26168832655260055,1.9691672073903883
2026-06-18,4264.9,0.1397133203441174,1.9646749758683957
2026-06-19,4164.55,0.1395370282578952,1.9582241989084015
2026-06-22,4207.75,0.08376968755410782,1.9598166233302685
2026-06-23,4112.75,0.08376968755410782,1.9561100208731421
2026-06-24,4069.55,0.0,1.955946158147872
2026-06-25,3994.5,0.0,1.955946158147872
2026-06-26,4047.95,0.0,1.955946158147872
2026-06-29,4042.85,0.0,1.955946158147872
2026-06-30,4016.7,0.0,1.955946158147872
2026-07-01,3978.55,0.0,1.955946158147872
2026-07-02,4064.2,0.0,1.955946158147872
2026-07-03,4171.25,0.0,1.955946158147872
2026-07-06,4137.55,0.0,1.955946158147872
2026-07-07,4124.15,0.0,1.955946158147872
2026-07-08,4055.4,0.0,1.955946158147872
2026-07-09,4107.05,0.0,1.955946158147872
2026-07-10,4102.2,0.0,1.955946158147872
2026-07-13,4070.95,0.0,1.955946158147872
2026-07-14,4015.9,0.0,1.955946158147872
2026-07-15,4027.35,0.0,1.955946158147872
2026-07-16,4030.95,0.0,1.955946158147872
2026-07-17,3998.8,0.0,1.955946158147872
2026-07-20,4014.8,0.0,1.955946158147872
2026-07-21,4063.2,0.0,1.955946158147872
2026-07-22,4118.65,0.0,1.955946158147872
2026-07-23,4090.1,0.0,1.955946158147872
2026-07-24,4051.85,0.0,1.955946158147872
2026-07-27,4091.1,0.0,1.955946158147872
2026-07-28,4037.7,0.0,1.955946158147872
2026-07-29,4031.6,0.0,1.955946158147872
2026-07-30,4061.5,0.0,1.955946158147872
2026-07-31,4052.2,0.0,1.955946158147872
2026-08-03,4045.65,0.0,1.955946158147872
2026-08-04,4049.2,0.0,1.955946158147872
2026-08-05,4156.45,0.0,1.955946158147872
2026-08-06,4281.1,0.0,1.955946158147872
2026-08-07,4301.85,0.0,1.955946158147872
2026-08-10,4340.5,0.0,1.955946158147872
2026-08-11,4372.2,0.24424516654358513,1.9589574390477746
2026-08-12,4413.2,0.25924458062167255,1.9636903752817245
2026-08-13,4380.45,0.25924458062167255,1.959912562838191
2026-08-14,4349.9,0.25924458062167255,1.9563690103486138
2026-08-17,4393.6,0.25924458062167255,1.9614642266479747
2026-08-18,4388.75,0.25924458062167255,1.9609029056336396
2026-08-19,4355.75,0.25924458062167255,1.9570804815045466
2026-08-20,4487.6,0.4613910347331093,1.9840183507897147
2026-08-21,4581.95,0.41381968237721106,2.001185709230356
2026-08-24,4634.2,0.4123399206835076,2.010592511815656
2026-08-25,4625.65,0.4113442792987287,2.009064628286974
2026-08-26,4621.05,0.4345342274524414,2.0081498718074515
2026-08-27,4594.95,0.43520881503950487,2.003212306937221
2026-08-28,4602.0,0.42371397010037964,2.004491571474324
