date,strategy1,strategy2,strategy3
2020-01-02,1.0,1.0,1.0
2020-01-03,1.0,1.0,1.0
2020-01-06,1.0,1.0,1.0
2020-01-07,1.0,1.0,1.0
2020-01-08,1.0,1.0,1.0
2020-01-09,1.0,1.0,1.0
2020-01-10,1.0,0.9909746179365714,1.0
2020-01-13,1.0,0.9882316046182416,1.0
2020-01-14,1.0,0.9837702819819202,1.0
2020-01-15,1.0,1.0,1.0
2020-01-16,1.0,1.0,1.0
2020-01-17,1.0,1.0,1.0
2020-01-20,1.0,1.0,1.0
2020-01-21,1.0,1.0,1.0
2020-01-22,1.0,1.0,1.0
2020-01-23,1.0,1.0,1.0
2020-01-24,1.0,1.0,1.0
2020-01-27,1.0,1.0,1.0
2020-01-28,1.0,1.0,1.0
2020-01-29,1.0,1.0,1.0
2020-01-30,1.0,1.0,1.0
2020-01-31,1.0,1.0,1.0
2020-02-03,1.0,1.0,1.0
2020-02-04,1.0,1.0,1.0
2020-02-05,1.0,1.0,1.0
2020-02-06,1.0,1.0,1.0
2020-02-07,1.0,1.0,1.0
2020-02-10,1.0,1.0,1.0
2020-02-11,1.0,1.0,1.0
2020-02-12,1.0,1.0,1.0
2020-02-13,1.0,1.0,1.0
2020-02-14,1.0,1.0,1.0
2020-02-17,1.0,1.0,1.0
2020-02-18,1.0,1.0,1.0
2020-02-19,1.0,1.0,1.0
2020-02-20,1.0,1.0,1.0
2020-02-21,1.0,1.0,1.0
2020-02-24,1.0,1.0,1.0
2020-02-25,1.0,1.0,1.0
2020-02-26,1.0,1.0,1.0
2020-02-27,1.0,1.0,1.0
2020-02-28,1.0,1.0,1.0
2020-03-02,1.0,0.9368457187524675,1.0
2020-03-03,1.0,0.8929248011399763,1.0
2020-03-04,1.0,0.8806685154481647,1.0
2020-03-05,0.9317313183359269,0.7660979103338297,1.0
2020-03-06,0.9320365817021025,0.7665335371693298,1.0
2020-03-09,0.8671837771816502,0.7217084913321984,0.9932642482295319
2020-03-10,0.8518959414495739,0.8439651917980744,0.9784795617672966
2020-03-11,0.8226681521049598,0.8694351362432547,0.9545137854477502
2020-03-12,0.8376527905256669,0.8747012006756452,0.9563505029903497
2020-03-13,0.8009226395360461,0.8218185529017392,0.9131434956919945
2020-03-16,0.7355141372631842,0.7149653360399943,0.8123172138853182
2020-03-17,0.6508885295024214,0.5299993280604172,0.6458382556758316
2020-03-18,0.6430723487040398,0.5197345997456022,0.6336514494153166
2020-03-19,0.5965983994920947,0.5400894355899947,0.30859878605934976
2020-03-20,0.5928174778316478,0.5438969323917117,0.3055485226230575
2020-03-23,0.5731978388821528,0.5738283600355625,0.6088703625265613
2020-03-24,0.5743046426652074,0.5741135971783364,0.6591479601639932
2020-03-25,0.4310446216456589,0.3723513679085935,0.4962677793307797
2020-03-26,0.44309246214957027,0.3683943135657667,0.49241771822650143
2020-03-27,0.44319402473974884,0.3720120466251364,0.4924195999533009
2020-03-30,0.4564327198966406,0.3901806296150374,0.49533826640202766
2020-03-31,0.4564519150090305,0.48594361454120477,0.4976074900323996
2020-04-01,0.456135493285543,0.505952118448425,0.4953416058566532
2020-04-02,0.45630643855537084,0.5079359703405011,0.5123942437514857
2020-04-03,0.4601779644000692,0.5293086972404473,0.5124614911411874
2020-04-06,0.47567222961333433,0.5312178202875939,0.5222635451547176
2020-04-07,0.5697446244127728,0.539123644650738,0.5151249470067419
2020-04-08,0.6060785760778789,1.0,0.515657537950343
2020-04-09,0.6146699070523877,1.0,0.5157903741813572
2020-04-14,0.6467820546703754,1.0,0.5203406216228895
2020-04-15,0.6182803795101395,0.9653535231083183,0.5243504040020834
2020-04-16,0.6248667613936347,0.951183270421105,0.6273395438098974
2020-04-17,1.0,1.0,0.6634130866979507
2020-04-20,1.0,0.9697415283240229,0.6537584214452958
2020-04-21,1.0,0.9634507433720784,0.6736453077554768
2020-04-22,1.0,0.9613069901567611,0.6736205402690908
2020-04-23,1.0,0.9783480650689765,0.6785977767655962
2020-04-24,1.0,0.9533518980610473,1.0
2020-04-27,1.0,0.9593723336503559,1.0
2020-04-28,1.0,0.9357902251477326,1.0
2020-04-29,1.0,1.0,1.0
2020-04-30,1.0,1.0,1.0
2020-05-01,1.0,1.0,1.0
2020-05-04,0.9410003552136477,1.0,1.0
2020-05-05,0.8988445726695171,0.9739247430492246,0.9766294789983548
2020-05-06,1.0,0.9719937961178315,0.9851438410226664
2020-05-07,1.0,1.0,1.0
2020-05-11,1.0,1.0,1.0
2020-05-12,1.0,1.0,1.0
2020-05-13,1.0,1.0,1.0
2020-05-14,1.0,1.0,1.0
2020-05-15,1.0,1.0,1.0
2020-05-18,1.0,1.0,1.0
2020-05-19,1.0,1.0,1.0
2020-05-20,1.0,1.0,1.0
2020-05-21,1.0,1.0,1.0
2020-05-22,1.0,1.0,1.0
2020-05-26,1.0,1.0,1.0
2020-05-27,1.0,1.0,1.0
2020-05-28,1.0,1.0,1.0
2020-05-29,1.0,1.0,1.0
2020-06-01,1.0,1.0,1.0
2020-06-02,1.0,1.0,1.0
2020-06-03,1.0,1.0,1.0
2020-06-04,1.0,1.0,1.0
2020-06-05,1.0,1.0,1.0
2020-06-08,1.0,1.0,1.0
2020-06-09,1.0,1.0,1.0
2020-06-10,1.0,1.0,1.0
2020-06-11,1.0,1.0,1.0
2020-06-12,1.0,1.0,1.0
2020-06-15,1.0,1.0,1.0
2020-06-16,1.0,1.0,1.0
2020-06-17,1.0,1.0,1.0
2020-06-18,1.0,1.0,1.0
2020-06-19,1.0,1.0,1.0
2020-06-22,1.0,1.0,1.0
2020-06-23,1.0,1.0,1.0
2020-06-24,1.0,1.0,1.0
2020-06-25,1.0,1.0,1.0
2020-06-26,1.0,1.0,1.0
2020-06-29,1.0,1.0,1.0
2020-06-30,1.0,1.0,1.0
2020-07-01,1.0,1.0,1.0
2020-07-02,1.0,1.0,1.0
2020-07-03,1.0,1.0,1.0
2020-07-06,1.0,1.0,1.0
2020-07-07,1.0,1.0,1.0
2020-07-08,1.0,1.0,1.0
2020-07-09,1.0,1.0,1.0
2020-07-10,1.0,1.0,1.0
2020-07-13,1.0,1.0,1.0
2020-07-14,1.0,1.0,1.0
2020-07-15,1.0,1.0,1.0
2020-07-16,1.0,1.0,1.0
2020-07-17,1.0,1.0,1.0
2020-07-20,1.0,1.0,1.0
2020-07-21,1.0,1.0,1.0
2020-07-22,1.0,1.0,1.0
2020-07-23,1.0,1.0,1.0
2020-07-24,1.0,1.0,1.0
2020-07-27,1.0,1.0,1.0
2020-07-28,1.0,1.0,1.0
2020-07-29,1.0,1.0,1.0
2020-07-30,1.0,1.0,1.0
2020-07-31,1.0,1.0,1.0
2020-08-03,1.0,1.0,1.0
2020-08-04,1.0,1.0,1.0
2020-08-05,1.0,1.0,1.0
2020-08-06,1.0,1.0,1.0
2020-08-07,1.0,1.0,1.0
2020-08-10,1.0,1.0,1.0
2020-08-11,1.0,1.0,1.0
2020-08-12,0.9470115490368187,0.9047429166095355,1.0
2020-08-13,0.771036056375532,0.7183075392278184,0.8737606276836593
2020-08-14,0.7929541083173614,0.7182581117720754,0.8762000053212285
2020-08-17,0.789385826032547,0.7259164049930136,0.8755999450653524
2020-08-18,0.8582643193137418,0.7254306065225132,0.8745329652426357
2020-08-19,0.7749741758373275,0.639224781307179,0.8175499785635978
2020-08-20,0.7781837170722653,0.7508461642797883,0.8186374034643762
2020-08-21,0.6833160484809621,0.6644111819109706,0.7380931686868185
2020-08-24,0.6939089476945544,0.6720544958552522,0.7395701449867091
2020-08-25,0.6884216450515873,0.6655661928897216,0.7775318100878186
2020-08-26,0.6808374704776834,0.676954936719333,0.7691307105094921
2020-08-27,0.7825408446067599,0.8075645660101523,0.779747212981996
2020-08-28,0.7735975706188126,0.7876017629400744,0.7702828529721181
2020-09-01,0.7674020325943549,0.7880742419531325,0.7746429749701724
2020-09-02,0.7490778740186814,0.751602548421619,0.754933926248825
2020-09-03,0.7656924363239598,0.8839711152092792,0.7481835524284477
2020-09-04,0.8525993138439371,0.8343231167649331,0.8104992556071515
2020-09-07,0.8523170353193348,1.0,0.81733849678425
2020-09-08,0.8609736521643064,1.0,0.8244333336973114
2020-09-09,0.859753934960835,1.0,0.8384803787853187
2020-09-10,1.0,1.0,0.8556281035607659
2020-09-11,0.998078173113944,1.0,0.973081930010542
2020-09-14,1.0,1.0,0.9731252584283208
2020-09-15,1.0,1.0,0.9848586660685037
2020-09-16,1.0,1.0,0.9670662015194925
2020-09-17,1.0,1.0,1.0
2020-09-18,1.0,1.0,1.0
2020-09-21,1.0,1.0,1.0
2020-09-22,1.0,1.0,1.0
2020-09-23,1.0,1.0,1.0
2020-09-24,1.0,1.0,1.0
2020-09-25,1.0,1.0,1.0
2020-09-28,1.0,1.0,1.0
2020-09-29,1.0,1.0,1.0
2020-09-30,1.0,1.0,1.0
2020-10-01,1.0,1.0,1.0
2020-10-02,1.0,1.0,1.0
2020-10-05,1.0,1.0,1.0
2020-10-06,1.0,1.0,1.0
2020-10-07,1.0,1.0,1.0
2020-10-08,1.0,1.0,1.0
2020-10-09,1.0,1.0,1.0
2020-10-12,1.0,1.0,1.0
2020-10-13,1.0,1.0,1.0
2020-10-14,1.0,1.0,1.0
2020-10-15,1.0,1.0,1.0
2020-10-16,1.0,1.0,1.0
2020-10-19,1.0,1.0,1.0
2020-10-20,1.0,1.0,1.0
2020-10-21,1.0,1.0,1.0
2020-10-22,1.0,1.0,1.0
2020-10-23,1.0,1.0,1.0
2020-10-26,1.0,1.0,1.0
2020-10-27,1.0,1.0,1.0
2020-10-28,1.0,1.0,1.0
2020-10-29,1.0,1.0,1.0
2020-10-30,1.0,1.0,1.0
2020-11-02,1.0,1.0,1.0
2020-11-03,1.0,1.0,1.0
2020-11-04,1.0,1.0,1.0
2020-11-05,1.0,1.0,1.0
2020-11-06,1.0,1.0,1.0
2020-11-09,1.0,1.0,1.0
2020-11-10,1.0,1.0,1.0
2020-11-11,0.9272619743034074,0.7548173975769051,1.0
2020-11-12,0.9377735716118586,0.7543578423139752,1.0
2020-11-13,0.9363082085380718,0.7672964758643713,1.0
2020-11-16,0.9285370138780026,0.7625842818379502,1.0
2020-11-17,0.9273596060533867,0.76538623198083,1.0
2020-11-18,0.9275158369086155,0.7737238209739331,1.0
2020-11-19,0.924923356184606,0.7761123021601563,1.0
2020-11-20,0.9249098090987488,0.8114633271570412,1.0
2020-11-23,0.9194124708117405,0.8781222402390427,1.0
2020-11-24,0.9261889879587347,0.8976607981103948,1.0
2020-11-25,0.8561437613161944,1.0,0.9619560193699894
2020-11-26,0.8566935569893286,1.0,0.9607600299114923
2020-11-27,0.899966941198251,1.0,0.9673576138258562
2020-11-30,0.9775999182179306,1.0,0.9669014427484571
2020-12-01,0.9589353685575244,1.0,0.9327327311949871
2020-12-02,1.0,1.0,0.9096846694052778
2020-12-03,1.0,0.9040844069222393,0.8539316234063434
2020-12-04,1.0,0.9229013922543058,0.8833859794036245
2020-12-07,1.0,0.9305968559113142,0.9230716465009452
2020-12-08,1.0,0.9294469479863265,0.9312005086112777
2020-12-09,1.0,1.0,1.0
2020-12-10,1.0,1.0,1.0
2020-12-11,1.0,0.9694073582217104,1.0
2020-12-14,1.0,0.9768173823974212,1.0
2020-12-15,1.0,1.0,1.0
2020-12-16,1.0,1.0,1.0
2020-12-17,1.0,1.0,1.0
2020-12-18,1.0,1.0,1.0
2020-12-21,1.0,1.0,1.0
2020-12-22,1.0,1.0,1.0
2020-12-23,1.0,1.0,1.0
2020-12-29,1.0,1.0,1.0
2020-12-30,1.0,1.0,1.0
2020-12-31,1.0,1.0,1.0
2021-01-04,1.0,1.0,1.0
2021-01-05,1.0,1.0,1.0
2021-01-06,1.0,1.0,1.0
2021-01-07,1.0,1.0,1.0
2021-01-08,1.0,1.0,1.0
2021-01-11,1.0,1.0,1.0
2021-01-12,1.0,0.8923054966627175,1.0
2021-01-13,1.0,0.8770693273269247,1.0
2021-01-14,1.0,0.8766877495206937,1.0
2021-01-15,1.0,0.8734146174348235,1.0
2021-01-18,1.0,0.8724459600057964,1.0
2021-01-19,1.0,1.0,1.0
2021-01-20,1.0,1.0,1.0
2021-01-21,1.0,1.0,1.0
2021-01-22,1.0,1.0,1.0
2021-01-25,1.0,1.0,1.0
2021-01-26,1.0,1.0,1.0
2021-01-27,1.0,1.0,1.0
2021-01-28,1.0,1.0,1.0
2021-01-29,1.0,1.0,1.0
2021-02-01,1.0,1.0,1.0
2021-02-02,1.0,1.0,1.0
2021-02-03,1.0,1.0,1.0
2021-02-04,1.0,1.0,1.0
2021-02-05,1.0,1.0,1.0
2021-02-08,1.0,1.0,1.0
2021-02-09,1.0,1.0,1.0
2021-02-10,1.0,1.0,1.0
2021-02-11,1.0,1.0,1.0
2021-02-12,1.0,1.0,1.0
2021-02-15,1.0,1.0,1.0
2021-02-16,1.0,1.0,1.0
2021-02-17,1.0,1.0,1.0
2021-02-18,1.0,1.0,1.0
2021-02-19,1.0,1.0,1.0
2021-02-22,1.0,1.0,1.0
2021-02-23,1.0,1.0,1.0
2021-02-24,1.0,1.0,1.0
2021-02-25,1.0,1.0,1.0
2021-02-26,1.0,1.0,1.0
2021-03-01,1.0,1.0,1.0
2021-03-02,1.0,1.0,1.0
2021-03-03,1.0,1.0,1.0
2021-03-04,1.0,1.0,1.0
2021-03-05,1.0,1.0,1.0
2021-03-08,1.0,1.0,1.0
2021-03-09,1.0,1.0,1.0
2021-03-10,1.0,1.0,1.0
2021-03-11,1.0,1.0,1.0
2021-03-12,1.0,1.0,1.0
2021-03-15,1.0,1.0,1.0
2021-03-16,1.0,1.0,1.0
2021-03-17,1.0,1.0,1.0
2021-03-18,1.0,1.0,1.0
2021-03-19,1.0,1.0,1.0
2021-03-22,1.0,1.0,1.0
2021-03-23,1.0,1.0,1.0
2021-03-24,1.0,1.0,1.0
2021-03-25,1.0,1.0,1.0
2021-03-26,1.0,1.0,0.5
2021-03-29,1.0,1.0,0.5
2021-03-30,1.0,1.0,0.5
2021-03-31,1.0,1.0,0.5
2021-04-01,1.0,1.0,0.5
2021-04-06,1.0,1.0,0.5
2021-04-07,1.0,1.0,1.0
2021-04-08,1.0,1.0,1.0
2021-04-09,1.0,1.0,1.0
2021-04-12,1.0,1.0,1.0
2021-04-13,1.0,1.0,1.0
2021-04-14,1.0,1.0,1.0
2021-04-15,1.0,1.0,1.0
2021-04-16,1.0,1.0,1.0
2021-04-19,1.0,1.0,1.0
2021-04-20,1.0,1.0,1.0
2021-04-21,1.0,1.0,1.0
2021-04-22,1.0,1.0,1.0
2021-04-23,1.0,1.0,1.0
2021-04-26,1.0,1.0,1.0
2021-04-27,1.0,1.0,1.0
2021-04-28,1.0,1.0,1.0
2021-04-29,1.0,1.0,1.0
2021-04-30,1.0,1.0,1.0
2021-05-04,1.0,1.0,1.0
2021-05-05,1.0,1.0,1.0
2021-05-06,1.0,1.0,1.0
2021-05-07,1.0,1.0,1.0
2021-05-10,1.0,1.0,1.0
2021-05-11,1.0,1.0,1.0
2021-05-12,1.0,1.0,1.0
2021-05-13,1.0,1.0,1.0
2021-05-14,1.0,1.0,1.0
2021-05-17,1.0,1.0,1.0
2021-05-18,1.0,1.0,1.0
2021-05-19,1.0,1.0,1.0
2021-05-20,1.0,1.0,1.0
2021-05-21,1.0,1.0,1.0
2021-05-25,1.0,1.0,1.0
2021-05-26,1.0,1.0,1.0
2021-05-27,1.0,1.0,1.0
2021-05-28,1.0,1.0,1.0
2021-06-01,1.0,1.0,1.0
2021-06-02,1.0,1.0,1.0
2021-06-04,1.0,1.0,1.0
2021-06-07,1.0,1.0,1.0
2021-06-08,1.0,1.0,1.0
2021-06-09,1.0,1.0,1.0
2021-06-10,1.0,1.0,1.0
2021-06-11,1.0,1.0,1.0
2021-06-14,1.0,1.0,1.0
2021-06-15,1.0,1.0,1.0
2021-06-16,1.0,1.0,1.0
2021-06-17,1.0,1.0,1.0
2021-06-18,1.0,1.0,1.0
2021-06-21,1.0,1.0,1.0
2021-06-22,1.0,1.0,1.0
2021-06-23,1.0,1.0,1.0
2021-06-24,1.0,1.0,1.0
2021-06-25,1.0,1.0,1.0
2021-06-28,1.0,1.0,1.0
2021-06-29,1.0,1.0,1.0
2021-06-30,1.0,1.0,1.0
2021-07-01,1.0,1.0,1.0
2021-07-02,1.0,1.0,1.0
2021-07-05,1.0,1.0,1.0
2021-07-06,1.0,1.0,1.0
2021-07-07,1.0,1.0,1.0
2021-07-08,1.0,1.0,1.0
2021-07-09,1.0,1.0,1.0
2021-07-12,1.0,1.0,1.0
2021-07-13,1.0,1.0,1.0
2021-07-14,1.0,1.0,1.0
2021-07-15,1.0,1.0,1.0
2021-07-16,1.0,1.0,1.0
2021-07-19,1.0,1.0,1.0
2021-07-20,1.0,1.0,1.0
2021-07-21,1.0,1.0,1.0
2021-07-22,1.0,1.0,1.0
2021-07-23,1.0,1.0,1.0
2021-07-26,1.0,1.0,1.0
2021-07-27,1.0,1.0,1.0
2021-07-28,1.0,1.0,1.0
2021-07-29,1.0,1.0,1.0
2021-07-30,1.0,1.0,1.0
2021-08-02,1.0,1.0,1.0
2021-08-03,1.0,1.0,1.0
2021-08-04,1.0,1.0,1.0
2021-08-05,1.0,1.0,1.0
2021-08-06,1.0,1.0,1.0
2021-08-09,1.0,1.0,1.0
2021-08-10,1.0,1.0,1.0
2021-08-11,1.0,1.0,1.0
2021-08-12,1.0,1.0,1.0
2021-08-13,1.0,1.0,1.0
2021-08-16,1.0,1.0,1.0
2021-08-17,1.0,1.0,1.0
2021-08-18,1.0,0.9770972198689252,1.0
2021-08-19,1.0,0.977526133230478,1.0
2021-08-20,1.0,0.977077028398488,1.0
2021-08-23,1.0,0.9857428773646957,1.0
2021-08-24,1.0,1.0,1.0
2021-08-25,1.0,1.0,1.0
2021-08-26,1.0,1.0,1.0
2021-08-27,1.0,1.0,1.0
2021-08-30,1.0,1.0,1.0
2021-08-31,1.0,1.0,1.0
2021-09-01,1.0,1.0,1.0
2021-09-02,1.0,1.0,1.0
2021-09-03,1.0,1.0,1.0
2021-09-06,1.0,1.0,1.0
2021-09-07,1.0,1.0,1.0
2021-09-08,1.0,1.0,1.0
2021-09-09,1.0,1.0,1.0
2021-09-10,1.0,1.0,1.0
2021-09-13,1.0,1.0,1.0
2021-09-14,1.0,1.0,1.0
2021-09-15,1.0,1.0,1.0
2021-09-16,1.0,1.0,1.0
2021-09-17,1.0,1.0,1.0
2021-09-20,1.0,1.0,1.0
2021-09-21,1.0,1.0,1.0
2021-09-22,1.0,1.0,1.0
2021-09-23,1.0,1.0,1.0
2021-09-24,1.0,1.0,1.0
2021-09-27,1.0,1.0,1.0
2021-09-28,1.0,1.0,1.0
2021-09-29,1.0,1.0,1.0
2021-09-30,1.0,1.0,1.0
2021-10-01,1.0,1.0,1.0
2021-10-04,1.0,1.0,1.0
2021-10-05,1.0,1.0,1.0
2021-10-06,1.0,1.0,1.0
2021-10-07,1.0,1.0,1.0
2021-10-08,1.0,1.0,1.0
2021-10-11,1.0,1.0,1.0
2021-10-12,1.0,1.0,1.0
2021-10-13,1.0,1.0,1.0
2021-10-14,1.0,1.0,1.0
2021-10-15,1.0,1.0,1.0
2021-10-18,1.0,1.0,1.0
2021-10-19,1.0,1.0,1.0
2021-10-20,1.0,1.0,1.0
2021-10-21,1.0,1.0,1.0
2021-10-22,1.0,1.0,1.0
2021-10-25,1.0,1.0,1.0
2021-10-26,1.0,1.0,1.0
2021-10-27,1.0,1.0,1.0
2021-10-28,1.0,1.0,1.0
2021-10-29,1.0,1.0,1.0
2021-11-02,1.0,1.0,1.0
2021-11-03,1.0,1.0,1.0
2021-11-04,1.0,1.0,1.0
2021-11-05,1.0,1.0,1.0
2021-11-08,1.0,1.0,1.0
2021-11-09,1.0,1.0,1.0
2021-11-10,1.0,1.0,1.0
2021-11-11,1.0,1.0,1.0
2021-11-12,1.0,1.0,1.0
2021-11-15,1.0,1.0,1.0
2021-11-16,1.0,1.0,1.0
2021-11-17,1.0,1.0,1.0
2021-11-18,1.0,1.0,1.0
2021-11-19,1.0,1.0,1.0
2021-11-22,1.0,1.0,1.0
2021-11-23,1.0,1.0,1.0
2021-11-24,1.0,1.0,1.0
2021-11-25,1.0,1.0,1.0
2021-11-26,1.0,1.0,1.0
2021-11-29,1.0,1.0,1.0
2021-11-30,1.0,1.0,1.0
2021-12-01,1.0,1.0,1.0
2021-12-02,1.0,1.0,1.0
2021-12-03,1.0,1.0,1.0
2021-12-06,1.0,1.0,1.0
2021-12-07,1.0,1.0,1.0
2021-12-08,1.0,1.0,1.0
2021-12-09,1.0,1.0,1.0
2021-12-10,1.0,1.0,1.0
2021-12-13,1.0,1.0,1.0
2021-12-14,1.0,1.0,1.0
2021-12-15,1.0,1.0,1.0
2021-12-16,1.0,1.0,1.0
2021-12-17,1.0,1.0,1.0
2021-12-20,1.0,1.0,1.0
2021-12-21,1.0,1.0,1.0
2021-12-22,1.0,1.0,1.0
2021-12-23,1.0,1.0,1.0
2021-12-24,1.0,1.0,1.0
2021-12-29,1.0,1.0,1.0
2021-12-30,1.0,1.0,1.0
2021-12-31,1.0,1.0,1.0
2022-01-04,1.0,1.0,1.0
2022-01-05,1.0,1.0,1.0
2022-01-06,1.0,1.0,1.0
2022-01-07,1.0,1.0,1.0
2022-01-10,1.0,1.0,1.0
2022-01-11,1.0,1.0,1.0
2022-01-12,1.0,1.0,1.0
2022-01-13,1.0,1.0,1.0
2022-01-14,1.0,1.0,1.0
2022-01-17,1.0,1.0,1.0
2022-01-18,1.0,1.0,1.0
2022-01-19,1.0,1.0,1.0
2022-01-20,1.0,1.0,1.0
2022-01-21,1.0,1.0,1.0
2022-01-24,1.0,1.0,1.0
2022-01-25,1.0,1.0,1.0
2022-01-26,1.0,1.0,1.0
2022-01-27,1.0,1.0,0.5
2022-01-28,1.0,1.0,0.5
2022-01-31,1.0,1.0,0.5
2022-02-01,1.0,1.0,1.0
2022-02-02,1.0,1.0,1.0
2022-02-03,1.0,1.0,1.0
2022-02-04,1.0,1.0,1.0
2022-02-07,1.0,1.0,1.0
2022-02-08,1.0,1.0,1.0
2022-02-09,1.0,1.0,1.0
2022-02-10,1.0,1.0,1.0
2022-02-11,1.0,1.0,1.0
2022-02-14,1.0,1.0,1.0
2022-02-15,1.0,1.0,1.0
2022-02-16,1.0,1.0,1.0
2022-02-17,1.0,1.0,1.0
2022-02-18,1.0,1.0,1.0
2022-02-21,1.0,1.0,1.0
2022-02-22,1.0,1.0,1.0
2022-02-23,1.0,1.0,1.0
2022-02-24,1.0,1.0,1.0
2022-02-25,1.0,0.9646347768346882,1.0
2022-02-28,0.9008501203675525,0.7352520908228539,1.0
2022-03-01,0.8947960292110613,0.7475884438895178,1.0
2022-03-02,0.8905656233320165,0.7443426750453078,1.0
2022-03-03,0.8904963735751197,0.7467150962366905,1.0
2022-03-04,0.890557000491605,0.7767881157915879,1.0
2022-03-07,0.899143185711122,0.7776124260859076,1.0
2022-03-08,0.8352465548344937,0.695909362937078,0.9434753400214504
2022-03-09,0.8391481451281653,0.6997043690014172,0.9433273566522381
2022-03-10,0.8438202575321477,0.7035863686324973,0.9434916845641803
2022-03-11,0.8366677235227333,0.8689653860837853,0.9166830198637606
2022-03-14,0.8321066749888972,1.0,0.9170693489005971
2022-03-15,0.7930913776332598,1.0,0.8936589049837668
2022-03-16,0.7573159870401979,0.9723354467063718,0.42689785012634945
2022-03-17,0.7535144818634961,0.9659041985223158,0.8491587692368883
2022-03-18,0.9267770962784457,0.9315834517150947,0.8640284689415867
2022-03-21,1.0,0.9317091608230413,0.8606099563366899
2022-03-22,1.0,1.0,0.8590409743389674
2022-03-23,1.0,1.0,0.859009906572221
2022-03-24,1.0,1.0,0.8590364726797423
2022-03-25,1.0,1.0,1.0
2022-03-28,1.0,1.0,1.0
2022-03-29,1.0,1.0,0.5
2022-03-30,1.0,1.0,1.0
2022-03-31,1.0,1.0,1.0
2022-04-01,1.0,1.0,1.0
2022-04-04,1.0,1.0,0.5
2022-04-05,1.0,1.0,0.5
2022-04-06,1.0,1.0,0.5
2022-04-07,1.0,1.0,0.5
2022-04-08,1.0,1.0,0.5
2022-04-11,1.0,1.0,0.5
2022-04-12,1.0,1.0,0.5
2022-04-13,1.0,1.0,0.5
2022-04-14,1.0,1.0,0.5
2022-04-19,1.0,1.0,0.5
2022-04-20,1.0,1.0,0.5
2022-04-21,1.0,1.0,0.5
2022-04-22,1.0,1.0,0.5
2022-04-25,1.0,1.0,0.5
2022-04-26,1.0,1.0,0.5
2022-04-27,1.0,1.0,0.5
2022-04-28,1.0,1.0,0.5
2022-04-29,1.0,1.0,0.5
2022-05-03,1.0,1.0,0.5
2022-05-04,1.0,1.0,0.5
2022-05-05,1.0,1.0,0.5
2022-05-06,1.0,0.9803987513487469,0.5
2022-05-09,1.0,0.9791205775389011,0.5
2022-05-10,1.0,0.9662834276138649,0.5
2022-05-11,1.0,0.9893483374763391,0.5
2022-05-12,1.0,0.9957671902083618,0.5
2022-05-13,1.0,0.9950073314754069,0.5
2022-05-16,1.0,0.9527553415136868,0.5
2022-05-17,1.0,1.0,0.5
2022-05-18,1.0,1.0,0.5
2022-05-19,1.0,1.0,0.5
2022-05-20,1.0,1.0,0.5
2022-05-23,1.0,1.0,0.5
2022-05-24,1.0,1.0,0.5
2022-05-25,1.0,1.0,0.5
2022-05-26,1.0,1.0,0.5
2022-05-27,1.0,1.0,0.5
2022-05-30,1.0,1.0,0.5
2022-05-31,1.0,1.0,0.5
2022-06-01,1.0,1.0,0.5
2022-06-06,1.0,1.0,0.5
2022-06-07,1.0,1.0,0.5
2022-06-08,1.0,1.0,0.5
2022-06-09,1.0,1.0,0.5
2022-06-10,1.0,1.0,0.5
2022-06-13,1.0,1.0,0.5
2022-06-14,1.0,1.0,0.5
2022-06-15,1.0,1.0,0.5
2022-06-16,1.0,1.0,0.5
2022-06-17,1.0,1.0,0.5
2022-06-20,1.0,1.0,0.5
2022-06-21,1.0,1.0,0.5
2022-06-22,1.0,1.0,0.5
2022-06-23,1.0,1.0,0.5
2022-06-24,1.0,1.0,0.5
2022-06-27,1.0,1.0,0.5
2022-06-28,1.0,1.0,0.5
2022-06-29,1.0,1.0,0.5
2022-06-30,1.0,1.0,0.5
2022-07-01,1.0,1.0,0.5
2022-07-04,1.0,1.0,0.5
2022-07-05,1.0,1.0,0.5
2022-07-06,1.0,1.0,0.5
2022-07-07,1.0,1.0,0.5
2022-07-08,1.0,1.0,0.5
2022-07-11,1.0,1.0,0.5
2022-07-12,1.0,1.0,0.5
2022-07-13,1.0,1.0,0.5
2022-07-14,1.0,1.0,0.5
2022-07-15,1.0,1.0,0.5
2022-07-18,1.0,1.0,0.5
2022-07-19,1.0,1.0,0.5
2022-07-21,1.0,1.0,0.5
2022-07-22,1.0,1.0,0.5
2022-07-25,1.0,1.0,0.5
2022-07-26,1.0,1.0,0.5
2022-07-27,1.0,1.0,0.5
2022-07-28,1.0,1.0,1.0
2022-07-29,1.0,1.0,1.0
2022-08-01,1.0,1.0,1.0
2022-08-02,1.0,1.0,1.0
2022-08-03,1.0,1.0,1.0
2022-08-04,1.0,1.0,1.0
2022-08-05,1.0,1.0,1.0
2022-08-08,1.0,1.0,1.0
2022-08-09,1.0,1.0,1.0
2022-08-10,1.0,1.0,1.0
2022-08-11,1.0,1.0,1.0
2022-08-12,1.0,1.0,1.0
2022-08-15,1.0,1.0,1.0
2022-08-16,1.0,1.0,1.0
2022-08-17,1.0,1.0,1.0
2022-08-18,1.0,1.0,1.0
2022-08-19,1.0,1.0,1.0
2022-08-22,1.0,1.0,0.5
2022-08-23,1.0,1.0,0.5
2022-08-24,1.0,1.0,0.5
2022-08-25,1.0,1.0,0.5
2022-08-26,1.0,1.0,0.5
2022-08-30,1.0,1.0,0.5
2022-08-31,1.0,1.0,0.5
2022-09-01,1.0,1.0,0.5
2022-09-02,1.0,1.0,0.5
2022-09-05,1.0,1.0,0.5
2022-09-06,1.0,1.0,0.5
2022-09-07,1.0,1.0,0.5
2022-09-08,1.0,1.0,1.0
2022-09-09,1.0,1.0,1.0
2022-09-12,1.0,1.0,0.5
2022-09-13,1.0,1.0,0.5
2022-09-14,1.0,1.0,0.5
2022-09-15,1.0,1.0,0.5
2022-09-16,1.0,1.0,0.5
2022-09-20,1.0,1.0,0.5
2022-09-21,1.0,1.0,0.5
2022-09-22,1.0,1.0,0.5
2022-09-23,1.0,1.0,0.5
2022-09-26,1.0,1.0,0.5
2022-09-27,1.0,1.0,0.5
2022-09-28,1.0,1.0,0.5
2022-09-29,1.0,1.0,0.5
2022-09-30,1.0,1.0,0.5
2022-10-04,1.0,1.0,0.5
2022-10-05,1.0,1.0,1.0
2022-10-06,1.0,1.0,0.5
2022-10-07,1.0,1.0,0.5
2022-10-10,1.0,1.0,0.5
2022-10-11,1.0,0.9415511489419724,0.5
2022-10-12,1.0,0.9512625145913697,0.5
2022-10-13,1.0,0.9706656858829275,0.5
2022-10-14,1.0,1.0,0.5
2022-10-17,1.0,1.0,0.5
2022-10-18,1.0,1.0,0.5
2022-10-19,1.0,1.0,0.5
2022-10-20,1.0,1.0,0.5
2022-10-21,1.0,1.0,0.5
2022-10-24,1.0,1.0,0.5
2022-10-25,1.0,1.0,0.5
2022-10-26,1.0,1.0,0.5
2022-10-27,1.0,1.0,0.5
2022-10-28,1.0,1.0,0.5
2022-10-31,1.0,1.0,0.5
2022-11-01,1.0,1.0,0.5
2022-11-02,1.0,1.0,0.5
2022-11-03,1.0,1.0,0.5
2022-11-04,1.0,1.0,0.5
2022-11-07,1.0,1.0,0.5
2022-11-08,1.0,0.9505015231490369,0.5
2022-11-09,1.0,0.9394117879899053,0.5
2022-11-10,1.0,0.9065669368609967,0.5
2022-11-11,1.0,0.9179018259804513,1.0
2022-11-14,0.8632346258055331,0.7691539607432398,0.9482820864169528
2022-11-15,0.8610379461172984,0.7775440687354384,0.9410371447555049
2022-11-16,0.8641406734316547,0.7763895228096024,0.9411175748659826
2022-11-17,0.8864098350632965,0.7792530599082796,0.9581058753127377
2022-11-18,0.8652659468891379,0.8872473415030735,0.9387534070742741
2022-11-21,0.8872846832216673,0.8955586364791818,0.9488364929469331
2022-11-22,0.8530029122337217,0.8504210449433965,0.9194047077848152
2022-11-23,0.8557199329567587,0.8705260777883871,0.9226256637672927
2022-11-24,0.8422509166355255,0.9228524560770205,0.9396163644004774
2022-11-25,0.9413330454779473,0.903304109779693,0.9353799434318236
2022-11-28,0.96561646540456,1.0,0.9513544221075932
2022-11-29,1.0,1.0,0.9646926714375555
2022-11-30,1.0,1.0,0.9595371393943861
2022-12-01,1.0,1.0,0.9595555458004569
2022-12-02,1.0,1.0,1.0
2022-12-05,1.0,1.0,1.0
2022-12-06,1.0,1.0,1.0
2022-12-07,1.0,1.0,1.0
2022-12-08,1.0,1.0,1.0
2022-12-09,1.0,1.0,1.0
2022-12-12,1.0,1.0,1.0
2022-12-13,1.0,1.0,1.0
2022-12-14,1.0,1.0,1.0
2022-12-15,1.0,1.0,1.0
2022-12-16,1.0,1.0,1.0
2022-12-19,1.0,1.0,1.0
2022-12-20,1.0,1.0,1.0
2022-12-21,1.0,1.0,1.0
2022-12-22,1.0,1.0,1.0
2022-12-23,1.0,1.0,1.0
2022-12-28,1.0,1.0,1.0
2022-12-29,1.0,1.0,1.0
2022-12-30,1.0,1.0,1.0
2023-01-03,1.0,1.0,1.0
2023-01-04,1.0,1.0,1.0
2023-01-05,1.0,1.0,1.0
2023-01-06,1.0,1.0,1.0
2023-01-09,1.0,1.0,1.0
2023-01-10,1.0,1.0,1.0
2023-01-11,1.0,1.0,1.0
2023-01-12,1.0,1.0,1.0
2023-01-13,1.0,1.0,1.0
2023-01-16,1.0,1.0,1.0
2023-01-17,1.0,1.0,1.0
2023-01-18,1.0,1.0,1.0
2023-01-19,1.0,1.0,1.0
2023-01-20,1.0,1.0,1.0
2023-01-23,1.0,1.0,1.0
2023-01-24,1.0,1.0,1.0
2023-01-25,1.0,1.0,1.0
2023-01-26,1.0,1.0,1.0
2023-01-27,1.0,1.0,1.0
2023-01-30,1.0,1.0,1.0
2023-01-31,1.0,1.0,1.0
2023-02-01,1.0,1.0,1.0
2023-02-02,1.0,1.0,1.0
2023-02-03,1.0,1.0,1.0
2023-02-06,1.0,1.0,1.0
2023-02-07,1.0,1.0,1.0
2023-02-08,1.0,1.0,1.0
2023-02-09,1.0,1.0,1.0
2023-02-10,1.0,1.0,1.0
2023-02-13,1.0,1.0,1.0
2023-02-14,1.0,1.0,1.0
2023-02-15,1.0,1.0,1.0
2023-02-16,1.0,1.0,1.0
2023-02-17,1.0,1.0,1.0
2023-02-20,1.0,1.0,1.0
2023-02-21,1.0,1.0,1.0
2023-02-22,1.0,1.0,1.0
2023-02-23,1.0,1.0,1.0
2023-02-24,1.0,1.0,1.0
2023-02-27,1.0,1.0,1.0
2023-02-28,1.0,1.0,1.0
2023-03-01,1.0,1.0,1.0
2023-03-02,1.0,1.0,1.0
2023-03-03,1.0,1.0,1.0
2023-03-06,1.0,1.0,1.0
2023-03-07,1.0,1.0,1.0
2023-03-08,1.0,1.0,1.0
2023-03-09,1.0,1.0,1.0
2023-03-10,1.0,1.0,1.0
2023-03-13,1.0,1.0,1.0
2023-03-14,1.0,1.0,1.0
2023-03-15,1.0,1.0,1.0
2023-03-16,1.0,1.0,1.0
2023-03-17,1.0,1.0,1.0
2023-03-20,1.0,1.0,1.0
2023-03-21,1.0,0.9892664403831667,1.0
2023-03-22,1.0,0.9603941902194819,1.0
2023-03-23,1.0,1.0,1.0
2023-03-24,1.0,0.9855158566390497,1.0
2023-03-27,1.0,0.9856422642442053,1.0
2023-03-28,0.9118155240334687,0.9199600819016703,1.0
2023-03-29,0.9099048480337592,0.9124610769203859,1.0
2023-03-30,0.990520458603476,0.9051117454476806,1.0
2023-03-31,0.9886654011515765,0.9087950313261627,1.0
2023-04-03,0.992785752909339,0.909713647066645,1.0
2023-04-04,1.0,1.0,1.0
2023-04-05,1.0,1.0,1.0
2023-04-06,1.0,1.0,1.0
2023-04-11,0.9990756256215864,1.0,1.0
2023-04-12,0.9760997905113983,1.0,1.0
2023-04-13,1.0,1.0,1.0
2023-04-14,1.0,1.0,1.0
2023-04-17,1.0,1.0,1.0
2023-04-18,1.0,1.0,1.0
2023-04-19,1.0,1.0,1.0
2023-04-20,1.0,1.0,1.0
2023-04-21,1.0,1.0,1.0
2023-04-24,1.0,1.0,1.0
2023-04-25,1.0,1.0,1.0
2023-04-26,1.0,1.0,1.0
2023-04-27,1.0,1.0,1.0
2023-04-28,1.0,1.0,1.0
2023-05-02,1.0,1.0,1.0
2023-05-03,1.0,1.0,1.0
2023-05-04,1.0,1.0,1.0
2023-05-05,1.0,1.0,1.0
2023-05-09,1.0,1.0,1.0
2023-05-10,1.0,1.0,1.0
2023-05-11,1.0,1.0,1.0
2023-05-12,1.0,1.0,1.0
2023-05-15,1.0,1.0,1.0
2023-05-16,1.0,1.0,1.0
2023-05-17,1.0,1.0,1.0
2023-05-19,1.0,1.0,1.0
2023-05-22,1.0,1.0,1.0
2023-05-23,1.0,1.0,1.0
2023-05-24,1.0,1.0,1.0
2023-05-25,1.0,1.0,1.0
2023-05-26,1.0,1.0,1.0
2023-05-30,1.0,1.0,1.0
2023-05-31,1.0,1.0,1.0
2023-06-01,1.0,1.0,1.0
2023-06-02,1.0,1.0,1.0
2023-06-05,1.0,1.0,1.0
2023-06-06,1.0,1.0,1.0
2023-06-07,1.0,1.0,1.0
2023-06-08,1.0,1.0,1.0
2023-06-09,1.0,1.0,1.0
2023-06-12,1.0,1.0,1.0
2023-06-13,1.0,1.0,1.0
2023-06-14,1.0,1.0,1.0
2023-06-15,1.0,1.0,1.0
2023-06-16,1.0,1.0,1.0
2023-06-19,1.0,1.0,1.0
2023-06-20,1.0,1.0,1.0
2023-06-21,1.0,1.0,1.0
2023-06-22,1.0,1.0,1.0
2023-06-23,1.0,1.0,1.0
2023-06-26,1.0,1.0,1.0
2023-06-27,1.0,1.0,1.0
2023-06-28,1.0,1.0,1.0
2023-06-29,1.0,1.0,1.0
2023-06-30,1.0,1.0,1.0
2023-07-03,1.0,1.0,1.0
2023-07-04,1.0,1.0,1.0
2023-07-05,1.0,1.0,1.0
2023-07-06,1.0,1.0,1.0
2023-07-07,1.0,1.0,1.0
2023-07-10,1.0,1.0,1.0
2023-07-11,1.0,1.0,1.0
2023-07-12,1.0,1.0,1.0
2023-07-13,1.0,1.0,1.0
2023-07-14,1.0,1.0,1.0
2023-07-17,1.0,1.0,1.0
2023-07-18,1.0,1.0,1.0
2023-07-19,1.0,1.0,1.0
2023-07-20,1.0,1.0,1.0
2023-07-21,1.0,1.0,1.0
2023-07-24,1.0,1.0,1.0
2023-07-25,1.0,1.0,1.0
2023-07-26,1.0,1.0,1.0
2023-07-27,1.0,1.0,1.0
2023-07-28,1.0,1.0,1.0
2023-07-31,1.0,1.0,1.0
2023-08-01,1.0,1.0,1.0
2023-08-02,1.0,1.0,1.0
2023-08-03,1.0,1.0,1.0
2023-08-04,1.0,1.0,1.0
2023-08-07,1.0,1.0,1.0
2023-08-08,1.0,1.0,1.0
2023-08-09,1.0,1.0,1.0
2023-08-10,1.0,1.0,1.0
2023-08-11,1.0,1.0,1.0
2023-08-14,1.0,1.0,1.0
2023-08-15,1.0,1.0,1.0
2023-08-16,1.0,1.0,1.0
2023-08-17,1.0,1.0,1.0
2023-08-18,1.0,1.0,1.0
2023-08-21,1.0,1.0,1.0
2023-08-22,1.0,1.0,1.0
2023-08-23,1.0,1.0,1.0
2023-08-24,1.0,1.0,1.0
2023-08-25,1.0,1.0,1.0
2023-08-29,1.0,1.0,1.0
2023-08-30,1.0,1.0,1.0
2023-08-31,1.0,1.0,1.0
2023-09-01,1.0,1.0,1.0
2023-09-04,1.0,1.0,1.0
2023-09-05,1.0,1.0,1.0
2023-09-06,1.0,1.0,1.0
2023-09-07,1.0,1.0,1.0
2023-09-08,1.0,1.0,1.0
2023-09-11,1.0,1.0,1.0
2023-09-12,1.0,1.0,1.0
2023-09-13,1.0,1.0,1.0
2023-09-14,1.0,1.0,1.0
2023-09-15,1.0,1.0,0.5
2023-09-18,1.0,1.0,1.0
2023-09-19,1.0,1.0,1.0
2023-09-20,1.0,1.0,1.0
2023-09-21,1.0,1.0,1.0
2023-09-22,1.0,1.0,1.0
2023-09-25,1.0,1.0,1.0
2023-09-26,1.0,1.0,0.5
2023-09-27,1.0,1.0,0.5
2023-09-28,1.0,1.0,0.5
2023-09-29,1.0,1.0,1.0
2023-10-02,1.0,1.0,1.0
2023-10-04,1.0,1.0,0.5
2023-10-05,1.0,1.0,0.5
2023-10-06,1.0,1.0,0.5
2023-10-09,1.0,1.0,0.5
2023-10-10,1.0,1.0,0.5
2023-10-11,1.0,1.0,0.5
2023-10-12,1.0,1.0,0.5
2023-10-13,1.0,1.0,0.5
2023-10-16,1.0,1.0,0.5
2023-10-17,1.0,1.0,0.5
2023-10-18,1.0,1.0,0.5
2023-10-19,1.0,1.0,0.5
2023-10-20,1.0,1.0,0.5
2023-10-23,1.0,1.0,0.5
2023-10-24,1.0,1.0,0.5
2023-10-25,1.0,1.0,0.5
2023-10-26,1.0,1.0,0.5
2023-10-27,1.0,1.0,0.5
2023-10-30,1.0,1.0,0.5
2023-10-31,1.0,1.0,0.5
2023-11-01,1.0,1.0,0.5
2023-11-02,1.0,1.0,0.5
2023-11-03,1.0,1.0,0.5
2023-11-06,1.0,1.0,1.0
2023-11-07,1.0,1.0,1.0
2023-11-08,1.0,1.0,1.0
2023-11-09,1.0,1.0,1.0
2023-11-10,1.0,1.0,1.0
2023-11-13,1.0,1.0,1.0
2023-11-14,1.0,1.0,1.0
2023-11-15,1.0,1.0,1.0
2023-11-16,1.0,1.0,1.0
2023-11-17,1.0,1.0,1.0
2023-11-20,1.0,1.0,1.0
2023-11-21,1.0,1.0,1.0
2023-11-22,1.0,1.0,1.0
2023-11-23,1.0,1.0,1.0
2023-11-24,1.0,1.0,1.0
2023-11-27,1.0,1.0,1.0
2023-11-28,1.0,1.0,1.0
2023-11-29,1.0,1.0,1.0
2023-11-30,1.0,1.0,1.0
2023-12-01,1.0,1.0,1.0
2023-12-04,1.0,1.0,1.0
2023-12-05,1.0,1.0,1.0
2023-12-06,1.0,1.0,1.0
2023-12-07,1.0,1.0,1.0
2023-12-08,1.0,1.0,1.0
2023-12-11,1.0,1.0,1.0
2023-12-12,1.0,1.0,1.0
2023-12-13,1.0,1.0,1.0
2023-12-14,1.0,1.0,1.0
2023-12-15,1.0,0.9220639615047754,1.0
2023-12-18,1.0,0.9189743250603754,1.0
2023-12-19,1.0,0.931037448146637,1.0
2023-12-20,1.0,1.0,1.0
2023-12-21,1.0,1.0,1.0
2023-12-22,1.0,1.0,1.0
2023-12-27,1.0,1.0,1.0
2023-12-28,1.0,1.0,1.0
2023-12-29,1.0,1.0,1.0
2024-01-02,1.0,1.0,1.0
2024-01-03,1.0,1.0,1.0
2024-01-04,1.0,1.0,1.0
2024-01-05,1.0,1.0,1.0
2024-01-08,1.0,1.0,1.0
2024-01-09,1.0,1.0,1.0
2024-01-10,1.0,1.0,1.0
2024-01-11,1.0,1.0,1.0
2024-01-12,1.0,1.0,1.0
2024-01-15,1.0,1.0,1.0
2024-01-16,1.0,1.0,1.0
2024-01-17,1.0,1.0,1.0
2024-01-18,1.0,1.0,1.0
2024-01-19,1.0,1.0,1.0
2024-01-22,1.0,1.0,1.0
2024-01-23,1.0,1.0,1.0
2024-01-24,1.0,1.0,1.0
2024-01-25,1.0,1.0,1.0
2024-01-26,1.0,1.0,1.0
2024-01-29,1.0,1.0,1.0
2024-01-30,1.0,1.0,1.0
2024-01-31,1.0,1.0,1.0
2024-02-01,1.0,1.0,1.0
2024-02-02,1.0,1.0,1.0
2024-02-05,1.0,1.0,1.0
2024-02-06,1.0,1.0,1.0
2024-02-07,1.0,1.0,1.0
2024-02-08,1.0,1.0,1.0
2024-02-09,1.0,1.0,1.0
2024-02-12,1.0,1.0,1.0
2024-02-13,1.0,1.0,1.0
2024-02-14,1.0,1.0,1.0
2024-02-15,1.0,1.0,1.0
2024-02-16,1.0,1.0,1.0
2024-02-19,1.0,1.0,1.0
2024-02-20,1.0,1.0,1.0
2024-02-21,1.0,1.0,1.0
2024-02-22,1.0,1.0,1.0
2024-02-23,1.0,1.0,1.0
2024-02-26,1.0,1.0,1.0
2024-02-27,1.0,1.0,1.0
2024-02-28,1.0,1.0,1.0
2024-02-29,1.0,1.0,1.0
2024-03-01,1.0,1.0,1.0
2024-03-04,1.0,1.0,1.0
2024-03-05,1.0,1.0,1.0
2024-03-06,1.0,1.0,1.0
2024-03-07,1.0,1.0,1.0
2024-03-08,1.0,1.0,1.0
2024-03-11,1.0,1.0,1.0
2024-03-12,1.0,1.0,1.0
2024-03-13,1.0,1.0,1.0
2024-03-14,1.0,1.0,1.0
2024-03-15,1.0,1.0,1.0
2024-03-18,1.0,1.0,1.0
2024-03-19,1.0,1.0,1.0
2024-03-20,1.0,1.0,1.0
2024-03-21,1.0,1.0,1.0
2024-03-22,1.0,1.0,1.0
2024-03-25,1.0,1.0,1.0
2024-03-26,1.0,1.0,1.0
2024-03-27,1.0,1.0,1.0
2024-03-28,1.0,1.0,1.0
2024-04-02,1.0,1.0,1.0
2024-04-03,1.0,0.8832073457703564,1.0
2024-04-04,1.0,0.9174267823540144,1.0
2024-04-05,1.0,0.9243490000913918,1.0
2024-04-08,1.0,0.9189199085714693,1.0
2024-04-09,1.0,0.9767912003498288,1.0
2024-04-10,1.0,1.0,1.0
2024-04-11,1.0,1.0,1.0
2024-04-12,0.9782121038029787,1.0,1.0
2024-04-15,0.9058343189928079,0.9968083459953807,1.0
2024-04-16,0.8719993190651549,0.8068622087760569,0.9145461549394793
2024-04-17,0.9814157285106474,0.8949377830803606,0.91333310178432
2024-04-18,0.984113989367129,0.8888160924637869,0.9275172808368799
2024-04-19,0.9609034970448592,0.8689057988394339,0.9159352487869945
2024-04-22,0.9641146009057112,0.8742312703266875,0.9174870606999957
2024-04-23,0.9290762272096278,0.9306931231149831,0.9635288035500011
2024-04-24,0.8733263047726287,0.8113739231699703,0.9144059862187508
2024-04-25,0.8700102977308483,0.8041274296240614,0.9139016461490986
2024-04-26,0.8774276391932375,0.802220239149023,0.9221028125051942
2024-04-29,0.8670867247414622,0.9558083247104597,0.917613039806233
2024-04-30,0.9269320360755857,1.0,0.9101477045173902
2024-05-01,0.9392540131255017,1.0,0.9701197519834267
2024-05-02,0.9276326976980064,1.0,0.9489072545712527
2024-05-03,0.9250521231733592,1.0,0.9576488323967305
2024-05-07,1.0,1.0,0.9582752273786033
2024-05-08,1.0,1.0,1.0
2024-05-09,1.0,1.0,1.0
2024-05-10,1.0,1.0,1.0
2024-05-13,1.0,1.0,0.9469142782407505
2024-05-14,1.0,1.0,1.0
2024-05-15,1.0,1.0,1.0
2024-05-16,1.0,1.0,1.0
2024-05-17,1.0,1.0,1.0
2024-05-20,0.2565010895249469,0.25,0.29002329828280016
2024-05-21,0.25,0.25,0.25
2024-05-22,0.25,0.25,0.25
2024-05-23,0.25,0.25,0.25
2024-05-24,0.25,0.25,0.25
2024-05-28,0.25,0.25,0.25
2024-05-29,0.25,0.25,0.25
2024-05-31,0.25,0.25,0.25
2024-06-03,0.25,0.25,0.25
2024-06-04,0.25,0.25,0.25
2024-06-05,0.25,0.29801173920956403,0.25
2024-06-06,0.25,1.0,0.25
2024-06-07,0.25,1.0,0.25
2024-06-10,0.25,1.0,0.25
2024-06-11,0.25,1.0,0.25
2024-06-12,0.35672416333754586,1.0,0.25
2024-06-13,1.0,1.0,0.25
2024-06-14,1.0,1.0,0.25
2024-06-17,1.0,1.0,0.25
2024-06-18,1.0,1.0,0.25
2024-06-19,1.0,1.0,0.40674018941525486
2024-06-20,1.0,1.0,1.0
2024-06-21,1.0,1.0,1.0
2024-06-24,1.0,1.0,1.0
2024-06-25,1.0,1.0,1.0
2024-06-26,1.0,1.0,1.0
2024-06-27,1.0,1.0,1.0
2024-06-28,1.0,1.0,1.0
2024-07-01,1.0,1.0,1.0
2024-07-02,1.0,1.0,1.0
2024-07-03,1.0,1.0,1.0
2024-07-04,1.0,1.0,1.0
2024-07-05,1.0,1.0,1.0
2024-07-08,1.0,1.0,1.0
2024-07-09,1.0,1.0,1.0
2024-07-10,1.0,1.0,1.0
2024-07-11,1.0,1.0,1.0
2024-07-12,1.0,1.0,1.0
2024-07-15,1.0,1.0,1.0
2024-07-16,1.0,1.0,1.0
2024-07-17,1.0,1.0,1.0
2024-07-18,1.0,1.0,1.0
2024-07-19,1.0,1.0,1.0
2024-07-22,1.0,1.0,1.0
2024-07-23,1.0,1.0,1.0
2024-07-24,1.0,1.0,1.0
2024-07-25,1.0,1.0,1.0
2024-07-26,1.0,1.0,1.0
2024-07-29,1.0,1.0,1.0
2024-07-30,1.0,1.0,1.0
2024-07-31,1.0,1.0,1.0
2024-08-01,1.0,1.0,1.0
2024-08-02,1.0,1.0,1.0
2024-08-05,1.0,1.0,1.0
2024-08-06,1.0,1.0,1.0
2024-08-07,1.0,1.0,1.0
2024-08-08,1.0,1.0,1.0
2024-08-09,1.0,1.0,1.0
2024-08-12,1.0,1.0,1.0
2024-08-13,1.0,1.0,1.0
2024-08-14,1.0,1.0,1.0
2024-08-15,1.0,1.0,1.0
2024-08-16,1.0,1.0,1.0
2024-08-19,1.0,1.0,1.0
2024-08-20,1.0,1.0,1.0
2024-08-21,1.0,1.0,1.0
2024-08-22,1.0,1.0,1.0
2024-08-23,1.0,1.0,1.0
2024-08-27,1.0,1.0,1.0
2024-08-28,1.0,1.0,1.0
2024-08-29,1.0,1.0,1.0
2024-08-30,1.0,1.0,1.0
2024-09-02,1.0,1.0,1.0
2024-09-03,1.0,1.0,1.0
2024-09-04,1.0,1.0,1.0
2024-09-05,1.0,1.0,1.0
2024-09-06,1.0,1.0,1.0
2024-09-09,1.0,1.0,1.0
2024-09-10,1.0,1.0,1.0
2024-09-11,1.0,1.0,1.0
2024-09-12,1.0,1.0,1.0
2024-09-13,1.0,1.0,1.0
2024-09-16,1.0,1.0,1.0
2024-09-17,1.0,1.0,1.0
2024-09-18,1.0,1.0,1.0
2024-09-19,1.0,1.0,1.0
2024-09-20,1.0,1.0,1.0
2024-09-23,1.0,1.0,1.0
2024-09-24,1.0,1.0,1.0
2024-09-25,1.0,1.0,1.0
2024-09-26,1.0,1.0,1.0
2024-09-27,1.0,1.0,1.0
2024-09-30,1.0,1.0,1.0
2024-10-01,1.0,1.0,1.0
2024-10-02,1.0,1.0,1.0
2024-10-03,1.0,1.0,1.0
2024-10-04,1.0,1.0,1.0
2024-10-07,1.0,1.0,1.0
2024-10-08,1.0,1.0,1.0
2024-10-09,1.0,1.0,1.0
2024-10-10,1.0,1.0,1.0
2024-10-11,1.0,1.0,1.0
2024-10-14,1.0,1.0,1.0
2024-10-15,1.0,1.0,1.0
2024-10-16,1.0,1.0,1.0
2024-10-17,1.0,1.0,1.0
2024-10-18,1.0,1.0,1.0
2024-10-21,1.0,1.0,1.0
2024-10-22,1.0,1.0,1.0
2024-10-23,1.0,1.0,1.0
2024-10-24,1.0,1.0,1.0
2024-10-25,1.0,1.0,1.0
2024-10-28,1.0,1.0,1.0
2024-10-29,1.0,1.0,1.0
2024-10-30,1.0,1.0,1.0
2024-10-31,1.0,1.0,1.0
2024-11-01,1.0,1.0,1.0
2024-11-04,1.0,1.0,1.0
2024-11-05,1.0,1.0,1.0
2024-11-06,1.0,1.0,1.0
2024-11-07,1.0,1.0,1.0
2024-11-08,1.0,1.0,1.0
2024-11-11,1.0,1.0,1.0
2024-11-12,1.0,1.0,1.0
2024-11-13,1.0,1.0,0.5
2024-11-14,1.0,1.0,0.5
2024-11-15,1.0,0.9852608116756771,0.5
2024-11-18,0.9896549126919267,0.9234776774043119,0.5
2024-11-19,0.9680512138399913,0.8689422279244029,0.5
2024-11-20,0.9069542927009371,0.7752071026078133,0.5
2024-11-21,0.9518249103964798,0.775250115872663,0.5
2024-11-22,0.8797472713378737,0.7812457548844142,0.48354926721037506
2024-11-25,0.8587060865498318,0.7598927980785952,0.47203311926899016
2024-11-26,0.8390875241899594,0.7373248105089423,0.46267493412602334
2024-11-27,0.8179499101043932,0.8593479171442342,0.4557810900408303
2024-11-28,0.8089769296967714,0.8608148195424403,0.46470184275919946
2024-11-29,0.8646338899103649,1.0,0.46452817683569064
2024-12-02,0.8647205880359757,1.0,0.4657005398300649
2024-12-03,0.8550103988243498,1.0,0.46094611696710247
2024-12-04,1.0,1.0,0.45948812071613016
2024-12-05,1.0,1.0,0.4600705324890429
2024-12-06,1.0,1.0,0.48995168862052924
2024-12-09,1.0,1.0,0.49279838394979325
2024-12-10,1.0,1.0,0.48986272047048335
2024-12-11,1.0,1.0,0.5
2024-12-12,1.0,1.0,0.5
2024-12-13,1.0,1.0,0.5
2024-12-16,1.0,1.0,0.5
2024-12-17,1.0,1.0,0.5
2024-12-18,1.0,1.0,0.5
2024-12-19,1.0,1.0,0.5
2024-12-20,1.0,1.0,0.5
2024-12-23,1.0,1.0,0.5
2024-12-24,1.0,1.0,0.5
2024-12-27,1.0,1.0,0.5
2024-12-30,1.0,1.0,0.5
2024-12-31,1.0,1.0,0.5
2025-01-02,1.0,1.0,0.5
2025-01-03,1.0,1.0,0.5
2025-01-06,1.0,1.0,0.5
2025-01-07,1.0,1.0,0.5
2025-01-08,1.0,1.0,0.5
2025-01-09,1.0,1.0,0.5
2025-01-10,1.0,1.0,0.5
2025-01-13,1.0,1.0,0.5
2025-01-14,1.0,1.0,0.5
2025-01-15,1.0,1.0,0.5
2025-01-16,1.0,1.0,0.5
2025-01-17,1.0,1.0,0.5
2025-01-20,1.0,1.0,0.5
2025-01-21,1.0,1.0,0.5
2025-01-22,1.0,1.0,0.5
2025-01-23,1.0,1.0,0.5
2025-01-24,1.0,1.0,0.5
2025-01-27,1.0,1.0,0.5
2025-01-28,1.0,1.0,1.0
2025-01-29,1.0,1.0,1.0
2025-01-30,1.0,1.0,1.0
2025-01-31,1.0,1.0,1.0
2025-02-03,1.0,1.0,1.0
2025-02-04,1.0,1.0,1.0
2025-02-05,1.0,1.0,1.0
2025-02-06,1.0,1.0,1.0
2025-02-07,1.0,1.0,1.0
2025-02-10,1.0,1.0,1.0
2025-02-11,1.0,1.0,1.0
2025-02-12,1.0,1.0,1.0
2025-02-13,1.0,1.0,1.0
2025-02-14,1.0,1.0,1.0
2025-02-17,1.0,1.0,1.0
2025-02-18,1.0,1.0,1.0
2025-02-19,1.0,1.0,1.0
2025-02-20,1.0,1.0,1.0
2025-02-21,1.0,1.0,1.0
2025-02-24,1.0,1.0,1.0
2025-02-25,1.0,1.0,1.0
2025-02-26,1.0,1.0,1.0
2025-02-27,1.0,1.0,1.0
2025-02-28,1.0,1.0,1.0
2025-03-03,1.0,1.0,1.0
2025-03-04,1.0,1.0,1.0
2025-03-05,1.0,1.0,1.0
2025-03-06,1.0,1.0,1.0
2025-03-07,1.0,1.0,1.0
2025-03-10,1.0,1.0,1.0
2025-03-11,1.0,1.0,1.0
2025-03-12,1.0,1.0,1.0
2025-03-13,1.0,1.0,1.0
2025-03-14,1.0,1.0,1.0
2025-03-17,1.0,1.0,1.0
2025-03-18,1.0,1.0,1.0
2025-03-19,1.0,1.0,1.0
2025-03-20,1.0,1.0,1.0
2025-03-21,1.0,1.0,1.0
2025-03-24,1.0,1.0,1.0
2025-03-25,1.0,1.0,1.0
2025-03-26,1.0,1.0,1.0
2025-03-27,1.0,1.0,1.0
2025-03-28,1.0,1.0,1.0
2025-03-31,1.0,1.0,1.0
2025-04-01,1.0,1.0,1.0
2025-04-02,1.0,1.0,1.0
2025-04-03,1.0,1.0,1.0
2025-04-04,1.0,1.0,1.0
2025-04-07,1.0,1.0,1.0
2025-04-08,1.0,1.0,1.0
2025-04-09,1.0,1.0,1.0
2025-04-10,1.0,1.0,1.0
2025-04-11,1.0,0.9625296277084173,1.0
2025-04-14,0.918762784708273,0.754886744014826,1.0
2025-04-15,0.9215372851608657,0.7778842235108046,1.0
2025-04-16,0.9300522938136581,0.7777000729233252,1.0
2025-04-17,0.8771127183135656,0.7264153174667286,0.9894228069458498
2025-04-22,0.8794701223120172,0.7303539112014963,0.997358291766826
2025-04-23,0.7533868854913718,0.672455804983459,0.8538137624434249
2025-04-24,0.6330291043678307,0.579080495108077,0.7220175893808876
2025-04-25,0.6316512759271897,0.592867452769232,0.7240342620833173
2025-04-28,0.6230964782423332,0.5695506431107404,0.712766060703177
2025-04-29,0.6183928546965872,0.5698370829728461,0.7082622274042435
2025-04-30,0.6304323757834392,0.6350819131482158,0.7055214408192986
2025-05-01,0.6596654794636122,0.6226642171249334,0.7059171743152082
2025-05-02,0.6363659549447885,0.5939659478182291,0.6834637406008693
2025-05-06,0.6384717695498353,0.6294838817509388,0.6790766164084567
2025-05-07,0.6031378592821133,0.5470124468069496,0.6320645300818565
2025-05-08,0.6509946053404008,0.665659246561652,0.6429181380013661
2025-05-09,0.6403184398037276,0.8189094188343988,0.663493553599069
2025-05-12,0.6371323437796387,0.8140135636791369,0.6661843572246526
2025-05-13,0.6147448419603241,0.6952400763200025,0.6174966187120553
2025-05-14,0.6111600438051185,0.6836387874964694,0.6278929787618851
2025-05-15,0.7268734660081474,0.6982783916413768,0.6742358144272994
2025-05-16,0.805247533503615,0.6755524988898127,0.65803873863765
2025-05-19,0.7808803590705863,0.682772010800387,0.6510674745169365
2025-05-20,0.775014006879473,0.6893135190714762,0.6753172920971459
2025-05-21,0.7780004533461492,0.940789705898066,0.6778204518348379
2025-05-22,0.7408880389733354,0.798409607082292,0.742831887612525
2025-05-23,0.7491300167280499,0.8127935950236984,0.8373632369335104
2025-05-27,0.7836450407630737,0.8059304297226164,0.832069857593912
2025-05-28,0.7797683214749215,1.0,0.830550298727379
2025-05-29,0.9460273727406074,1.0,0.8295198609815329
2025-05-30,0.9222362934207917,1.0,0.8247499531305977
2025-06-02,0.9303397547886874,1.0,0.8306699792078907
2025-06-03,0.891653022191987,1.0,0.8454651240319102
2025-06-04,1.0,1.0,0.855139604277668
2025-06-05,1.0,1.0,1.0
2025-06-06,1.0,1.0,1.0
2025-06-09,1.0,1.0,1.0
2025-06-10,1.0,1.0,0.9915923516128803
2025-06-11,1.0,1.0,1.0
2025-06-12,1.0,1.0,1.0
2025-06-13,1.0,1.0,1.0
2025-06-16,1.0,1.0,1.0
2025-06-17,1.0,1.0,1.0
2025-06-18,1.0,1.0,1.0
2025-06-19,1.0,1.0,1.0
2025-06-20,1.0,1.0,1.0
2025-06-23,1.0,1.0,1.0
2025-06-24,1.0,1.0,1.0
2025-06-25,1.0,1.0,1.0
2025-06-26,1.0,1.0,1.0
2025-06-27,1.0,1.0,1.0
2025-06-30,1.0,1.0,1.0
2025-07-01,1.0,1.0,1.0
2025-07-02,1.0,1.0,1.0
2025-07-03,1.0,1.0,1.0
2025-07-04,1.0,1.0,1.0
2025-07-07,1.0,1.0,1.0
2025-07-08,1.0,1.0,1.0
2025-07-09,1.0,1.0,1.0
2025-07-10,1.0,1.0,1.0
2025-07-11,1.0,1.0,1.0
2025-07-14,1.0,1.0,1.0
2025-07-15,1.0,1.0,1.0
2025-07-16,1.0,1.0,1.0
2025-07-17,1.0,1.0,1.0
2025-07-18,1.0,1.0,1.0
2025-07-21,1.0,1.0,1.0
2025-07-22,1.0,1.0,1.0
2025-07-23,1.0,1.0,1.0
2025-07-24,1.0,1.0,1.0
2025-07-25,1.0,1.0,1.0
2025-07-28,1.0,1.0,1.0
2025-07-29,1.0,1.0,1.0
2025-07-30,1.0,1.0,1.0
2025-07-31,1.0,1.0,1.0
2025-08-01,1.0,1.0,1.0
2025-08-04,1.0,1.0,1.0
2025-08-05,1.0,1.0,1.0
2025-08-06,1.0,1.0,1.0
2025-08-07,1.0,1.0,1.0
2025-08-08,1.0,1.0,1.0
2025-08-11,1.0,1.0,1.0
2025-08-12,1.0,1.0,1.0
2025-08-13,1.0,1.0,1.0
2025-08-14,1.0,1.0,1.0
2025-08-15,1.0,1.0,1.0
2025-08-18,1.0,1.0,1.0
2025-08-19,1.0,1.0,1.0
2025-08-20,1.0,1.0,1.0
2025-08-21,1.0,1.0,1.0
2025-08-22,1.0,1.0,1.0
2025-08-26,1.0,1.0,1.0
2025-08-27,1.0,1.0,1.0
2025-08-28,1.0,1.0,1.0
2025-08-29,1.0,1.0,1.0
2025-09-01,1.0,1.0,1.0
2025-09-02,1.0,1.0,1.0
2025-09-03,1.0,1.0,1.0
2025-09-04,1.0,1.0,1.0
2025-09-05,1.0,1.0,1.0
2025-09-08,1.0,1.0,1.0
2025-09-09,1.0,1.0,1.0
2025-09-10,1.0,1.0,1.0
2025-09-11,1.0,1.0,1.0
2025-09-12,1.0,1.0,1.0
2025-09-15,1.0,1.0,1.0
2025-09-16,1.0,1.0,1.0
2025-09-17,1.0,1.0,1.0
2025-09-18,1.0,1.0,1.0
2025-09-19,1.0,1.0,1.0
2025-09-22,1.0,1.0,1.0
2025-09-23,1.0,1.0,1.0
2025-09-24,1.0,1.0,1.0
2025-09-25,1.0,1.0,1.0
2025-09-26,1.0,1.0,1.0
2025-09-29,1.0,1.0,1.0
2025-09-30,1.0,1.0,1.0
2025-10-01,1.0,1.0,1.0
2025-10-02,1.0,1.0,1.0
2025-10-03,1.0,1.0,1.0
2025-10-06,1.0,1.0,1.0
2025-10-07,1.0,1.0,1.0
2025-10-08,1.0,1.0,1.0
2025-10-09,1.0,1.0,1.0
2025-10-10,1.0,1.0,1.0
2025-10-13,1.0,1.0,1.0
2025-10-14,1.0,1.0,1.0
2025-10-15,1.0,1.0,1.0
2025-10-16,1.0,1.0,1.0
2025-10-17,1.0,1.0,1.0
2025-10-20,1.0,1.0,1.0
2025-10-21,0.9406331510229046,0.8834862302282127,0.9898830856265216
2025-10-22,0.9560557175600622,0.8835987133347837,1.0
2025-10-23,0.6809620744242841,0.5886028552133474,0.7489274132898761
2025-10-24,0.6801556145760931,0.5829169239288103,0.7513929142380985
2025-10-27,0.6637895984555866,0.576991787386084,0.7312085453359258
2025-10-28,0.6761196886441185,0.5911044263941736,0.7314059980418833
2025-10-29,0.6218431861673865,0.5734595675545531,0.6740349576446578
2025-10-30,0.5951427257562976,0.5224508201544606,0.6551101605780799
2025-10-31,0.5913620518246,0.5296976171253273,0.6500389703719471
2025-11-03,0.5942613046677593,0.5857267417625059,0.6506913184547899
2025-11-04,0.6101445399316238,0.597495265198717,0.6670145386544777
2025-11-05,0.6306467893118248,0.6049990137877899,0.66794570573281
2025-11-06,0.6416098493688592,0.7949109496910227,0.6827326829897747
2025-11-07,0.638993171248167,0.7990176747821921,0.6772377562108716
2025-11-10,0.702088137838095,0.8219652917895671,0.682996506938098
2025-11-11,0.6856322946906097,0.7816258731469419,0.6838411026246711
2025-11-12,0.6693979991951685,1.0,0.6894132069625921
2025-11-13,0.8636962473643469,1.0,0.6961975314809749
2025-11-14,0.7871630144812041,1.0,0.6596049216190554
2025-11-17,0.7736686957703383,0.9308604053467523,0.6839885220487971
2025-11-18,0.7461976800232432,0.832399304147198,0.685767859186497
2025-11-19,0.8393787281775292,0.8050388059307587,0.6853128020849609
2025-11-20,0.9171396314683253,0.7830100367813773,0.7923907889557328
2025-11-21,0.9079634404060695,0.7585482753501884,0.7910987921216968
2025-11-24,0.9033399172595076,0.7486695403838843,0.8019715514389576
2025-11-25,0.8993686967428299,0.7865638279721712,0.8046949461390365
2025-11-26,0.8718402344938777,0.7834980292313048,0.8841558198429188
2025-11-27,0.8845858817210897,0.7815348434353191,0.9790307959320823
2025-11-28,0.8906574681897924,0.9610259180339079,0.9988798333280049
2025-12-01,0.8910662123764449,1.0,1.0
2025-12-02,0.8644573992932724,1.0,0.9479486013412745
2025-12-03,0.8421299890656057,0.9845542090117305,0.9023318503438372
2025-12-04,0.8451468122946949,1.0,0.9139062772756301
2025-12-05,0.968520163010594,1.0,0.9193721727951114
2025-12-08,1.0,1.0,0.9185771242743294
2025-12-09,1.0,1.0,0.9448219392250274
2025-12-10,1.0,1.0,0.970960517684623
2025-12-11,1.0,1.0,0.9723736786642498
2025-12-12,1.0,1.0,1.0
2025-12-15,1.0,1.0,1.0
2025-12-16,1.0,1.0,1.0
2025-12-17,1.0,1.0,1.0
2025-12-18,1.0,1.0,1.0
2025-12-19,1.0,1.0,1.0
2025-12-22,1.0,1.0,1.0
2025-12-23,1.0,1.0,1.0
2025-12-24,1.0,1.0,1.0
2025-12-29,1.0,1.0,1.0
2025-12-30,1.0,1.0,1.0
2026-01-05,1.0,1.0,1.0
2026-01-06,1.0,1.0,1.0
2026-01-07,1.0,1.0,1.0
2026-01-08,1.0,1.0,1.0
2026-01-09,1.0,1.0,1.0
2026-01-12,1.0,1.0,1.0
2026-01-13,1.0,1.0,1.0
2026-01-14,1.0,1.0,1.0
2026-01-15,1.0,1.0,1.0
2026-01-16,1.0,1.0,1.0
2026-01-19,1.0,1.0,1.0
2026-01-20,1.0,1.0,1.0
2026-01-21,1.0,1.0,1.0
2026-01-22,1.0,1.0,1.0
2026-01-23,1.0,1.0,1.0
2026-01-26,1.0,0.9748915271616536,1.0
2026-01-27,0.9531197264087966,0.8867785173726492,0.9500981104439847
2026-01-28,0.9390155273827772,0.8867676494051397,0.9561767725001792
2026-01-29,0.8362071631687645,0.7622007842946196,0.8540587583410114
2026-01-30,0.7776047891507821,0.7186825765534185,0.7763994469540753
2026-02-02,0.4301382502021387,0.35525841190799395,0.4955040044120475
2026-02-03,0.3514733294867919,0.2838469790221869,0.40208716309388737
2026-02-04,0.3318234917809581,0.2678884816149894,0.38068312836922347
2026-02-05,0.32877075654697663,0.2687821799763658,0.3773289937986323
2026-02-06,0.3153218623408179,0.2584796563285162,0.36225107537781215
2026-02-09,0.31548158892109507,0.2609195186173129,0.3623036586998147
2026-02-10,0.3130269994831795,0.2642878626390822,0.3626059041206589
2026-02-11,0.3131678713637797,0.263447692062287,0.362626944637353
2026-02-12,0.3174249671680743,0.27332773296611024,0.3628770260787722
2026-02-13,0.31810778769186526,0.2910229748934463,0.3633138740930206
2026-02-16,0.31725707126223673,0.3540277606137441,0.35928879907800215
2026-02-17,0.3252949345038457,0.5134516492197954,0.35974567670536417
2026-02-18,0.3234175536301752,0.6312262837570736,0.35734492554866476
2026-02-19,0.33633762946670526,0.7086884463514952,0.3629395652035011
2026-02-20,0.35331686654289274,0.9428512487146399,0.36216054114377294
2026-02-23,0.42960889464353225,0.9351957249016978,0.36468598170397226
2026-02-24,0.591203622924213,0.9629039674132293,0.36960221787917535
2026-02-25,0.7229365562211136,0.9849804129062565,0.36958878357539915
2026-02-26,0.7746716151908242,0.9859688633369577,0.3815093897730921
2026-02-27,1.0,0.989371340491785,0.40059521397095865
2026-03-02,1.0,1.0,0.49038064930290376
2026-03-03,0.8615100081763507,0.7896013717633875,0.6253392306057828
2026-03-04,0.7783855200223744,0.7377500422310199,0.6843323588540046
2026-03-05,0.7458323220414703,0.6831875564084939,0.6959926752657211
2026-03-06,0.7417335811852247,0.6843523382265625,0.8045544095731348
2026-03-09,0.7605733310268631,0.663673014344564,0.7846118474610484
2026-03-10,0.7638806726603375,0.7236072417364134,0.8325820132294108
2026-03-11,0.7832142193212844,0.6942533876764165,0.8223899260629608
2026-03-12,0.7852588066708721,0.694010767962647,0.8232733240596191
2026-03-13,0.7998998573021556,0.6939602927311221,0.8236723193611676
2026-03-16,0.7585998356209489,0.6574851629567853,0.8217753142722697
2026-03-17,0.780983186080778,1.0,0.7926440706767622
2026-03-18,0.7810169232301438,1.0,0.8167626117648858
2026-03-19,0.7814221246329498,1.0,0.8145066104637408
2026-03-20,0.5742175759250522,0.6029300429840898,0.6223628827777496
2026-03-23,0.5760284767748466,0.6036598196924803,0.6273354157032035
2026-03-24,0.4936105991932814,0.4062847931635466,0.4871000287849128
2026-03-25,0.439469801136957,0.3701793153380575,0.45494505562881377
2026-03-26,0.41171016655055565,0.34268639566735487,0.4352208820186399
2026-03-27,0.4078651742560568,0.3432645872691758,0.4314160794277315
2026-03-30,0.40750364011771595,0.34197077996917336,0.43184233962488333
2026-03-31,0.3955034438591782,0.3283301705159232,0.454371929117614
2026-04-01,0.40063372674845393,0.32768571110153655,0.4552114999132931
2026-04-02,0.3769529591659216,0.3070182560890398,0.43136045521506144
2026-04-07,0.37517322099159445,0.34317170735225616,0.42829185767037664
2026-04-08,0.37327570951248057,0.3418998939483632,0.42564653746968056
2026-04-09,0.36695929168825814,0.5664304698097078,0.416330110011752
2026-04-10,0.36588107912481027,0.5766191617265202,0.4191543123780016
2026-04-13,0.36536789493227106,0.6243325563370623,0.4187780023666603
2026-04-14,0.4111008399080475,0.7013143835923221,0.41886619693287486
2026-04-15,0.41060341420004176,0.7102653264781082,0.41902537913125926
2026-04-16,0.6431991377986553,0.7417689184073177,0.42177775141590224
2026-04-17,0.7018482255748575,0.7407128972413644,0.42186592911959997
2026-04-20,0.7552524899009326,0.9492030422627292,0.42192651614979626
2026-04-21,0.8486083082658418,1.0,0.4759651607542088
2026-04-22,0.8525887575440567,1.0,0.47713930541432664
2026-04-23,0.8852377533699701,1.0,0.7225586350668678
2026-04-24,0.8556893094636653,1.0,0.7765524235960127
2026-04-27,1.0,1.0,0.8439453688801549
2026-04-28,1.0,1.0,0.9265995536156193
2026-04-29,1.0,1.0,0.8726968526770208
2026-04-30,1.0,1.0,0.9091168780062259
2026-05-01,1.0,1.0,0.8930441348928427
2026-05-05,1.0,1.0,1.0
2026-05-06,1.0,1.0,1.0
2026-05-07,1.0,0.843775424308609,0.9859168284800378
2026-05-08,1.0,0.8334459356871443,1.0
2026-05-11,1.0,0.8563814105820141,1.0
2026-05-12,1.0,0.8287206195149819,1.0
2026-05-13,0.9721255864509748,0.8126903588569304,1.0
2026-05-15,0.9717937928981801,0.8993258771888554,1.0
2026-05-18,0.8551541337121463,0.7545985259178072,0.9887255148090804
2026-05-19,0.8670916210900858,0.7863111653238489,0.9940946102054036
2026-05-20,0.8673947396184734,0.8088858882273446,0.9930620484803231
2026-05-21,0.8537295659097337,0.7772501720097716,0.9716965976359945
2026-05-22,0.8584236580908876,0.9891964656510007,0.9306719153916273
2026-05-26,0.8677606695013387,1.0,0.9311241347103716
2026-05-27,0.8992292763472567,1.0,0.9422591033429298
2026-05-28,0.9154906359715949,1.0,0.9402824036765873
2026-05-29,0.8559604228160377,1.0,0.9022520489857465
2026-06-01,0.8694809620323471,0.7455447681179369,0.8217897272602485
2026-06-02,0.8819866739163789,0.8632197079627176,0.8248445861935668
2026-06-03,0.8662456337151161,0.8490779743533887,0.837243272643513
2026-06-04,0.8455835300608631,0.7931201441760198,0.8216303866639625
2026-06-05,0.8600276434377675,0.8193423215087697,0.8182289118201148
2026-06-08,0.8589677361320556,0.8664024819418531,0.9445570414156366
2026-06-09,0.7662259347737579,0.6570319489349477,0.8062030520432324
2026-06-10,0.746363069567118,0.6369108794319164,0.7866544760956274
2026-06-11,0.6638100075189909,0.5629327268098389,0.7174032669372417
2026-06-12,0.654422239107882,0.5638357964220223,0.7203805296907211
2026-06-15,0.5870108388500545,0.5416294419948676,0.6343959431578196
2026-06-16,0.5488606574840046,0.4929378716827517,0.6212644039917116
2026-06-17,0.5486339828312857,0.49701050357328735,0.6207998784774313
2026-06-18,0.5493086041239285,0.5073174368128154,0.6209480904182997
2026-06-19,0.5566207886259582,0.5039160845189632,0.6201645700350898
2026-06-22,0.5884450917565178,0.4909263733765435,0.6156230420286186
2026-06-23,0.5787050622823857,0.5468477553082637,0.6081651884019712
2026-06-24,0.5723544652324211,0.5366249933294421,0.596185305226264
2026-06-25,0.5780109135688284,0.6065645964370782,0.5950813193260646
2026-06-26,0.5776542989326647,0.6130661893239122,0.5981479038437324
2026-06-29,0.5624833125404907,0.7400225895221929,0.6336847593206482
2026-06-30,0.6219850981793331,0.9541910313924907,0.6333117304102289
2026-07-01,0.6341807669004328,0.9775384751178343,0.640312737821028
2026-07-02,0.7063543860520557,0.9865811515869296,0.6467685717941094
2026-07-03,0.6940027034128302,0.8101292295995332,0.6216797039905047
2026-07-06,0.7397499940054312,0.7504157825075081,0.5887147442178735
2026-07-07,0.8248525705042106,0.7603381365763309,0.6450437837264831
2026-07-08,0.8274340742363615,0.8462765603890663,0.6521963440226847
2026-07-09,0.8072749873346283,0.8126685153466886,0.7052082987523774
2026-07-10,0.7944142468527305,0.8664257038237216,0.7199093253493972
2026-07-13,0.8546036255670029,0.8938715756329667,0.8142060278455251
2026-07-14,0.8695468663328053,0.8767600827006773,0.4498830590180908
2026-07-15,0.9166434600585742,0.8439882635351847,0.8903975906607489
2026-07-16,0.9297491168471193,0.8656912899612761,0.8855738375228026
2026-07-17,0.9982396931671643,0.9907903924847244,0.901615382709414
2026-07-20,1.0,1.0,0.9570547744567215
2026-07-21,1.0,1.0,0.9747457470346285
2026-07-22,0.9985109629381569,1.0,1.0
2026-07-23,0.9937597289070684,1.0,1.0
2026-07-24,1.0,1.0,1.0
2026-07-27,1.0,1.0,1.0
2026-07-28,1.0,1.0,1.0
2026-07-29,1.0,1.0,0.5
2026-07-30,1.0,1.0,1.0
2026-07-31,1.0,1.0,1.0
2026-08-03,1.0,1.0,1.0
2026-08-04,1.0,1.0,1.0
2026-08-05,1.0,1.0,1.0
2026-08-06,1.0,1.0,1.0
2026-08-07,0.9991166830969419,0.8906210704243632,1.0
2026-08-10,1.0,0.94953622344356,1.0
2026-08-11,1.0,0.9509231023299674,1.0
2026-08-12,1.0,1.0,1.0
2026-08-13,1.0,1.0,1.0
2026-08-14,1.0,1.0,1.0
2026-08-17,1.0,0.9969960029148361,1.0
2026-08-18,1.0,1.0,1.0
2026-08-19,1.0,1.0,1.0
2026-08-20,1.0,1.0,1.0
2026-08-21,0.9723976394692859,1.0,1.0
2026-08-24,0.9551223243544228,0.998360764360754,0.9996119289297154
2026-08-25,0.9753792698885352,0.992226934343711,0.997198252845403
2026-08-26,0.9646831227386333,0.971300312050302,1.0
2026-08-27,1.0,0.964611922035339,1.0
