date,low_vol_trend,macro_three_vote,dollar_weakness,portfolio,gold
2025-10-01,100.0,100.0,100.0,100.0,100.0
2025-10-02,99.79469473671864,100.0,100.0,99.93156491223954,99.7786984380227
2025-10-03,99.5184130010515,100.0,100.0,99.83947100035049,99.34638840997401
2025-10-06,100.85669612751707,100.0,100.0,100.28556537583903,101.43717351586423
2025-10-07,101.18939037066275,100.0,100.0,100.39646345688757,101.96083477007798
2025-10-08,102.3716510923055,100.0,100.0,100.79055036410185,103.82517176603794
2025-10-09,102.46649429043728,100.0,100.0,100.82216476347908,103.97570829366202
2025-10-10,101.77701245484133,100.0,100.0,100.5923374849471,102.88078021666966
2025-10-13,102.8514035560653,100.0,100.0,100.95046785202176,104.75541030853555
2025-10-14,103.89505580507736,100.0,100.0,101.29835193502579,106.63132703738967
2025-10-15,104.56270709508668,100.0,100.0,101.52090236502889,107.85234553922956
2025-10-16,105.05704553048912,100.0,100.0,101.68568184349637,108.73497851316229
2025-10-17,106.6947874671968,100.0,100.0,102.23159582239893,111.63505828465557
2025-10-20,105.51810019520185,100.0,100.0,101.83936673173395,109.43490903476494
2025-10-21,105.78588659188695,100.0,100.0,101.9286288639623,110.01003576850827
2025-10-22,103.36075680471153,100.0,100.0,101.12025226823717,105.02817735004245
2025-10-23,103.35004467895705,100.44168826799074,100.44168826799074,101.4111404049795,106.16556444764673
2025-10-24,103.302288476976,99.82634819140662,99.82634819140662,100.98499495326307,104.72324438382957
2025-10-27,103.28438658335217,99.38455069232775,99.38455069232775,100.68449598933587,103.69522143022567
2025-10-28,103.25006643425365,98.05583392868677,98.05583392868677,99.78724476387573,100.62015902833174
2025-10-29,103.28340139444767,99.34806161664265,99.34806161664265,100.65984154257765,103.5614111834487
2025-10-30,103.27260183802018,98.92403727589699,98.92403727589699,100.37355879660473,102.58099379840972
2025-10-31,103.27146120100528,99.22386659462151,99.22386659462151,100.57306479674943,103.27063122410642
2025-11-03,103.27146120100528,99.17858296074313,99.17858296074313,100.54287570749717,102.78042253158695
2025-11-04,103.27146120100528,99.17843624580892,99.17843624580892,100.54277789754104,102.74311005892798
2025-11-05,103.27146120100528,99.17843624580892,99.17843624580892,100.54277789754104,102.02619592908057
2025-11-06,103.27146120100528,99.17843624580892,99.17843624580892,100.54277789754104,103.0416098401997
2025-11-07,103.27146120100528,99.17843624580892,99.17843624580892,100.54277789754104,103.09564859370577
2025-11-10,103.27146120100528,99.17843624580892,99.17843624580892,100.54277789754104,104.92781966495971
2025-11-11,103.27146120100528,99.17843624580892,99.17843624580892,100.54277789754104,106.46921077687142
2025-11-12,103.27146120100528,99.17843624580892,99.17843624580892,100.54277789754104,106.02146110496386
2025-11-13,103.27146120100528,99.17843624580892,99.17843624580892,100.54277789754104,108.96013998610432
2025-11-14,103.27146120100528,99.17843624580892,99.17843624580892,100.54277789754104,107.07907670929724
2025-11-17,103.27146120100528,99.17843624580892,99.17843624580892,100.54277789754104,105.07192300764262
2025-11-18,103.27146120100528,99.17843624580892,99.17843624580892,100.54277789754104,103.98728802655619
2025-11-19,103.27146120100528,99.17843624580892,99.17843624580892,100.54277789754104,105.77828671418645
2025-11-20,103.27146120100528,99.17843624580892,99.17843624580892,100.54277789754104,104.54054193149946
2025-11-21,103.27146120100528,99.17843624580892,99.17843624580892,100.54277789754104,103.81359203314378
2025-11-24,103.27146120100528,99.17843624580892,99.17843624580892,100.54277789754104,104.67949872622937
2025-11-25,103.27146120100528,99.17843624580892,99.17843624580892,100.54277789754104,106.28007513960011
2025-11-26,103.27146120100528,99.17843624580892,99.17843624580892,100.54277789754104,106.94397982553203
2025-11-27,103.19718843309735,99.17843624580892,99.17843624580892,100.51802030823839,106.89380098299065
2025-11-28,103.26316480291753,99.17843624580892,99.17843624580892,100.5400124315118,107.03275777772059
2025-12-01,104.44145195104811,99.17843624580892,99.17843624580892,100.93277481422199,109.46964823344743
2025-12-02,103.5997144889138,99.17843624580892,99.17843624580892,100.65219566017723,107.7095288335349
2025-12-03,103.78829178165078,99.17843624580892,99.17843624580892,100.71505475775622,108.1006664779599
2025-12-04,103.77095416466614,99.17843624580892,99.17843624580892,100.70927555209467,108.06464064228918
2025-12-05,104.07503221298138,99.17843624580892,99.17843624580892,100.81063490153308,108.69637940351511
2025-12-08,103.84547127301256,99.17843624580892,99.17843624580892,100.73411458821012,108.1842978821955
2025-12-09,103.85227678940811,99.17843624580892,99.17843624580892,100.73638309367533,108.20231080003089
2025-12-10,103.68964736479978,99.17843624580892,99.17843624580892,100.68217328547256,107.85620545019428
2025-12-11,103.95598575301071,99.17843624580892,99.17843624580892,100.77095274820952,108.42618563598467
2025-12-12,105.39436043235801,99.17843624580892,99.17843624580892,101.25041097465862,111.15256941406552
2025-12-15,105.62248407142674,99.17843624580892,99.17843624580892,101.32645218768154,111.61575872983195
2025-12-16,104.7590292084919,99.17843624580892,99.17843624580892,101.03863390003659,110.0396284192378
2025-12-17,105.28837564265898,99.17843624580892,99.17843624580892,101.21508271142561,111.03291217415921
2025-12-18,105.38209550823684,99.17843624580892,99.17843624580892,101.24632266661824,111.20660816757162
2025-12-19,105.46779224862888,99.17843624580892,99.2058852566937,101.28403791704385,111.3597179691722
2025-12-22,106.66881685169669,99.17843624580892,100.52850331484105,102.12525213744888,113.38102467769744
2025-12-23,107.76584766343132,99.17843624580892,101.79793817520229,102.9140740281475,115.33027971488126
2025-12-24,107.75016622304582,99.17843624580892,101.78042100782514,102.90300782555997,115.30326033812821
2025-12-29,107.42205831425287,99.17843624580892,101.39585355197545,102.66544937067907,114.71012068654952
2025-12-30,106.46094184140307,99.17843624580892,100.25476826259853,101.96471544993683,112.95257456061347
2026-01-05,107.07937172161613,99.17843624580892,101.04743322178157,102.43508039640221,114.1684465145004
2026-01-06,107.30125937968037,99.17843624580892,100.97321369136323,102.4843031056175,114.58145698772549
2026-01-07,107.39993925645632,99.17843624580892,100.97321369136323,102.51719639787616,114.75643961812617
2026-01-08,106.97928635931095,99.17843624580892,100.4215876123782,102.19310340583269,114.05007591158231
2026-01-09,107.56729339038911,99.17843624580892,101.09798708259888,102.61457223959898,115.05622603638611
2026-01-12,109.30478973925224,99.17843624580892,103.10917803387693,103.86413467297938,118.0540902189856
2026-01-13,109.2328330882691,99.17843624580892,103.02509519561556,103.81212150989786,117.92799979413809
2026-01-14,109.90277564056363,99.17843624580892,103.88673312064395,104.32264833567218,119.21978333033118
2026-01-15,109.6100625438779,99.17843624580892,103.51180253256686,104.10010044075122,118.65623632948201
2026-01-16,109.55836221557584,99.17843624580892,103.44581604235343,104.06087150124608,118.55716528138751
2026-01-19,110.38571953036474,99.17843624580892,103.36683517497238,104.31033031704867,120.04194436581663
2026-01-20,111.21605171307827,99.17843624580892,103.36683517497238,104.58710771128652,121.56017601193997
2026-01-21,113.26651733694216,99.17843624580892,105.57984911679492,106.00826756651533,125.08041481176502
2026-01-22,112.79699730922836,99.17843624580892,104.99437922464463,105.65660425989395,124.17462237204396
2026-01-23,114.07676345601749,99.17843624580892,106.6713178193992,106.6421725070752,126.76462262937133
2026-01-26,116.10859726264266,99.17843624580892,109.4462060051975,108.24441317121637,131.0709966290111
2026-01-27,116.04379393499616,99.17843624580892,109.35653319285068,108.19292112455192,130.93075319729292
2026-01-28,118.11187589614714,99.17843624580892,112.47858839128793,109.92296684441465,135.812253930676
2026-01-29,118.28868883129246,99.17843624580892,116.13247590062954,111.19986699257699,141.57381436401533
2026-01-30,118.25502978264215,99.17843624580892,111.78826337861393,109.74057646902168,130.29644116209053
2026-02-02,118.2281984094655,99.17843624580892,109.28834783450456,108.89832749659298,120.56946553099507
2026-02-03,118.2464663472943,99.17843624580892,110.67218486285961,109.36569581865429,126.6990041429711
2026-02-04,118.2558167029744,99.17843624580892,111.39203227691891,109.60876174190075,129.99536810684234
2026-02-05,118.24211016799535,99.17843624580892,110.33004014458119,109.25019551946184,125.03795579115308
2026-02-06,118.2417507910811,99.17843624580892,110.39248125721473,109.27088943136822,125.32101592856593
2026-02-09,118.2417507910811,99.17843624580892,111.08610354966679,109.50209686218561,128.47070327577777
2026-02-10,118.2417507910811,99.17843624580892,111.3945524451014,109.6049131606638,129.89758369573607
2026-02-11,118.2417507910811,99.17843624580892,111.51785340128897,109.646013479393,130.47271042947943
2026-02-12,118.2417507910811,99.17843624580892,111.47908839396794,109.63309181028599,130.29129461413757
2026-02-13,118.2417507910811,99.17843624580892,110.96195708726704,109.46071470805234,127.87370371323436
2026-02-16,118.2417507910811,99.17843624580892,111.16348077525377,109.5278892707146,128.8026556187437
2026-02-17,118.2417507910811,98.74199980732192,110.70209480947564,109.22861513595954,126.66426494428862
2026-02-18,118.2417507910811,98.71466787413267,110.67145230410662,109.20929032310679,126.52402151257046
2026-02-19,118.2417507910811,99.08709271708396,111.08898699404857,109.47261016740454,128.4333908031188
2026-02-20,118.2417507910811,99.2918263189603,111.3185188918208,109.61736533395407,129.49486631841694
2026-02-23,118.2417507910811,99.86032297969496,111.95587453945122,110.01931610340908,132.46056457631045
2026-02-24,118.2417507910811,99.95586592549927,112.06299009580458,110.08686893746166,132.96749954967706
2026-02-25,118.2417507910811,99.97762805219453,112.08738815354474,110.10225566560678,133.08329687861865
2026-02-26,118.2417507910811,99.95263364518149,112.10364291085418,110.09934244903893,133.16049509791307
2026-02-27,118.2417507910811,99.92450672587017,112.10012257808968,110.08879336501364,133.14376881706596
2026-03-02,118.2417507910811,101.14944606801069,113.47431850763661,110.95517178890945,138.71104706518102
2026-03-03,118.2417507910811,100.4711829183815,112.49481065790326,110.4025814557886,135.54977998507502
2026-03-04,118.2417507910811,100.00034084648564,111.75513010732541,109.99907391496404,133.39080311880807
2026-03-05,118.2417507910811,99.74672794799123,111.4847107078076,109.8243964822933,132.62010756285224
2026-03-06,118.2417507910811,99.21330073779913,111.21756386895798,109.55753846594605,130.92174673837525
2026-03-09,118.2417507910811,99.26867512939815,111.24247647462111,109.58430079836678,131.0967293687759
2026-03-10,118.2417507910811,99.50315020395935,111.53304458427502,109.75931519310515,133.13990890610123
2026-03-11,118.2417507910811,99.5216443942293,111.59934781182011,109.7875809990435,133.38822984483159
2026-03-12,118.2417507910811,99.5170256869777,111.56991607004034,109.77623084936639,133.33805100229023
2026-03-13,118.2417507910811,99.28293398450383,110.857916240121,109.4608670052353,130.79565631352773
2026-03-16,118.2417507910811,99.27068572538377,110.17526278813637,109.22923310153377,128.32659993309488
2026-03-17,118.2417507910811,99.27068572538377,110.31167864280023,109.27470505308837,128.8142353516379
2026-03-18,118.2417507910811,99.27068572538377,110.14940264088071,109.22061305244854,128.23267543295336
2026-03-19,118.2417507910811,99.27068572538377,107.98582941885313,108.49942197843934,120.50256040760661
2026-03-20,118.2417507910811,99.27068572538377,107.95064349432025,108.48769333692837,119.67525282416818
2026-03-23,118.2417507910811,99.27068572538377,107.95064349432025,108.48769333692837,109.71282262422481
2026-03-24,118.2417507910811,99.27068572538377,107.95064349432025,108.48769333692837,113.72327011656931
2026-03-25,118.2417507910811,99.27068572538377,107.95064349432025,108.48769333692837,117.23192918350016
2026-03-26,118.2417507910811,99.27068572538377,107.95064349432025,108.48769333692837,114.32541622706572
2026-03-27,118.2417507910811,99.27068572538377,107.95064349432025,108.48769333692837,113.9921772471115
2026-03-30,118.2417507910811,99.27068572538377,107.95064349432025,108.48769333692837,116.51913229201514
2026-03-31,118.2417507910811,99.27068572538377,107.95064349432025,108.48769333692837,117.1856102519235
2026-04-01,118.2417507910811,99.27068572538377,107.95064349432025,108.48769333692837,121.45081186793958
2026-04-02,118.2417507910811,99.27068572538377,107.95064349432025,108.48769333692837,119.03064769305986
2026-04-07,118.2417507910811,99.27068572538377,107.95064349432025,108.48769333692837,120.49355394868893
2026-04-08,118.2417507910811,99.27068572538377,107.95064349432025,108.48769333692837,123.46697202851189
2026-04-09,118.2417507910811,99.27068572538377,107.95064349432025,108.48769333692837,121.69141298474048
2026-04-10,118.2417507910811,99.27068572538377,108.03429319411002,108.51557657019163,122.18805486220118
2026-04-13,118.2417507910811,99.27068572538377,107.85347955651628,108.45530535766038,121.37490028563343
2026-04-14,118.2417507910811,99.27068572538377,108.17034004733719,108.56092552126736,122.79277424667406
2026-04-15,118.2417507910811,99.38328420521529,108.32027481432385,108.64843660354008,123.46954530248834
2026-04-16,118.2417507910811,99.46069764858422,108.40465800133896,108.7023688136681,123.85038985100742
2026-04-17,118.2417507910811,99.37124617218974,108.30716263949745,108.64005320092275,123.41036000102932
2026-04-20,118.2417507910811,99.32534482335649,108.25713363166112,108.60807641536624,123.1851985280873
2026-04-21,118.2417507910811,99.29723790981386,108.22649921603669,108.58849597231054,123.07712102107511
2026-04-22,118.2417507910811,99.13864050778636,108.17864870728697,108.51968000205149,122.38877023236662
2026-04-23,118.2417507910811,98.8097539573767,108.13581350553203,108.39577275132996,120.96703636036128
2026-04-24,118.2417507910811,98.76975973830226,108.11926901037523,108.37692651325285,120.42407555132395
2026-04-27,118.2417507910811,98.78455563705917,108.13547384758894,108.38726009190972,120.98504927819667
2026-04-28,117.12841741547521,98.72259051873755,108.0676431286216,107.97288368761146,118.64722987056433
2026-04-29,116.59350007221636,98.69103437342706,108.03309988748491,107.77254477770944,117.47767684825403
2026-04-30,117.30935082132862,98.68783449558777,108.02959711011071,108.00892747567569,119.03450760402461
2026-05-01,116.63377248394981,98.68783449558777,108.02959711011071,107.78373469654943,117.55487506754845
2026-05-05,116.42934825144154,98.68783449558777,108.02959711011071,107.71559328571333,117.19075679987647
2026-05-06,118.58293963003081,98.68783449558777,108.02959711011071,108.43345707857642,120.92586397673762
2026-05-07,119.09443294629519,98.68783449558777,108.02959711011071,108.60395485066456,121.82264995754097
2026-05-08,118.76055897025996,98.68783449558777,108.02959711011071,108.49266352531949,121.20377756619749
2026-05-11,117.92673448526546,98.68783449558777,108.02959711011071,108.21472203032131,119.69969892694475
2026-05-12,118.5810929216237,98.68783449558777,108.02959711011071,108.4328415091074,120.90913769589046
2026-05-13,118.4172529774987,98.68783449558777,108.02959711011071,108.37822819439906,120.60291809268932
2026-05-15,116.53403267928537,98.68783449558777,108.02959711011071,107.7504880949946,117.17017060806465
2026-05-18,116.37540241300341,98.68783449558777,108.02959711011071,107.6976113395673,116.86266436787524
2026-05-19,116.36999517404891,98.68783449558777,108.02959711011071,107.69580892658247,116.85237127196932
2026-05-20,115.52122036860084,98.68783449558777,108.02959711011071,107.4128839914331,115.135997529657
2026-05-21,116.31527828456314,98.68783449558777,108.02959711011071,107.67756996342054,116.76745323074546
2026-05-22,116.04331960673962,98.68783449558777,108.02959711011071,107.5869170708127,116.18589331206095
2026-05-26,116.06423296947617,98.68783449558777,108.02959711011071,107.59388819172487,116.23092560664936
2026-05-27,115.70766840531981,98.68783449558777,108.02959711011071,107.4750333370061,115.47438305756414
2026-05-28,114.54925279764538,98.68783449558777,108.02959711011071,107.08889480111462,113.01561977303723
2026-05-29,114.51628795130102,98.68783449558777,108.02959711011071,107.07790651899984,116.45994699055609
2026-06-01,114.51110575123116,98.68783449558777,108.02959711011071,107.07617911897654,115.5502946398703
2026-06-02,114.51604040971837,98.68783449558777,108.02959711011071,107.07782400513895,116.40976814801473
2026-06-03,114.5039336461737,98.68783449558777,108.02959711011071,107.07378841729073,114.28553048043027
2026-06-04,114.5073096634923,98.68783449558777,108.02959711011071,107.07491375639694,114.89539641285606
2026-06-05,114.50667214584165,98.68783449558777,108.02959711011071,107.07470125051337,114.8477908442912
2026-06-08,112.24125454657568,98.68783449558777,108.02959711011071,106.31956205075804,110.1515658372147
2026-06-09,112.81275655993656,98.68783449558777,108.02959711011071,106.51006272187836,111.33913177736035
2026-06-10,110.83822732893395,98.68783449558777,108.02959711011071,105.85188631154415,107.2128869560742
2026-06-11,109.75081594495018,98.68783449558777,108.02959711011071,105.48941585021622,104.98571832943054
2026-06-12,111.575834928145,98.68783449558777,108.02959711011071,106.09775551128115,108.68222639664444
2026-06-15,112.99878981246043,98.68783449558777,108.02959711011071,106.57207380605297,111.61704536682022
2026-06-16,113.06953474507051,98.68783449558777,108.02959711011071,106.59565545025633,111.76500862046782
2026-06-17,113.01613443246399,98.68783449558777,108.02959711011071,106.57785534605415,111.47036875016083
2026-06-18,113.01613443246399,98.68783449558777,108.02959711011071,106.57785534605415,109.74756182290729
2026-06-19,113.01613443246399,98.68783449558777,108.02959711011071,106.57785534605415,107.16528138750934
2026-06-22,113.01613443246399,98.68783449558777,108.02959711011071,106.57785534605415,108.2769357453488
2026-06-23,113.01613443246399,98.68783449558777,108.02959711011071,106.57785534605415,105.83232546769254
2026-06-24,113.01613443246399,98.68783449558777,108.02959711011071,106.57785534605415,104.72067110985309
2026-06-25,113.01613443246399,98.68783449558777,108.02959711011071,106.57785534605415,102.78942899050463
2026-06-26,113.01613443246399,98.68783449558777,108.02959711011071,106.57785534605415,104.16484393093333
2026-06-29,113.01613443246399,98.68783449558777,108.02959711011071,106.57785534605415,104.03360695813284
2026-06-30,113.01613443246399,98.68783449558777,108.02959711011071,106.57785534605415,103.36069581328324
2026-07-01,113.01613443246399,98.68783449558777,108.02959711011071,106.57785534605415,102.37899179125603
2026-07-02,113.01613443246399,98.68783449558777,108.02959711011071,106.57785534605415,104.58300095211138
2026-07-03,113.01613443246399,98.68783449558777,108.02959711011071,106.57785534605415,107.3376907439335
2026-07-06,113.01613443246399,98.68783449558777,108.02959711011071,106.57785534605415,106.47049741385966
2026-07-07,113.01613443246399,98.68783449558777,108.02959711011071,106.57785534605415,106.12567870101128
2026-07-08,113.01613443246399,98.68783449558777,108.02959711011071,106.57785534605415,104.3565528421811
2026-07-09,113.01613443246399,98.68783449558777,108.02959711011071,106.57785534605415,105.68564885103318
2026-07-10,113.01613443246399,98.68783449558777,108.02959711011071,106.57785534605415,105.56084506317387
2026-07-13,113.01613443246399,98.68783449558777,108.02959711011071,106.57785534605415,104.75669694552379
2026-07-14,113.01613443246399,98.68783449558777,108.02959711011071,106.57785534605415,103.3401096214714
2026-07-15,113.01613443246399,98.68783449558777,108.02959711011071,106.57785534605415,103.6347494917784
2026-07-16,113.01613443246399,98.68783449558777,108.02959711011071,106.57785534605415,103.72738735493168
2026-07-17,113.01613443246399,98.68783449558777,108.02959711011071,106.57785534605415,102.90007977149327
2026-07-20,113.01613443246399,98.68783449558777,108.02959711011071,106.57785534605415,103.31180360773011
2026-07-21,113.01613443246399,98.68783449558777,108.02959711011071,106.57785534605415,104.55726821234657
2026-07-22,113.01613443246399,98.68783449558777,108.02959711011071,106.57785534605415,105.98414863230488
2026-07-23,113.01613443246399,98.68783449558777,108.02959711011071,106.57785534605415,105.24947891201977
2026-07-24,113.01613443246399,98.68783449558777,108.02959711011071,106.57785534605415,104.26520161601607
2026-07-27,113.01613443246399,98.68783449558777,108.02959711011071,106.57785534605415,105.27521165178457
2026-07-28,113.01613443246399,98.68783449558777,108.02959711011071,106.57785534605415,103.90108334834409
2026-07-29,113.01613443246399,98.68783449558777,108.02959711011071,106.57785534605415,103.7441136357788
2026-07-30,113.01613443246399,98.68783449558777,108.02959711011071,106.57785534605415,104.5135225547464
2026-07-31,113.01613443246399,98.68783449558777,108.02959711011071,106.57785534605415,104.27420807493372
2026-08-03,113.01613443246399,98.68783449558777,108.02959711011071,106.57785534605415,104.10565862947429
2026-08-04,113.01613443246399,98.68783449558777,108.02959711011071,106.57785534605415,104.19700985563934
2026-08-05,113.01613443246399,98.68783449558777,108.02959711011071,106.57785534605415,106.95684619541443
2026-08-06,113.01613443246399,98.68783449558777,108.02959711011071,106.57785534605415,110.16443220709711
2026-08-07,113.01613443246399,98.68783449558777,108.02959711011071,106.57785534605415,110.69838655721675
2026-08-10,113.01613443246399,98.68783449558777,108.02959711011071,106.57785534605415,111.69295694912637
2026-08-11,113.01613443246399,98.68783449558777,108.02959711011071,106.57785534605415,112.50868479967062
2026-08-12,113.01613443246399,98.68783449558777,108.02959711011071,106.57785534605415,113.56372713002753
2026-08-13,113.01613443246399,98.68783449558777,108.02959711011071,106.57785534605415,112.72097990273025
2026-08-14,113.01613443246399,98.68783449558777,108.02959711011071,106.57785534605415,111.9348447029155
2026-08-17,113.01613443246399,98.68783449558777,108.02959711011071,106.57785534605415,113.05936543063741
2026-08-18,113.01613443246399,98.68783449558777,108.02959711011071,106.57785534605415,112.9345616427781
2026-08-19,113.01613443246399,98.68783449558777,108.02959711011071,106.57785534605415,112.08538123053961
2026-08-20,113.01613443246399,98.68783449558777,108.02959711011071,106.57785534605415,115.47824296852886
2026-08-21,113.01613443246399,98.68783449558777,108.02959711011071,106.57785534605415,117.906126965338
2026-08-24,113.60378468046602,98.68783449558777,108.70366319653748,106.99842745753043,119.25066261804895
2026-08-25,113.49902707173189,98.68783449558777,108.58337633268901,106.92341263333623,119.03064769305986
2026-08-26,113.43652433109987,98.68783449558777,108.51162144157178,106.87866008941981,118.9122770901418
2026-08-27,113.0984473081243,98.68783449558777,108.12354235168561,106.63660805179924,118.24065258228043
