signal_date,price,range_20d,return_20d,label,hit_date,first_passage_return,days_observed,future_max_return,future_min_return,date,long_temperature,short_temperature,prediction,correct,split
2020-01-31,1580.85,0.0249199003203988,0.0025367029203793,unresolved,,,60,0.0927981781952747,-0.068633962741563,2020-01-31,50.0,50.0,abstain,False,train_2020_2023
2020-05-07,1688.65,0.0476031654589006,0.0240138261423243,up,2020-07-23,0.1147070144790216,60,0.1693956710982145,0.00198383323957,2020-05-07,50.0,50.0,abstain,False,train_2020_2023
2020-07-21,1823.2,0.0367632424440591,0.0267500140789547,up,2020-08-05,0.1158677051338306,60,0.1307042562527425,0.0152204914436155,2020-07-21,55.37882495297187,50.548127108200624,abstain,False,train_2020_2023
2020-08-25,1925.45,0.0706588070321223,-0.0147875252641542,unresolved,,,60,0.0324599444285751,-0.0386922537588615,2020-08-25,55.02960143095626,45.60282763196296,abstain,False,train_2020_2023
2020-12-09,1859.8,0.0641383786224214,-0.004389721627409,unresolved,,,60,0.0523712227121195,-0.08890740939886,2020-12-09,51.23498206578087,53.8664320917092,abstain,False,train_2020_2023
2021-01-12,1861.85,0.0752369180057683,0.0150746919637989,unresolved,,,60,0.0031151811370411,-0.0947981846013373,2021-01-12,42.15504034370957,35.58826679417618,down,False,train_2020_2023
2021-03-18,1734.1,0.0678981380388916,-0.022353770260747,up,2021-06-01,0.1001095669223228,60,0.1001095669223228,-0.0281125655959864,2021-03-18,39.1732367474476,46.18638358180566,down,False,train_2020_2023
2021-06-10,1882.0,0.0514799096070111,0.024412813324987,unresolved,,,60,0.0052869287991499,-0.0810042507970244,2021-06-10,47.34724639949708,48.91391994994341,abstain,False,train_2020_2023
2021-07-13,1807.85,0.0570599613152804,-0.0270437543727463,unresolved,,,60,0.013358409160052,-0.0433111154133362,2021-07-13,42.871148938681806,48.420054677344105,abstain,False,train_2020_2023
2021-12-21,1795.85,0.0228325986210014,0.0028199687290595,up,2022-03-07,0.1132611298271013,60,0.1232285547233902,-0.005457025920873,2021-12-21,44.23359965685292,46.05919316737661,down,False,train_2020_2023
2022-03-18,1932.9,0.0644591029023746,0.019757841145902,unresolved,,,60,0.0222722334316312,-0.0657561177505303,2022-03-18,50.64394035702237,42.51337318170725,abstain,False,train_2020_2023
2022-05-25,1859.05,0.0607210100786355,-0.0195659626084434,unresolved,,,60,-5.379091471446884e-05,-0.0927893278825205,2022-05-25,35.38258256308074,57.67883633441358,abstain,False,train_2020_2023
2022-08-01,1766.75,0.0714476297767632,-0.0223015411859107,unresolved,,,60,0.0151407952455073,-0.0840809395783217,2022-08-01,37.41696813390118,63.662372455533855,abstain,False,train_2020_2023
2022-10-04,1709.15,0.0672660981337287,-0.0016355617862671,unresolved,,,60,0.0620483866249303,-0.0517801246233508,2022-10-04,25.986771736113543,43.89505476634892,down,False,train_2020_2023
2022-12-08,1782.45,0.0374477891401412,0.0100297492562686,unresolved,,,60,0.0967488569104322,-0.0036466661056411,2022-12-08,45.34172727845345,62.69734427087976,abstain,False,train_2020_2023
2023-02-07,1873.8,0.0434480918067787,-0.0055459731988855,unresolved,,,60,0.0881097235564094,-0.0345554488205784,2023-02-07,55.32111520507246,38.04986587165284,abstain,False,train_2020_2023
2023-03-07,1843.05,0.0403803101075148,-0.0200451947361425,up,2023-04-14,0.1045006917880688,60,0.1062640731396327,-0.0161145926589078,2023-03-07,52.46679812376308,56.21919462596794,up,True,train_2020_2023
2023-04-20,1994.05,0.0483044519401603,0.0268815819965497,unresolved,,,60,0.0224919134424914,-0.0453850204357965,2023-04-20,59.629611474663335,38.774692421843966,abstain,False,train_2020_2023
2023-11-13,1937.45,0.0385505211988872,0.0072785879539369,unresolved,,,60,0.072440579111719,0.0046968954037522,2023-11-13,50.12658637922991,45.08544304576736,abstain,False,train_2020_2023
2024-05-01,2288.5,0.0464725032227055,-0.0017448200654307,up,2024-05-17,0.2373825649989076,60,0.2373825649989076,0.0039982521302164,2024-05-01,56.44891906813836,49.14524145924076,abstain,False,validation_2024
2024-06-21,2364.0,0.028877331186212,0.0009314929291217,unresolved,,,60,0.0945219966159052,-0.0226099830795261,2024-06-21,54.83557329849748,48.58450709560508,abstain,False,validation_2024
2024-08-30,2524.15,0.0548718055874795,0.0253478216715752,up,2024-10-30,0.1029257373769385,60,0.1029257373769385,-0.0196897965651804,2024-08-30,62.03449098760891,53.10822662501863,up,True,validation_2024
2024-10-14,2659.0,0.0391496486070823,0.0324208891477382,unresolved,,,60,0.0469913501316283,-0.0415757803685596,2024-10-14,60.15037804879816,48.45724420921576,abstain,False,validation_2024
2024-12-02,2637.25,0.0746728403539407,-0.0370607028753993,up,2025-02-11,0.1022276993079911,60,0.1199165797705943,-0.0117925869750686,2024-12-02,53.94993395965719,52.042271509653325,up,True,validation_2024
2025-03-03,2868.25,0.0431972308561741,0.0130863238202882,up,2025-04-11,0.1204567244835701,60,0.2044626514425171,0.0116447311078184,2025-03-03,53.95420102578331,48.67147698248455,abstain,False,blind_2025_present
2025-04-09,3044.7,0.0634540607542493,0.0339768733126177,up,2025-04-22,0.1346602292508292,60,0.1346602292508292,0.0203468322002169,2025-04-09,53.25080021156111,42.49983848985335,abstain,False,blind_2025_present
2025-05-23,3330.1,0.0649061958064007,0.00932001757922,unresolved,,,60,0.030044142818534,-0.0158703942824539,2025-05-23,62.42587900071356,52.33115469488473,up,False,blind_2025_present
2025-12-09,4204.85,0.054482809905064,0.020569889080362,up,2026-01-14,0.1018228949903086,60,0.3084176605586404,-0.0031986872302224,2025-12-09,55.9443231163708,45.72324952050205,abstain,False,blind_2025_present
2026-04-30,4625.8,0.0542461612599389,-0.0198953323304446,down,2026-06-11,-0.1180228284837218,60,0.0234229754853212,-0.1399217432660296,2026-04-30,43.55338817892937,42.8452575617041,down,True,blind_2025_present
2026-06-02,4523.8,0.077927548441449,-0.0097410415252938,down,2026-06-24,-0.1004133692913037,60,0.0244042619037092,-0.1205292011141075,2026-06-02,34.15645564816374,47.74138138478639,down,True,blind_2025_present
2026-07-22,4118.65,0.0484347312463082,0.0310802353235697,up,2026-08-21,0.1124883153460478,26,0.1251745110655191,-0.0211355662656452,2026-07-22,18.917431403368745,47.48534645055887,down,False,blind_2025_present
