strategy,final_cny,return_pct,max_drawdown_pct,turnover,average_weight
10_vol15_target20,352442.36,252.44,-24.63,14.34,0.947
09_vol10_target20,345863.87,245.86,-24.52,20.6,0.949
43_vol20_macro_3_20_x50,345068.32,245.07,-26.06,25.64,0.879
42_vol20_macro_3_20_x75,340185.04,240.19,-26.06,18.51,0.912
05_vol20_target18,338150.47,238.15,-23.98,14.73,0.928
06_vol20_target20,334919.23,234.92,-26.23,11.58,0.945
11_vol30_target20,334897.91,234.9,-24.9,8.37,0.94
12_vol40_target20,333448.13,233.45,-21.38,6.69,0.936
16_vol20_floor35,330289.0,230.29,-26.23,11.38,0.946
44_vol20_macro_4_25_x75,329899.7,229.9,-26.23,18.73,0.917
13_vol60_target20,329558.33,229.56,-21.5,5.11,0.931
07_vol20_target22,327071.3,227.07,-28.2,9.3,0.956
04_vol20_target16,326793.07,226.79,-21.7,19.05,0.902
19_vol20_floor65,326735.3,226.74,-23.38,8.92,0.957
18_vol20_floor55,326585.41,226.59,-24.34,10.14,0.952
17_vol20_floor45,326315.64,226.32,-25.68,10.89,0.948
20_vol20_floor75,325508.85,225.51,-23.37,7.28,0.965
45_vol20_macro_4_25_x50,324621.18,224.62,-26.23,25.92,0.889
22_vol20_ma50_overlay,322343.77,222.34,-23.26,34.83,0.853
14_vol90_target20,321311.72,221.31,-21.5,3.63,0.931
26_vol20_mom60_overlay,320658.62,220.66,-23.95,24.96,0.866
46_vol20_macro_5_30_x50,318195.08,218.2,-26.23,32.08,0.908
08_vol20_target25,316949.65,216.95,-30.39,7.6,0.967
15_vol120_target20,316887.05,216.89,-21.0,3.13,0.93
27_vol20_mom120_overlay,316017.05,216.02,-25.92,23.12,0.884
23_vol20_ma100_overlay,315580.0,215.58,-24.62,23.18,0.873
47_ensemble_vol_core90,314282.29,214.28,-26.59,8.76,0.957
30_vol20_season_broad,309732.88,209.73,-22.21,14.6,0.853
40_vol20_dd12_x75,308319.24,208.32,-23.65,23.3,0.876
28_vol20_macd_overlay,307280.64,207.28,-24.46,38.61,0.839
03_vol20_target14,305027.73,205.03,-21.01,24.99,0.86
24_vol20_ma200_overlay,303655.52,203.66,-25.3,25.11,0.887
36_vol20_dd8_x75,302387.52,202.39,-23.12,20.72,0.837
38_vol20_dd10_x75,301708.85,201.71,-24.15,21.67,0.855
29_vol20_season_classic,300063.29,200.06,-22.16,14.57,0.835
35_vol20_season_ex_jan,298111.37,198.11,-20.57,16.61,0.836
31_vol20_season_narrow,296659.7,196.66,-23.07,14.71,0.82
33_vol20_season_summer,296078.84,196.08,-23.13,14.83,0.824
32_vol20_season_q1_autumn,296038.37,196.04,-24.03,15.08,0.838
34_vol20_season_winter,292433.79,192.43,-22.16,12.13,0.817
21_vol20_ma20_overlay,289775.69,189.78,-23.87,63.03,0.849
50_ensemble_vol_fourvote,287557.81,187.56,-24.35,33.49,0.85
25_vol20_mom20_overlay,284479.85,184.48,-24.02,48.67,0.852
49_ensemble_vol_momentum,283683.29,183.68,-25.89,30.78,0.848
41_vol20_dd12_x50,282969.13,182.97,-24.44,35.2,0.808
02_vol20_target12,274874.96,174.87,-20.45,34.73,0.793
48_ensemble_vol_trend,273144.79,173.14,-25.01,33.0,0.823
37_vol20_dd8_x50,271689.59,171.69,-22.29,30.27,0.728
39_vol20_dd10_x50,270716.64,170.72,-24.1,32.1,0.765
01_vol20_target10,239132.28,139.13,-18.95,40.82,0.694
