strategy,family,train_return_pct,train_annualized_return_pct,train_max_drawdown_pct,train_average_weight_pct,validation_return_pct,validation_annualized_return_pct,validation_max_drawdown_pct,validation_average_weight_pct,blind_return_pct,blind_annualized_return_pct,blind_max_drawdown_pct,blind_average_weight_pct,full_return_pct,full_annualized_return_pct,full_max_drawdown_pct,full_average_weight_pct
trend_ma100_slope0,trend,10.58,2.55,-22.64,52.98,36.39,36.53,-8.21,85.15,60.47,33.23,-16.1,60.42,143.45,14.32,-22.64,59.76
trend_ma100_slope20,trend,9.85,2.38,-22.01,42.67,36.39,36.53,-8.21,85.15,61.39,33.7,-14.28,58.8,143.23,14.3,-22.01,53.17
trend_ma100_slope40,trend,7.2,1.76,-18.08,39.48,36.39,36.53,-8.21,85.15,61.39,33.7,-14.28,58.8,137.37,13.88,-18.08,51.26
trend_ma150_slope0,trend,2.39,0.59,-26.37,55.55,37.58,37.73,-8.21,85.94,62.34,34.17,-13.87,62.36,133.25,13.58,-26.37,61.96
trend_ma150_slope20,trend,7.3,1.78,-19.32,43.69,37.58,37.73,-8.21,85.94,62.17,34.09,-13.87,61.67,144.18,14.37,-19.32,54.68
trend_ma150_slope40,trend,2.08,0.52,-24.0,43.29,37.58,37.73,-8.21,85.94,62.17,34.09,-13.87,61.67,132.3,13.51,-24.0,54.44
trend_ma200_slope0,trend,-1.83,-0.46,-27.81,59.1,37.58,37.73,-8.21,85.94,57.91,31.94,-16.22,64.74,117.53,12.4,-27.81,64.68
trend_ma200_slope20,trend,1.17,0.29,-22.23,48.14,37.58,37.73,-8.21,85.94,57.91,31.94,-16.22,64.74,124.19,12.91,-22.23,58.11
trend_ma200_slope40,trend,4.45,1.1,-19.71,47.46,37.58,37.73,-8.21,85.94,57.91,31.94,-16.22,64.74,131.45,13.45,-19.71,57.71
trend_ma250_slope0,trend,10.37,2.5,-24.01,60.1,37.58,37.73,-8.21,85.94,61.01,33.51,-17.97,67.22,149.38,14.73,-24.01,65.9
trend_ma250_slope20,trend,9.22,2.23,-22.2,51.68,37.58,37.73,-8.21,85.94,61.01,33.51,-17.97,67.22,146.77,14.55,-22.2,60.85
trend_ma250_slope40,trend,1.23,0.31,-27.89,50.86,37.58,37.73,-8.21,85.94,61.01,33.51,-17.97,67.22,128.73,13.25,-27.89,60.36
dual_ma150_mom20,dual,0.44,0.11,-22.93,44.76,8.51,8.54,-9.7,65.21,49.38,27.57,-10.66,52.38,64.21,7.74,-22.93,49.81
dual_ma150_mom40,dual,4.69,1.16,-22.1,44.02,17.94,18.0,-10.5,71.04,61.79,33.9,-9.55,54.08,101.48,11.11,-22.1,50.68
dual_ma150_mom60,dual,8.44,2.05,-22.5,46.36,25.69,25.79,-9.72,78.74,54.43,30.17,-12.18,56.02,112.29,11.99,-22.5,53.73
dual_ma200_mom20,dual,-0.34,-0.08,-21.15,45.59,8.51,8.54,-9.7,65.21,48.57,27.15,-11.15,53.34,62.05,7.53,-21.15,50.55
dual_ma200_mom40,dual,2.75,0.68,-22.01,45.01,17.94,18.0,-10.5,71.04,60.82,33.41,-9.8,55.07,96.54,10.69,-22.01,51.52
dual_ma200_mom60,dual,7.87,1.92,-22.17,47.14,25.69,25.79,-9.72,78.74,53.59,29.74,-11.58,56.98,110.03,11.81,-22.17,54.44
dual_ma250_mom20,dual,6.28,1.54,-18.16,45.47,8.51,8.54,-9.7,65.21,50.16,27.97,-12.07,54.66,74.65,8.75,-18.16,50.8
dual_ma250_mom40,dual,8.72,2.12,-20.28,45.14,17.94,18.0,-10.5,71.04,62.54,34.27,-10.74,56.39,110.19,11.82,-20.28,51.92
dual_ma250_mom60,dual,13.9,3.32,-20.04,47.11,25.69,25.79,-9.72,78.74,54.4,30.15,-11.58,57.97,122.94,12.81,-20.04,54.67
macro_ma150_votes1,macro,2.63,0.65,-22.01,47.29,34.68,34.82,-7.75,76.3,56.65,31.3,-8.25,52.5,117.62,12.4,-22.01,53.03
macro_ma150_votes2,macro,14.73,3.5,-16.24,34.43,19.81,19.88,-3.98,46.13,26.87,15.53,-5.15,36.1,75.27,8.8,-16.24,36.66
macro_ma150_votes3,macro,9.45,2.29,-9.83,15.66,14.93,14.98,-2.37,30.68,17.2,10.11,-1.86,14.2,48.18,6.09,-9.83,17.61
macro_ma200_votes1,macro,-0.16,-0.04,-23.55,49.88,34.68,34.82,-7.75,76.3,54.91,30.41,-10.07,54.33,109.36,11.75,-23.55,55.03
macro_ma200_votes2,macro,12.66,3.03,-16.19,34.56,19.81,19.88,-3.98,46.13,26.87,15.53,-5.15,36.1,72.12,8.51,-16.19,36.74
macro_ma200_votes3,macro,9.21,2.23,-10.75,16.49,14.93,14.98,-2.37,30.68,17.2,10.11,-1.86,14.2,47.85,6.06,-10.75,18.11
macro_ma250_votes1,macro,6.43,1.57,-20.7,50.31,34.68,34.82,-7.75,76.3,60.18,33.09,-10.07,56.34,130.77,13.4,-20.7,55.79
macro_ma250_votes2,macro,13.41,3.21,-14.67,34.61,19.81,19.88,-3.98,46.13,32.25,18.48,-5.15,36.68,80.62,9.3,-14.67,36.91
macro_ma250_votes3,macro,6.33,1.55,-13.1,17.51,14.93,14.98,-2.37,30.68,17.2,10.11,-1.86,14.2,43.95,5.63,-13.1,18.72
