strategy,raw_current_signal_pct,train_return_pct,train_annualized_return_pct,train_max_drawdown_pct,train_average_weight_pct,train_turnover,train_last_executed_weight_pct,train_calmar,train_sortino,train_max_underwater_days,train_matched_exposure_alpha_pct,train_return_change_vs_free_pct,train_drawdown_change_vs_free_pct,validation_return_pct,validation_annualized_return_pct,validation_max_drawdown_pct,validation_average_weight_pct,validation_turnover,validation_last_executed_weight_pct,validation_calmar,validation_sortino,validation_max_underwater_days,validation_matched_exposure_alpha_pct,validation_return_change_vs_free_pct,validation_drawdown_change_vs_free_pct,blind_return_pct,blind_annualized_return_pct,blind_max_drawdown_pct,blind_average_weight_pct,blind_turnover,blind_last_executed_weight_pct,blind_calmar,blind_sortino,blind_max_underwater_days,blind_matched_exposure_alpha_pct,blind_return_change_vs_free_pct,blind_drawdown_change_vs_free_pct,ytd_2026_return_pct,ytd_2026_annualized_return_pct,ytd_2026_max_drawdown_pct,ytd_2026_average_weight_pct,ytd_2026_turnover,ytd_2026_last_executed_weight_pct,ytd_2026_calmar,ytd_2026_sortino,ytd_2026_max_underwater_days,ytd_2026_matched_exposure_alpha_pct,ytd_2026_return_change_vs_free_pct,ytd_2026_drawdown_change_vs_free_pct,recent_return_pct,recent_annualized_return_pct,recent_max_drawdown_pct,recent_average_weight_pct,recent_turnover,recent_last_executed_weight_pct,recent_calmar,recent_sortino,recent_max_underwater_days,recent_matched_exposure_alpha_pct,recent_return_change_vs_free_pct,recent_drawdown_change_vs_free_pct,full_return_pct,full_annualized_return_pct,full_max_drawdown_pct,full_average_weight_pct,full_turnover,full_last_executed_weight_pct,full_calmar,full_sortino,full_max_underwater_days,full_matched_exposure_alpha_pct,full_return_change_vs_free_pct,full_drawdown_change_vs_free_pct,preblind_score
dollar_real_combo,0.0,15.64,3.71,-9.08,21.79,30.09,71.5,0.408,0.848,848,7.95,6.23,0.91,18.87,18.94,-3.98,41.95,7.25,0.0,4.764,4.219,82,7.83,0.4,0.0,17.89,10.5,-5.71,24.47,15.33,0.0,1.84,2.46,123,2.36,-7.18,-1.69,-4.1,-6.32,-5.7,5.79,2.56,0.0,-1.109,-1.961,123,-4.48,-3.97,-3.9,-4.1,-7.15,-5.7,6.6,2.56,0.0,-1.254,-2.079,123,-4.11,-3.97,-3.9,62.88,7.61,-9.08,25.55,52.01,0.0,0.838,1.743,896,26.85,-0.07,0.91,-7.28
macro_three_vote,0.0,9.98,2.41,-10.94,19.33,31.88,71.5,0.221,0.574,848,3.17,0.53,-1.11,19.73,19.8,-2.09,37.54,17.49,0.0,9.492,5.467,82,9.84,4.8,0.28,21.16,12.35,-2.43,19.7,14.15,0.0,5.074,4.767,123,8.78,3.96,-0.57,-0.49,-0.77,-2.43,4.07,1.91,0.0,-0.317,-0.521,123,-0.76,-0.83,-1.91,-0.49,-0.88,-2.43,4.63,1.91,0.0,-0.36,-0.555,123,-0.51,-0.83,-1.91,60.34,7.36,-10.94,22.22,62.85,0.0,0.672,1.95,983,29.54,12.16,-1.11,-8.2
rsi_oversold_rebound,0.0,3.88,0.96,-4.13,5.29,9.0,0.0,0.232,0.571,783,2.03,0.91,-1.11,2.33,2.34,-1.99,15.61,2.5,50.0,1.173,0.915,94,-1.8,0.0,0.0,0.15,0.09,-4.9,7.21,4.0,0.0,0.019,0.03,209,-4.26,0.0,0.0,-2.73,-4.23,-4.9,9.76,2.0,0.0,-0.864,-1.0,78,-3.36,0.0,0.0,-2.73,-4.79,-4.9,11.11,2.0,0.0,-0.978,-1.061,78,-2.74,0.0,0.0,7.21,1.05,-4.9,7.37,15.0,0.0,0.215,0.473,901,-2.26,0.94,0.0,-9.29
dollar_weakness,61.63,16.78,3.96,-12.41,34.16,41.02,71.5,0.319,0.678,848,4.69,4.09,-0.32,17.98,18.05,-3.98,43.13,7.25,0.0,4.539,3.949,82,6.63,0.39,0.0,37.32,21.22,-7.13,36.8,17.83,63.3,2.976,3.491,145,13.36,6.06,-1.26,7.08,11.27,-7.13,15.51,5.25,63.3,1.581,1.743,145,6.11,1.62,-1.26,-1.09,-1.92,-4.95,9.7,2.69,63.3,-0.387,-0.531,123,-1.1,-3.35,-3.06,90.15,10.15,-12.41,36.22,65.44,63.3,0.818,1.77,897,36.28,15.33,-0.32,-14.29
safe_haven_regime,0.0,11.2,2.7,-9.03,14.71,24.64,0.0,0.299,0.711,494,6.02,6.57,0.83,0.0,0.0,0.0,0.0,0.0,0.0,,,0,0.0,0.0,0.0,8.83,5.27,-6.48,7.3,4.72,0.0,0.813,1.387,339,4.37,1.34,0.04,0.36,0.56,-3.42,2.41,0.75,0.0,0.165,0.137,98,0.2,1.67,0.03,0.36,0.64,-3.42,2.74,0.75,0.0,0.187,0.145,98,0.35,1.67,0.03,21.02,2.91,-9.03,10.63,29.35,0.0,0.322,0.833,494,7.12,8.55,0.83,-16.04
stable_vol_trend,56.5,0.56,0.14,-13.19,26.64,37.89,0.0,0.011,0.034,848,-8.85,-4.28,-2.59,23.21,23.3,-3.72,37.73,8.69,0.0,6.27,5.066,42,13.27,-2.88,-0.56,24.58,14.26,-5.15,28.54,14.43,58.03,2.769,3.112,145,6.32,0.21,-1.26,2.01,3.15,-5.15,11.58,4.03,58.03,0.612,0.835,145,1.27,-0.72,-1.26,-4.66,-8.11,-5.15,8.4,2.62,58.03,-1.576,-2.05,90,-4.67,-0.96,-1.37,54.36,6.75,-13.72,28.79,61.0,58.03,0.492,1.571,943,13.1,-10.05,-2.97,-16.17
nominal_yield_falling,0.0,12.36,2.96,-11.67,22.76,26.25,65.54,0.254,0.708,848,4.33,-2.66,-0.32,5.49,5.51,-3.63,33.28,6.17,0.0,1.518,1.378,134,-3.29,-2.41,-0.61,29.87,17.18,-7.08,28.54,15.28,0.0,2.427,3.264,123,11.6,0.86,-1.62,-1.1,-1.71,-7.08,8.73,3.06,0.0,-0.241,-0.341,123,-1.66,-0.42,-4.91,-3.2,-5.6,-7.08,6.54,1.66,0.0,-0.792,-1.063,123,-3.21,-3.09,-4.91,54.65,6.78,-11.67,25.83,47.1,0.0,0.581,1.522,1007,18.18,-6.21,-0.32,-22.77
vix_calm_trend,61.63,16.23,3.84,-19.64,42.78,53.41,71.5,0.196,0.602,848,1.05,13.5,-0.49,34.8,34.94,-7.75,79.47,8.52,100.0,4.509,4.186,43,14.16,-0.29,0.0,48.65,27.19,-10.47,53.13,15.33,63.3,2.597,3.76,145,12.89,-4.72,-2.71,3.07,4.83,-10.47,23.97,5.42,63.3,0.462,0.623,145,1.63,-2.94,-2.71,-4.81,-8.37,-8.4,18.12,4.15,63.3,-0.997,-1.424,123,-4.79,-2.87,-2.78,137.33,13.88,-19.64,51.02,75.59,63.3,0.707,2.003,911,55.67,20.41,-0.49,-23.78
trend_ma100_slope40,0.0,5.92,1.45,-18.58,41.85,29.81,83.42,0.078,0.205,848,-8.92,-1.28,-0.5,36.81,36.96,-8.21,85.59,6.3,78.59,4.501,4.11,43,14.64,0.42,0.0,61.28,33.64,-14.34,59.19,7.58,0.0,2.345,3.854,145,20.97,-0.11,-0.06,0.81,1.26,-14.34,20.96,3.83,0.0,0.088,0.132,145,-0.47,0.11,-0.06,-8.0,-13.74,-11.78,13.27,2.33,0.0,-1.167,-1.814,123,-8.0,0.02,-0.06,137.65,13.9,-18.58,52.89,42.14,0.0,0.748,1.777,943,52.22,0.28,-0.5,-24.05
seven_factor_vote,0.0,21.61,5.03,-15.74,41.91,48.17,71.5,0.319,0.83,848,6.75,5.18,1.61,21.61,21.69,-7.75,72.26,7.68,0.0,2.8,2.868,43,2.79,0.66,0.0,42.32,23.88,-11.08,50.25,17.88,0.0,2.154,3.014,145,8.7,4.14,-2.6,4.03,6.37,-11.08,19.37,4.86,0.0,0.574,0.759,145,2.84,1.89,-2.6,-3.53,-6.17,-9.02,13.78,3.72,0.0,-0.684,-0.91,123,-3.53,-0.86,-2.66,111.54,11.93,-15.74,48.63,73.07,0.0,0.758,1.754,911,34.62,15.97,1.61,-24.42
cny_confirmation,0.0,-2.61,-0.66,-9.97,18.7,25.32,0.0,-0.066,-0.185,875,-9.2,7.55,0.19,16.03,16.09,-8.67,38.37,7.5,75.0,1.855,2.397,157,5.92,-3.65,-3.27,16.26,9.57,-2.92,10.19,4.5,0.0,3.278,4.266,339,9.99,6.99,0.0,0.0,0.0,0.0,0.0,0.0,0.0,,,0,0.0,0.0,0.0,0.0,0.0,0.0,0.0,0.0,0.0,,,0,0.0,0.0,0.0,32.75,4.35,-9.97,19.6,36.58,0.0,0.436,1.097,942,5.93,14.04,0.29,-26.04
gold_bond_relative,56.5,4.86,1.2,-15.74,35.98,27.66,0.0,0.076,0.221,848,-7.88,-0.18,-1.07,21.17,21.25,-6.25,52.26,10.36,58.46,3.401,3.076,88,7.46,4.3,0.0,49.06,27.4,-11.83,47.26,6.17,58.03,2.316,4.004,145,17.63,4.28,0.64,3.72,5.87,-11.83,21.13,3.63,58.03,0.496,0.771,145,2.44,3.11,0.64,-3.59,-6.28,-10.16,15.66,2.51,58.03,-0.618,-1.025,123,-3.59,2.77,0.65,90.93,10.21,-15.74,41.29,43.62,58.03,0.649,1.69,943,27.94,13.2,-1.07,-26.54
real_yield_falling,0.0,7.99,1.95,-18.6,31.9,40.82,71.5,0.105,0.355,848,-3.3,-0.07,-2.65,20.25,20.33,-3.98,47.01,5.32,0.0,5.111,4.166,82,7.89,-0.04,0.0,24.99,14.49,-10.1,32.8,17.88,0.0,1.434,2.313,214,3.82,-1.88,-3.32,-6.22,-9.54,-9.56,9.95,4.21,0.0,-0.998,-1.516,123,-6.86,-2.18,-3.92,-6.22,-10.76,-9.56,11.33,4.21,0.0,-1.126,-1.603,123,-6.23,-2.18,-3.92,63.13,7.64,-18.6,34.45,63.37,0.0,0.411,1.363,1030,12.34,-2.62,-2.65,-27.48
dual_ma250_mom60,61.63,14.69,3.5,-19.67,49.19,36.81,71.5,0.178,0.511,848,-2.78,0.79,0.37,25.64,25.74,-9.72,78.77,11.38,25.0,2.649,2.495,87,5.18,-0.05,0.0,53.87,29.88,-11.58,58.33,13.26,63.3,2.579,3.357,145,14.21,-0.53,0.0,4.03,6.36,-11.58,33.09,3.91,63.3,0.549,0.595,145,2.14,-0.16,0.0,-2.19,-3.84,-10.92,28.34,3.14,63.3,-0.352,-0.438,123,-2.09,-0.3,0.0,123.61,12.86,-19.67,56.01,60.54,63.3,0.654,1.609,943,31.76,0.67,0.37,-35.1
low_vol_trend,51.36,-1.1,-0.28,-23.51,44.67,38.56,59.58,-0.012,-0.048,848,-16.95,-1.68,-2.13,29.01,29.12,-6.14,62.04,4.06,75.0,4.74,4.683,43,12.78,-2.08,0.0,49.62,27.69,-7.85,38.83,8.72,52.75,3.53,5.478,78,24.23,0.48,-2.04,5.7,9.04,-7.85,15.58,4.2,52.75,1.152,1.899,78,4.72,0.28,-2.04,-4.35,-7.58,-7.85,10.8,2.72,52.75,-0.966,-1.515,78,-4.36,-0.02,-2.04,93.7,10.45,-23.51,45.93,50.03,52.75,0.445,1.851,943,22.01,-5.83,-2.13,-37.81
