strategy,final_cny,return_pct,max_drawdown_pct,turnover,average_gold_weight
10_vol_target20,334919.23,234.92,-26.23,11.58,0.945
11_vol_target25,316949.65,216.95,-30.39,7.6,0.967
05_core75_lowvol_trend,298914.89,198.91,-25.43,17.0,0.912
02_core85_ma50,294131.33,194.13,-25.78,16.6,0.941
01_core90_ma100,293109.54,193.11,-27.28,6.4,0.97
07_technical_macro_veto,292140.45,192.14,-27.69,20.5,0.946
06_macro_veto_half,291351.42,191.35,-27.69,16.0,0.943
03_core90_ma200,289666.65,189.67,-27.14,7.0,0.976
04_core80_ma_stack,289215.31,189.22,-26.46,3.0,0.944
16_ma_slope_graded,283513.88,183.51,-23.34,8.0,0.854
18_dollar_core,276456.66,176.46,-22.33,27.0,0.863
13_breakdown_half_reentry,269491.61,169.49,-24.99,11.0,0.909
17_real_yield_core,268952.42,168.95,-23.23,23.75,0.863
15_core50_twelve_one,262493.35,162.49,-27.69,21.0,0.905
20_adaptive_bad_count,259561.05,159.56,-20.94,39.25,0.781
12_drawdown_core_tiers,253658.57,153.66,-25.4,22.5,0.866
09_graded_ma_stack,251465.2,151.47,-23.26,44.6,0.815
08_ma200_defensive_half,244492.65,144.49,-24.97,31.0,0.881
19_four_factor_continuous,240630.51,140.63,-21.05,39.1,0.756
14_core50_month_momentum,221491.88,121.49,-25.57,78.0,0.803
