signal_date,label,01_dual_strict,02_temperature_average,03_long_environment,04_momentum_alignment,05_dollar_real_yield,06_trend_continuation,07_range_slope,08_mean_reversion,09_majority_vote,10_unanimous_selective
2017-02-01,unresolved,abstain,abstain,abstain,abstain,up,abstain,up,down,up,abstain
2017-09-18,unresolved,abstain,abstain,abstain,up,up,up,up,abstain,up,up
2017-10-11,unresolved,abstain,abstain,abstain,abstain,down,abstain,down,abstain,down,abstain
2018-01-31,unresolved,abstain,abstain,down,up,up,up,up,abstain,up,up
2019-07-19,unresolved,up,up,up,up,down,up,up,abstain,up,up
2019-09-06,unresolved,abstain,up,up,up,down,up,abstain,abstain,abstain,abstain
2020-01-31,unresolved,up,up,up,up,down,up,abstain,abstain,up,abstain
2020-05-07,up,abstain,up,up,up,abstain,up,up,abstain,up,abstain
2020-07-21,up,up,up,up,up,up,up,up,down,up,up
2020-08-25,unresolved,abstain,up,up,abstain,up,up,abstain,abstain,abstain,abstain
2020-12-09,unresolved,up,up,abstain,down,up,abstain,abstain,abstain,up,abstain
2021-01-12,unresolved,down,down,abstain,abstain,up,abstain,up,abstain,up,abstain
2021-03-18,up,down,down,down,down,down,down,down,abstain,down,down
2021-06-10,unresolved,abstain,abstain,abstain,up,up,abstain,up,abstain,up,up
2021-07-13,unresolved,abstain,down,down,abstain,down,abstain,down,up,down,abstain
2021-12-21,up,down,down,down,abstain,abstain,abstain,abstain,abstain,abstain,abstain
2022-03-18,unresolved,down,down,abstain,up,down,up,up,abstain,abstain,abstain
2022-05-25,unresolved,abstain,down,down,down,abstain,abstain,down,abstain,down,abstain
2022-08-01,unresolved,abstain,abstain,down,down,abstain,abstain,down,abstain,down,abstain
2022-10-04,unresolved,down,down,down,abstain,down,down,abstain,abstain,down,abstain
2022-12-08,unresolved,abstain,abstain,abstain,up,up,abstain,abstain,abstain,up,abstain
2023-02-07,unresolved,abstain,abstain,up,abstain,down,up,abstain,abstain,abstain,abstain
2023-03-07,up,up,up,abstain,abstain,down,up,down,abstain,down,abstain
2023-04-20,unresolved,abstain,abstain,up,up,up,abstain,up,down,up,up
2023-11-13,unresolved,abstain,abstain,abstain,up,up,abstain,abstain,abstain,up,abstain
2024-05-01,up,abstain,abstain,up,up,down,up,abstain,abstain,abstain,abstain
2024-06-21,unresolved,abstain,abstain,abstain,abstain,down,up,abstain,abstain,abstain,abstain
2024-08-30,up,up,up,up,up,up,up,up,down,up,up
2024-10-14,unresolved,abstain,up,up,up,down,up,up,down,up,abstain
2024-12-02,up,up,abstain,abstain,abstain,down,up,down,up,down,abstain
2025-03-03,up,abstain,abstain,abstain,up,up,up,abstain,abstain,up,abstain
2025-04-09,up,abstain,abstain,abstain,up,up,up,up,down,up,up
2025-05-23,unresolved,up,up,up,abstain,abstain,up,abstain,abstain,abstain,abstain
2025-12-09,up,abstain,abstain,up,up,up,up,up,abstain,up,up
2026-04-30,down,down,down,abstain,abstain,up,abstain,down,abstain,down,abstain
2026-06-02,down,down,down,down,down,down,abstain,abstain,abstain,down,down
2026-07-22,up,down,down,down,abstain,up,down,up,down,up,abstain
