strategy,current_signal_weight_pct,train_return_pct,train_annualized_return_pct,train_max_drawdown_pct,train_average_weight_pct,train_turnover,validation_return_pct,validation_annualized_return_pct,validation_max_drawdown_pct,validation_average_weight_pct,validation_turnover,blind_return_pct,blind_annualized_return_pct,blind_max_drawdown_pct,blind_average_weight_pct,blind_turnover,recent_return_pct,recent_annualized_return_pct,recent_max_drawdown_pct,recent_average_weight_pct,recent_turnover,full_return_pct,full_annualized_return_pct,full_max_drawdown_pct,full_average_weight_pct,full_turnover,preblind_score
13_dollar_real_combo,0.0,9.41,2.28,-9.99,18.52,41.3,18.47,18.54,-3.98,41.04,9.19,25.07,14.54,-4.02,19.58,21.49,-0.13,-0.24,-1.8,4.02,2.89,62.95,7.62,-9.99,22.24,71.28,-11.18
11_dollar_weakness,61.63,12.69,3.04,-12.09,29.39,56.86,17.59,17.65,-3.98,42.23,9.19,31.26,17.95,-5.87,31.65,22.72,2.26,4.04,-1.89,7.82,3.03,74.82,8.76,-12.09,31.94,88.07,-15.1
15_safe_haven_regime,0.0,4.63,1.14,-9.86,11.0,37.17,0.0,0.0,0.0,0.0,0.0,7.49,4.48,-6.52,6.78,7.24,-1.31,-2.3,-3.45,2.17,1.33,12.47,1.78,-9.86,8.28,44.4,-18.86
12_real_yield_falling,0.0,8.06,1.96,-15.95,27.52,59.82,20.29,20.37,-3.98,46.92,5.37,26.87,15.53,-6.78,29.54,22.4,-4.04,-7.05,-5.64,7.53,5.42,65.75,7.89,-15.95,31.01,86.89,-22.13
14_vix_calm_trend,61.63,2.73,0.68,-19.15,36.14,82.09,35.09,35.23,-7.75,79.32,9.21,53.37,29.63,-7.76,52.09,19.09,-1.94,-3.42,-5.62,16.28,6.52,116.92,12.35,-19.15,46.75,108.68,-26.53
20_seven_factor_vote,0.0,16.43,3.89,-17.35,37.52,74.35,20.95,21.03,-7.75,71.16,8.42,38.18,21.68,-8.48,46.09,24.57,-2.67,-4.69,-6.36,10.4,5.44,95.57,10.61,-17.35,44.79,106.65,-29.56
10_low_vol_trend,51.36,0.58,0.14,-21.38,41.49,46.9,31.09,31.21,-6.14,61.88,4.15,49.14,27.45,-5.81,37.7,11.61,-4.33,-7.55,-5.81,8.1,4.66,99.53,10.95,-21.38,43.71,61.32,-31.46
19_rsi_recovery,0.0,-10.02,-2.61,-19.87,27.49,104.57,22.43,22.51,-4.08,42.36,24.38,5.89,3.53,-9.66,25.86,36.68,-6.84,-11.8,-9.66,13.04,10.11,18.37,2.57,-19.87,29.42,164.28,-34.28
08_momentum_vol_target,61.63,4.89,1.2,-22.0,40.85,46.36,31.35,31.47,-7.75,75.28,14.18,50.37,28.08,-12.09,50.86,17.01,-4.58,-7.97,-10.05,12.46,2.77,108.21,11.66,-22.0,48.6,76.84,-34.4
04_breakout_120_40,0.0,8.55,2.08,-13.21,32.37,11.0,16.91,16.97,-18.86,82.21,4.0,67.42,36.71,-14.97,68.27,2.0,-0.25,-0.44,-13.21,22.92,2.0,113.96,12.12,-18.86,48.92,16.0,-48.81
18_oil_inflation_link,0.0,-3.17,-0.8,-22.64,24.91,65.07,5.92,5.94,-7.0,23.77,14.03,9.19,5.48,-11.77,28.08,18.58,-5.76,-9.99,-9.73,18.23,4.02,11.99,1.72,-22.64,25.53,97.69,-55.82
16_breakeven_rising,0.0,-4.37,-1.11,-25.25,29.31,80.95,8.91,8.94,-7.75,37.74,12.53,26.94,15.57,-11.59,34.71,16.9,-6.09,-10.55,-9.73,17.29,3.32,34.05,4.5,-25.25,31.99,109.38,-60.68
17_rate_inflation_mix,0.0,-7.98,-2.06,-28.94,40.95,87.98,19.61,19.68,-7.75,73.75,7.82,39.96,22.63,-11.77,44.51,13.93,-6.29,-10.88,-9.73,17.81,2.82,56.98,7.02,-28.94,46.91,108.03,-61.19
05_breakout_250_60,0.0,-7.82,-2.02,-22.29,34.07,9.0,25.7,25.8,-18.86,99.6,1.0,60.9,33.45,-22.58,73.8,2.0,-9.18,-15.7,-20.98,24.31,2.0,90.38,10.17,-22.58,54.01,10.0,-65.47
03_ma150_rising,0.0,0.7,0.18,-26.9,49.15,37.0,25.7,25.8,-18.86,99.6,1.0,65.45,35.73,-22.58,81.97,4.0,-6.61,-11.42,-20.98,47.92,4.0,113.85,12.11,-26.9,65.09,40.0,-71.94
09_drawdown_tiers,0.0,-4.07,-1.04,-28.63,43.11,45.5,15.2,15.25,-15.58,59.78,7.5,53.72,29.81,-17.68,65.38,15.5,-7.04,-12.15,-10.73,14.93,5.0,72.28,8.52,-28.63,51.27,67.0,-78.28
07_momentum_three_vote,66.67,-1.56,-0.39,-25.16,50.42,61.0,13.39,13.44,-18.9,87.22,15.0,53.18,29.53,-20.22,74.6,19.33,-5.88,-10.18,-18.51,42.13,6.67,72.99,8.59,-25.16,62.1,94.0,-78.53
02_dual_ma50_200,0.0,-8.34,-2.16,-29.17,56.14,45.0,25.7,25.8,-18.86,99.6,1.0,61.54,33.77,-22.5,85.82,2.0,-8.82,-15.1,-20.91,59.03,2.0,90.05,10.14,-29.17,70.24,46.0,-79.41
01_ma200_cash,100.0,-5.68,-1.45,-30.02,65.93,59.0,25.7,25.8,-18.86,99.6,1.0,61.84,33.92,-22.5,86.78,3.0,-8.65,-14.82,-20.91,61.81,3.0,95.94,10.64,-30.02,76.35,61.0,-80.22
06_momentum_12_1,100.0,1.83,0.46,-33.58,68.53,41.0,25.7,25.8,-18.86,99.6,1.0,73.58,39.73,-27.69,99.76,1.0,-2.02,-3.56,-26.19,99.31,1.0,126.88,13.11,-33.58,81.14,41.0,-84.95
