date,gold_usd
2017-01-03,1148.65
2017-01-04,1165.9
2017-01-05,1173.05
2017-01-06,1178.0
2017-01-09,1176.1
2017-01-10,1183.2
2017-01-11,1187.55
2017-01-12,1206.65
2017-01-13,1196.35
2017-01-16,1202.75
2017-01-17,1217.5
2017-01-18,1212.5
2017-01-19,1203.35
2017-01-20,1199.1
2017-01-23,1213.75
2017-01-24,1213.3
2017-01-25,1203.5
2017-01-26,1191.55
2017-01-27,1184.2
2017-01-30,1189.85
2017-01-31,1198.8
2017-02-01,1210.0
2017-02-02,1224.05
2017-02-03,1213.05
2017-02-06,1221.85
2017-02-07,1231.0
2017-02-08,1235.6
2017-02-09,1241.75
2017-02-10,1225.75
2017-02-13,1229.4
2017-02-14,1229.65
2017-02-15,1225.15
2017-02-16,1236.75
2017-02-17,1241.4
2017-02-20,1235.35
2017-02-21,1228.7
2017-02-22,1237.5
2017-02-23,1237.35
2017-02-24,1255.35
2017-02-27,1256.25
2017-02-28,1251.9
2017-03-01,1246.05
2017-03-02,1243.3
2017-03-03,1228.75
2017-03-06,1231.15
2017-03-07,1223.7
2017-03-08,1213.3
2017-03-09,1204.6
2017-03-10,1196.55
2017-03-13,1207.8
2017-03-14,1203.55
2017-03-15,1202.25
2017-03-16,1225.6
2017-03-17,1228.75
2017-03-20,1233.0
2017-03-21,1232.05
2017-03-22,1246.1
2017-03-23,1247.9
2017-03-24,1244.0
2017-03-27,1256.9
2017-03-28,1253.65
2017-03-29,1252.9
2017-03-30,1250.9
2017-03-31,1241.7
2017-04-03,1246.25
2017-04-04,1258.65
2017-04-05,1252.5
2017-04-06,1253.75
2017-04-07,1264.3
2017-04-10,1253.6
2017-04-11,1255.7
2017-04-12,1272.3
2017-04-13,1286.1
2017-04-18,1285.0
2017-04-19,1282.05
2017-04-20,1279.9
2017-04-21,1281.5
2017-04-24,1271.8
2017-04-25,1270.5
2017-04-26,1264.95
2017-04-27,1264.3
2017-04-28,1265.55
2017-05-02,1255.8
2017-05-03,1253.95
2017-05-04,1235.85
2017-05-05,1239.4
2017-05-08,1229.7
2017-05-09,1225.15
2017-05-10,1222.95
2017-05-11,1221.0
2017-05-12,1227.9
2017-05-15,1231.5
2017-05-16,1234.05
2017-05-17,1244.6
2017-05-18,1261.35
2017-05-19,1251.85
2017-05-22,1255.25
2017-05-23,1259.9
2017-05-24,1251.35
2017-05-26,1265.0
2017-05-30,1262.8
2017-05-31,1263.8
2017-06-01,1266.15
2017-06-02,1260.95
2017-06-05,1280.7
2017-06-06,1287.85
2017-06-07,1292.7
2017-06-08,1284.8
2017-06-09,1274.25
2017-06-12,1269.25
2017-06-13,1261.3
2017-06-14,1268.25
2017-06-15,1260.25
2017-06-16,1256.6
2017-06-19,1251.1
2017-06-20,1246.5
2017-06-21,1247.05
2017-06-22,1251.4
2017-06-23,1256.3
2017-06-26,1240.85
2017-06-27,1250.4
2017-06-28,1251.6
2017-06-29,1246.6
2017-06-30,1243.25
2017-07-03,1235.2
2017-07-04,1224.25
2017-07-05,1221.9
2017-07-06,1224.3
2017-07-07,1220.4
2017-07-10,1207.55
2017-07-11,1211.9
2017-07-12,1219.4
2017-07-13,1221.4
2017-07-14,1218.95
2017-07-17,1229.85
2017-07-18,1237.1
2017-07-19,1239.85
2017-07-20,1236.55
2017-07-21,1247.25
2017-07-24,1255.85
2017-07-25,1252.0
2017-07-26,1245.4
2017-07-27,1262.05
2017-07-28,1259.6
2017-07-31,1266.35
2017-08-01,1267.05
2017-08-02,1266.65
2017-08-03,1261.8
2017-08-04,1269.3
2017-08-07,1257.55
2017-08-08,1261.45
2017-08-09,1267.95
2017-08-10,1278.9
2017-08-11,1288.3
2017-08-14,1281.1
2017-08-15,1274.6
2017-08-16,1270.15
2017-08-17,1285.9
2017-08-18,1295.25
2017-08-21,1287.6
2017-08-22,1285.1
2017-08-23,1286.45
2017-08-24,1285.9
2017-08-25,1287.05
2017-08-29,1323.4
2017-08-30,1310.6
2017-08-31,1305.8
2017-09-01,1318.4
2017-09-04,1334.6
2017-09-05,1331.15
2017-09-06,1340.15
2017-09-07,1340.45
2017-09-08,1350.9
2017-09-11,1338.75
2017-09-12,1326.25
2017-09-13,1332.25
2017-09-14,1323.0
2017-09-15,1325.0
2017-09-18,1314.4
2017-09-19,1308.45
2017-09-20,1314.9
2017-09-21,1297.35
2017-09-22,1297.0
2017-09-25,1295.5
2017-09-26,1306.9
2017-09-27,1291.3
2017-09-28,1284.3
2017-09-29,1286.95
2017-10-02,1273.1
2017-10-03,1270.7
2017-10-04,1275.55
2017-10-05,1278.4
2017-10-06,1268.2
2017-10-09,1282.15
2017-10-10,1289.6
2017-10-11,1290.2
2017-10-12,1294.45
2017-10-13,1293.9
2017-10-16,1305.15
2017-10-17,1289.7
2017-10-18,1280.65
2017-10-19,1283.4
2017-10-20,1280.25
2017-10-23,1275.25
2017-10-24,1278.3
2017-10-25,1273.0
2017-10-26,1278.0
2017-10-27,1267.8
2017-10-30,1272.75
2017-10-31,1274.4
2017-11-01,1279.25
2017-11-02,1276.4
2017-11-03,1275.3
2017-11-06,1271.6
2017-11-07,1276.35
2017-11-08,1282.25
2017-11-09,1284.0
2017-11-10,1284.45
2017-11-13,1278.4
2017-11-14,1273.7
2017-11-15,1285.7
2017-11-16,1277.7
2017-11-17,1283.85
2017-11-20,1292.35
2017-11-21,1280.0
2017-11-22,1283.95
2017-11-23,1290.15
2017-11-24,1289.15
2017-11-27,1294.7
2017-11-28,1293.9
2017-11-29,1294.85
2017-11-30,1282.15
2017-12-01,1277.25
2017-12-04,1279.1
2017-12-05,1275.9
2017-12-06,1268.55
2017-12-07,1256.8
2017-12-08,1245.85
2017-12-11,1251.4
2017-12-12,1243.4
2017-12-13,1241.6
2017-12-14,1255.6
2017-12-15,1257.25
2017-12-18,1258.65
2017-12-19,1263.1
2017-12-20,1265.95
2017-12-21,1265.85
2017-12-22,1268.05
2017-12-27,1285.4
2017-12-28,1291.6
2017-12-29,1296.5
2018-01-02,1312.8
2018-01-03,1314.6
2018-01-04,1313.7
2018-01-05,1317.9
2018-01-08,1318.8
2018-01-09,1314.95
2018-01-10,1321.65
2018-01-11,1319.85
2018-01-12,1332.9
2018-01-15,1343.0
2018-01-16,1334.95
2018-01-17,1337.35
2018-01-18,1329.75
2018-01-19,1335.8
2018-01-22,1334.15
2018-01-23,1337.1
2018-01-24,1350.5
2018-01-25,1360.25
2018-01-26,1354.35
2018-01-29,1348.4
2018-01-30,1345.7
2018-01-31,1343.35
2018-02-01,1341.1
2018-02-02,1345.0
2018-02-05,1337.1
2018-02-06,1344.65
2018-02-07,1328.5
2018-02-08,1311.05
2018-02-09,1316.05
2018-02-12,1321.7
2018-02-13,1329.4
2018-02-14,1330.75
2018-02-15,1353.7
2018-02-16,1358.6
2018-02-19,1347.4
2018-02-20,1337.4
2018-02-21,1328.6
2018-02-22,1323.5
2018-02-23,1328.9
2018-02-26,1339.05
2018-02-27,1332.75
2018-02-28,1320.3
2018-03-01,1311.25
2018-03-02,1316.75
2018-03-05,1326.3
2018-03-06,1324.95
2018-03-07,1332.5
2018-03-08,1325.4
2018-03-09,1319.35
2018-03-12,1317.25
2018-03-13,1318.7
2018-03-14,1324.95
2018-03-15,1323.35
2018-03-16,1320.05
2018-03-19,1311.7
2018-03-20,1312.75
2018-03-21,1316.35
2018-03-22,1328.85
2018-03-23,1342.35
2018-03-26,1348.4
2018-03-27,1350.65
2018-03-28,1341.05
2018-03-29,1323.9
2018-04-03,1336.6
2018-04-04,1343.15
2018-04-05,1327.05
2018-04-06,1325.6
2018-04-09,1328.5
2018-04-10,1335.95
2018-04-11,1345.2
2018-04-12,1345.9
2018-04-13,1340.75
2018-04-16,1344.4
2018-04-17,1342.95
2018-04-18,1346.55
2018-04-19,1347.9
2018-04-20,1340.15
2018-04-23,1328.0
2018-04-24,1327.35
2018-04-25,1325.7
2018-04-26,1321.9
2018-04-27,1317.7
2018-04-30,1316.25
2018-05-01,1309.2
2018-05-02,1310.75
2018-05-03,1313.3
2018-05-04,1309.35
2018-05-08,1310.05
2018-05-09,1306.85
2018-05-10,1314.8
2018-05-11,1324.8
2018-05-14,1320.7
2018-05-15,1310.05
2018-05-16,1291.75
2018-05-17,1288.85
2018-05-18,1287.2
2018-05-21,1285.85
2018-05-22,1293.9
2018-05-23,1294.0
2018-05-24,1296.35
2018-05-25,1303.95
2018-05-29,1302.05
2018-05-30,1298.6
2018-05-31,1303.5
2018-06-01,1299.15
2018-06-04,1294.65
2018-06-05,1292.25
2018-06-06,1295.25
2018-06-07,1298.3
2018-06-08,1299.2
2018-06-11,1296.05
2018-06-12,1298.3
2018-06-13,1294.4
2018-06-14,1305.3
2018-06-15,1300.1
2018-06-18,1281.25
2018-06-19,1279.0
2018-06-20,1273.25
2018-06-21,1263.7
2018-06-22,1269.7
2018-06-25,1269.8
2018-06-26,1257.15
2018-06-27,1256.8
2018-06-28,1250.5
2018-06-29,1250.55
2018-07-02,1249.0
2018-07-03,1245.85
2018-07-04,1256.9
2018-07-05,1252.5
2018-07-06,1254.2
2018-07-09,1262.6
2018-07-10,1253.7
2018-07-11,1250.0
2018-07-12,1244.85
2018-07-13,1240.5
2018-07-16,1244.9
2018-07-17,1243.65
2018-07-18,1223.45
2018-07-19,1217.4
2018-07-20,1224.85
2018-07-23,1229.45
2018-07-24,1224.3
2018-07-25,1230.55
2018-07-26,1228.35
2018-07-27,1219.15
2018-07-30,1222.05
2018-07-31,1219.2
2018-08-01,1222.75
2018-08-02,1217.6
2018-08-03,1207.7
2018-08-06,1212.0
2018-08-07,1215.4
2018-08-08,1212.35
2018-08-09,1215.5
2018-08-10,1211.65
2018-08-13,1204.4
2018-08-14,1195.3
2018-08-15,1186.7
2018-08-16,1179.65
2018-08-17,1176.7
2018-08-20,1188.75
2018-08-21,1194.1
2018-08-22,1196.85
2018-08-23,1187.3
2018-08-24,1189.95
2018-08-28,1212.75
2018-08-29,1204.3
2018-08-30,1202.35
2018-08-31,1206.85
2018-09-03,1201.7
2018-09-04,1195.75
2018-09-05,1194.7
2018-09-06,1204.3
2018-09-07,1200.75
2018-09-10,1195.8
2018-09-11,1194.0
2018-09-12,1197.8
2018-09-13,1206.65
2018-09-14,1209.8
2018-09-17,1201.95
2018-09-18,1201.9
2018-09-19,1200.2
2018-09-20,1203.0
2018-09-21,1207.6
2018-09-24,1198.75
2018-09-25,1199.45
2018-09-26,1198.8
2018-09-27,1196.0
2018-09-28,1183.5
2018-10-01,1185.3
2018-10-02,1192.65
2018-10-03,1203.5
2018-10-04,1199.45
2018-10-05,1201.1
2018-10-08,1194.8
2018-10-09,1187.4
2018-10-10,1186.4
2018-10-11,1201.1
2018-10-12,1218.75
2018-10-15,1233.0
2018-10-16,1228.85
2018-10-17,1226.75
2018-10-18,1224.6
2018-10-19,1228.25
2018-10-22,1222.9
2018-10-23,1235.6
2018-10-24,1231.65
2018-10-25,1232.15
2018-10-26,1236.05
2018-10-29,1230.75
2018-10-30,1220.0
2018-10-31,1217.7
2018-11-01,1223.25
2018-11-02,1235.5
2018-11-05,1231.6
2018-11-06,1234.85
2018-11-07,1235.05
2018-11-08,1223.45
2018-11-09,1219.05
2018-11-12,1207.05
2018-11-13,1197.55
2018-11-14,1201.45
2018-11-15,1210.6
2018-11-16,1215.8
2018-11-19,1223.55
2018-11-20,1223.1
2018-11-21,1224.0
2018-11-22,1228.25
2018-11-23,1222.15
2018-11-26,1226.65
2018-11-27,1225.05
2018-11-28,1213.2
2018-11-29,1226.45
2018-11-30,1220.45
2018-12-03,1231.05
2018-12-04,1239.25
2018-12-05,1236.15
2018-12-06,1236.45
2018-12-07,1241.2
2018-12-10,1246.8
2018-12-11,1248.25
2018-12-12,1244.75
2018-12-13,1244.45
2018-12-14,1239.15
2018-12-17,1239.1
2018-12-18,1248.8
2018-12-19,1248.6
2018-12-20,1255.0
2018-12-21,1257.6
2018-12-24,1261.25
2018-12-27,1271.1
2018-12-28,1277.25
2018-12-31,1281.65
2019-01-02,1287.2
2019-01-03,1287.95
2019-01-04,1290.35
2019-01-07,1291.5
2019-01-08,1283.9
2019-01-09,1281.3
2019-01-10,1292.4
2019-01-11,1292.8
2019-01-14,1293.7
2019-01-15,1289.35
2019-01-16,1290.5
2019-01-17,1294.0
2019-01-18,1285.05
2019-01-21,1278.7
2019-01-22,1284.75
2019-01-23,1284.9
2019-01-24,1279.75
2019-01-25,1282.95
2019-01-28,1301.0
2019-01-29,1308.35
2019-01-30,1312.95
2019-01-31,1322.5
2019-02-01,1320.75
2019-02-04,1311.0
2019-02-05,1314.0
2019-02-06,1313.35
2019-02-07,1306.6
2019-02-08,1311.1
2019-02-11,1306.75
2019-02-12,1311.6
2019-02-13,1311.15
2019-02-14,1305.65
2019-02-15,1318.0
2019-02-18,1323.95
2019-02-19,1329.55
2019-02-20,1345.75
2019-02-21,1335.05
2019-02-22,1322.25
2019-02-25,1329.15
2019-02-26,1327.55
2019-02-27,1326.45
2019-02-28,1325.45
2019-03-01,1309.95
2019-03-04,1287.45
2019-03-05,1285.0
2019-03-06,1285.55
2019-03-07,1286.4
2019-03-08,1294.1
2019-03-11,1296.35
2019-03-12,1296.95
2019-03-13,1308.4
2019-03-14,1299.2
2019-03-15,1302.65
2019-03-18,1305.35
2019-03-19,1308.35
2019-03-20,1303.0
2019-03-21,1317.3
2019-03-22,1311.1
2019-03-25,1319.55
2019-03-26,1315.25
2019-03-27,1318.25
2019-03-28,1306.9
2019-03-29,1291.15
2019-04-01,1291.9
2019-04-02,1287.2
2019-04-03,1291.85
2019-04-04,1291.6
2019-04-05,1288.9
2019-04-08,1297.1
2019-04-09,1302.0
2019-04-10,1304.8
2019-04-11,1304.65
2019-04-12,1296.15
2019-04-15,1286.75
2019-04-16,1283.75
2019-04-17,1276.1
2019-04-18,1276.5
2019-04-23,1273.45
2019-04-24,1273.8
2019-04-25,1277.85
2019-04-26,1281.5
2019-04-29,1282.15
2019-04-30,1285.15
2019-05-01,1282.3
2019-05-02,1271.45
2019-05-03,1270.05
2019-05-07,1281.3
2019-05-08,1287.75
2019-05-09,1284.1
2019-05-10,1285.4
2019-05-13,1287.1
2019-05-14,1295.6
2019-05-15,1298.4
2019-05-16,1295.55
2019-05-17,1285.8
2019-05-20,1275.25
2019-05-21,1276.0
2019-05-22,1274.0
2019-05-23,1275.95
2019-05-24,1281.5
2019-05-28,1283.9
2019-05-29,1283.5
2019-05-31,1296.0
2019-06-03,1313.95
2019-06-04,1323.6
2019-06-05,1337.75
2019-06-06,1336.65
2019-06-07,1334.3
2019-06-10,1328.6
2019-06-11,1322.65
2019-06-12,1336.65
2019-06-13,1335.8
2019-06-14,1352.45
2019-06-17,1333.2
2019-06-18,1344.55
2019-06-19,1342.4
2019-06-20,1381.65
2019-06-21,1388.35
2019-06-24,1405.45
2019-06-25,1405.7
2019-06-26,1406.75
2019-06-27,1402.25
2019-06-28,1413.2
2019-07-01,1390.05
2019-07-02,1393.1
2019-07-03,1425.1
2019-07-04,1415.25
2019-07-05,1414.4
2019-07-08,1404.9
2019-07-09,1387.9
2019-07-10,1395.45
2019-07-11,1423.1
2019-07-12,1405.6
2019-07-15,1416.25
2019-07-16,1416.1
2019-07-17,1400.8
2019-07-18,1420.9
2019-07-19,1437.05
2019-07-22,1424.45
2019-07-23,1417.55
2019-07-24,1425.55
2019-07-25,1426.35
2019-07-26,1418.25
2019-07-29,1418.95
2019-07-30,1428.45
2019-07-31,1430.55
2019-08-01,1406.4
2019-08-02,1436.05
2019-08-05,1457.45
2019-08-06,1461.85
2019-08-07,1487.65
2019-08-08,1497.4
2019-08-09,1495.75
2019-08-12,1501.95
2019-08-13,1527.2
2019-08-14,1500.35
2019-08-15,1517.65
2019-08-16,1509.05
2019-08-19,1499.35
2019-08-20,1502.65
2019-08-21,1499.65
2019-08-22,1498.7
2019-08-23,1495.5
2019-08-27,1531.85
2019-08-28,1541.75
2019-08-29,1536.65
2019-08-30,1526.55
2019-09-02,1523.35
2019-09-03,1532.45
2019-09-04,1538.8
2019-09-05,1542.6
2019-09-06,1504.95
2019-09-09,1509.95
2019-09-10,1494.6
2019-09-11,1493.65
2019-09-12,1502.95
2019-09-13,1503.1
2019-09-16,1502.05
2019-09-17,1499.3
2019-09-18,1502.2
2019-09-19,1498.4
2019-09-20,1504.1
2019-09-23,1519.5
2019-09-24,1520.25
2019-09-25,1530.85
2019-09-26,1507.05
2019-09-27,1496.15
2019-09-30,1487.6
2019-10-01,1466.1
2019-10-02,1484.05
2019-10-03,1504.0
2019-10-04,1509.5
2019-10-07,1502.15
2019-10-08,1500.0
2019-10-09,1503.4
2019-10-10,1508.2
2019-10-11,1498.35
2019-10-14,1494.2
2019-10-15,1494.75
2019-10-16,1482.55
2019-10-17,1484.45
2019-10-18,1487.5
2019-10-21,1490.85
2019-10-22,1487.45
2019-10-23,1494.25
2019-10-24,1488.85
2019-10-25,1504.65
2019-10-28,1505.05
2019-10-29,1492.75
2019-10-30,1490.15
2019-10-31,1506.4
2019-11-01,1509.85
2019-11-04,1506.4
2019-11-05,1504.6
2019-11-06,1488.55
2019-11-07,1484.1
2019-11-08,1466.85
2019-11-11,1465.5
2019-11-12,1455.0
2019-11-13,1463.45
2019-11-14,1467.65
2019-11-15,1465.6
2019-11-18,1458.4
2019-11-19,1464.9
2019-11-20,1475.7
2019-11-21,1468.9
2019-11-22,1471.3
2019-11-25,1459.45
2019-11-26,1457.65
2019-11-27,1459.8
2019-11-28,1457.55
2019-11-29,1456.35
2019-12-02,1457.5
2019-12-03,1470.4
2019-12-04,1475.85
2019-12-05,1474.6
2019-12-06,1474.85
2019-12-09,1463.6
2019-12-10,1464.45
2019-12-11,1468.05
2019-12-12,1474.7
2019-12-13,1470.6
2019-12-16,1477.4
2019-12-17,1478.4
2019-12-18,1478.9
2019-12-19,1474.4
2019-12-20,1476.9
2019-12-23,1483.95
2019-12-27,1510.6
2019-12-30,1511.5
2020-01-02,1520.55
2020-01-03,1547.4
2020-01-06,1576.85
2020-01-07,1566.5
2020-01-08,1582.85
2020-01-09,1547.85
2020-01-10,1548.8
2020-01-13,1550.35
2020-01-14,1544.95
2020-01-15,1551.9
2020-01-16,1555.2
2020-01-17,1556.5
2020-01-20,1559.25
2020-01-21,1556.25
2020-01-22,1558.1
2020-01-23,1554.05
2020-01-24,1561.85
2020-01-27,1583.45
2020-01-28,1579.6
2020-01-29,1571.2
2020-01-30,1580.4
2020-01-31,1580.85
2020-02-03,1578.85
2020-02-04,1571.2
2020-02-05,1552.2
2020-02-06,1564.75
2020-02-07,1568.3
2020-02-10,1574.05
2020-02-11,1567.7
2020-02-12,1566.75
2020-02-13,1575.0
2020-02-14,1576.35
2020-02-17,1580.3
2020-02-18,1588.2
2020-02-19,1609.5
2020-02-20,1610.35
2020-02-21,1633.7
2020-02-24,1682.35
2020-02-25,1655.9
2020-02-26,1647.95
2020-02-27,1646.6
2020-02-28,1626.35
2020-03-02,1609.7
2020-03-03,1599.05
2020-03-04,1644.8
2020-03-05,1647.45
2020-03-06,1687.0
2020-03-09,1676.6
2020-03-10,1657.4
2020-03-11,1662.5
2020-03-12,1636.65
2020-03-13,1588.15
2020-03-16,1504.65
2020-03-17,1472.35
2020-03-18,1506.0
2020-03-19,1480.7
2020-03-20,1504.45
2020-03-23,1494.5
2020-03-24,1599.5
2020-03-25,1620.95
2020-03-26,1620.1
2020-03-27,1621.2
2020-03-30,1624.45
2020-03-31,1604.65
2020-04-01,1594.25
2020-04-02,1588.05
2020-04-03,1609.75
2020-04-06,1636.6
2020-04-07,1652.2
2020-04-08,1649.05
2020-04-09,1662.5
2020-04-14,1715.85
2020-04-15,1712.25
2020-04-16,1717.85
2020-04-17,1693.15
2020-04-20,1684.95
2020-04-21,1678.6
2020-04-22,1702.65
2020-04-23,1727.55
2020-04-24,1727.25
2020-04-27,1717.25
2020-04-28,1708.1
2020-04-29,1706.0
2020-04-30,1716.75
2020-05-01,1673.05
2020-05-04,1703.7
2020-05-05,1696.3
2020-05-06,1698.9
2020-05-07,1688.65
2020-05-11,1698.8
2020-05-12,1703.45
2020-05-13,1699.85
2020-05-14,1716.4
2020-05-15,1734.85
2020-05-18,1756.9
2020-05-19,1735.25
2020-05-20,1750.05
2020-05-21,1732.8
2020-05-22,1732.45
2020-05-26,1722.75
2020-05-27,1705.15
2020-05-28,1723.3
2020-05-29,1725.65
2020-06-01,1734.8
2020-06-02,1740.25
2020-06-03,1717.6
2020-06-04,1706.45
2020-06-05,1709.55
2020-06-08,1692.0
2020-06-09,1707.5
2020-06-10,1717.65
2020-06-11,1731.9
2020-06-12,1735.85
2020-06-15,1710.4
2020-06-16,1728.35
2020-06-17,1717.3
2020-06-18,1732.65
2020-06-19,1728.55
2020-06-22,1745.45
2020-06-23,1756.6
2020-06-24,1775.7
2020-06-25,1758.55
2020-06-26,1762.1
2020-06-29,1768.8
2020-06-30,1770.7
2020-07-01,1787.4
2020-07-02,1771.85
2020-07-03,1774.65
2020-07-06,1774.4
2020-07-07,1775.5
2020-07-08,1799.35
2020-07-09,1812.45
2020-07-10,1805.75
2020-07-13,1808.05
2020-07-14,1798.2
2020-07-15,1809.3
2020-07-16,1804.6
2020-07-17,1802.9
2020-07-20,1810.3
2020-07-21,1823.2
2020-07-22,1851.0
2020-07-23,1882.35
2020-07-24,1893.85
2020-07-27,1940.55
2020-07-28,1931.65
2020-07-29,1954.35
2020-07-30,1952.2
2020-07-31,1974.7
2020-08-03,1972.95
2020-08-04,1972.25
2020-08-05,2034.45
2020-08-06,2049.15
2020-08-07,2061.5
2020-08-10,2030.3
2020-08-11,1996.6
2020-08-12,1931.7
2020-08-13,1931.0
2020-08-14,1948.3
2020-08-17,1949.85
2020-08-18,2005.15
2020-08-19,1993.15
2020-08-20,1928.05
2020-08-21,1932.85
2020-08-24,1947.55
2020-08-25,1925.45
2020-08-26,1918.5
2020-08-27,1938.8
2020-08-28,1955.85
2020-09-01,1987.95
2020-09-02,1969.0
2020-09-03,1934.1
2020-09-04,1937.6
2020-09-07,1928.4
2020-09-08,1920.6
2020-09-09,1928.4
2020-09-10,1944.8
2020-09-11,1944.5
2020-09-14,1942.3
2020-09-15,1963.55
2020-09-16,1964.8
2020-09-17,1936.1
2020-09-18,1954.75
2020-09-21,1930.9
2020-09-22,1906.0
2020-09-23,1888.1
2020-09-24,1861.75
2020-09-25,1870.05
2020-09-28,1850.95
2020-09-29,1882.4
2020-09-30,1883.4
2020-10-01,1895.55
2020-10-02,1906.4
2020-10-05,1899.65
2020-10-06,1912.5
2020-10-07,1888.0
2020-10-08,1891.35
2020-10-09,1912.4
2020-10-12,1919.8
2020-10-13,1920.8
2020-10-14,1896.45
2020-10-15,1891.7
2020-10-16,1908.2
2020-10-19,1910.0
2020-10-20,1906.35
2020-10-21,1918.95
2020-10-22,1916.85
2020-10-23,1910.6
2020-10-26,1901.6
2020-10-27,1898.9
2020-10-28,1896.85
2020-10-29,1876.85
2020-10-30,1875.8
2020-11-02,1886.75
2020-11-03,1899.85
2020-11-04,1888.55
2020-11-05,1916.8
2020-11-06,1947.95
2020-11-09,1957.45
2020-11-10,1874.9
2020-11-11,1876.2
2020-11-12,1868.0
2020-11-13,1878.2
2020-11-16,1885.6
2020-11-17,1885.4
2020-11-18,1877.2
2020-11-19,1857.4
2020-11-20,1867.0
2020-11-23,1863.8
2020-11-24,1818.1
2020-11-25,1808.55
2020-11-26,1814.85
2020-11-27,1808.05
2020-11-30,1771.95
2020-12-01,1796.2
2020-12-02,1832.95
2020-12-03,1834.8
2020-12-04,1839.3
2020-12-07,1832.8
2020-12-08,1864.5
2020-12-09,1859.8
2020-12-10,1834.2
2020-12-11,1833.65
2020-12-14,1820.25
2020-12-15,1844.3
2020-12-16,1861.35
2020-12-17,1871.95
2020-12-18,1880.0
2020-12-21,1869.25
2020-12-22,1873.3
2020-12-23,1867.1
2020-12-29,1873.9
2020-12-30,1877.55
2020-12-31,1891.0
2021-01-04,1930.8
2021-01-05,1946.55
2021-01-06,1957.2
2021-01-07,1911.05
2021-01-08,1891.3
2021-01-11,1847.8
2021-01-12,1861.85
2021-01-13,1852.4
2021-01-14,1840.25
2021-01-15,1853.85
2021-01-18,1833.95
2021-01-19,1843.1
2021-01-20,1854.6
2021-01-21,1867.65
2021-01-22,1853.6
2021-01-25,1855.6
2021-01-26,1853.2
2021-01-27,1846.4
2021-01-28,1839.65
2021-01-29,1852.7
2021-02-01,1857.8
2021-02-02,1847.1
2021-02-03,1834.7
2021-02-04,1811.55
2021-02-05,1808.55
2021-02-08,1811.65
2021-02-09,1846.55
2021-02-10,1843.45
2021-02-11,1841.7
2021-02-12,1818.0
2021-02-15,1817.45
2021-02-16,1823.45
2021-02-17,1788.85
2021-02-18,1782.8
2021-02-19,1773.75
2021-02-22,1798.8
2021-02-23,1809.5
2021-02-24,1807.25
2021-02-25,1792.1
2021-02-26,1765.1
2021-03-01,1746.95
2021-03-02,1728.5
2021-03-03,1727.05
2021-03-04,1710.05
2021-03-05,1696.05
2021-03-08,1694.45
2021-03-09,1702.85
2021-03-10,1711.5
2021-03-11,1736.35
2021-03-12,1703.85
2021-03-15,1727.9
2021-03-16,1732.3
2021-03-17,1736.95
2021-03-18,1734.1
2021-03-19,1737.2
2021-03-22,1733.4
2021-03-23,1739.25
2021-03-24,1734.05
2021-03-25,1729.2
2021-03-26,1727.85
2021-03-29,1723.95
2021-03-30,1696.7
2021-03-31,1685.35
2021-04-01,1712.85
2021-04-06,1731.05
2021-04-07,1736.0
2021-04-08,1743.7
2021-04-09,1747.95
2021-04-12,1741.55
2021-04-13,1728.1
2021-04-14,1743.3
2021-04-15,1748.0
2021-04-16,1766.45
2021-04-19,1788.4
2021-04-20,1765.5
2021-04-21,1781.05
2021-04-22,1785.65
2021-04-23,1785.3
2021-04-26,1779.65
2021-04-27,1780.9
2021-04-28,1764.15
2021-04-29,1774.65
2021-04-30,1768.8
2021-05-04,1784.95
2021-05-05,1778.05
2021-05-06,1793.15
2021-05-07,1820.5
2021-05-10,1834.15
2021-05-11,1837.15
2021-05-12,1833.6
2021-05-13,1814.3
2021-05-14,1833.5
2021-05-17,1848.45
2021-05-18,1867.4
2021-05-19,1860.0
2021-05-20,1869.35
2021-05-21,1877.65
2021-05-25,1882.8
2021-05-26,1904.3
2021-05-27,1895.05
2021-05-28,1892.45
2021-06-01,1907.7
2021-06-02,1895.9
2021-06-04,1869.55
2021-06-07,1882.05
2021-06-08,1892.05
2021-06-09,1890.45
2021-06-10,1882.0
2021-06-11,1891.95
2021-06-14,1859.75
2021-06-15,1863.85
2021-06-16,1858.1
2021-06-17,1806.75
2021-06-18,1792.35
2021-06-21,1782.45
2021-06-22,1779.1
2021-06-23,1782.9
2021-06-24,1780.2
2021-06-25,1783.25
2021-06-28,1774.25
2021-06-29,1769.6
2021-06-30,1757.8
2021-07-01,1774.0
2021-07-02,1783.5
2021-07-05,1790.95
2021-07-06,1807.8
2021-07-07,1804.25
2021-07-08,1810.25
2021-07-09,1803.4
2021-07-12,1802.95
2021-07-13,1807.85
2021-07-14,1813.05
2021-07-15,1832.0
2021-07-16,1822.0
2021-07-19,1803.25
2021-07-20,1815.3
2021-07-21,1805.9
2021-07-22,1797.4
2021-07-23,1803.05
2021-07-26,1808.15
2021-07-27,1797.15
2021-07-28,1799.3
2021-07-29,1819.45
2021-07-30,1828.25
2021-08-02,1807.55
2021-08-03,1809.7
2021-08-04,1812.45
2021-08-05,1811.2
2021-08-06,1799.45
2021-08-09,1741.5
2021-08-10,1729.55
2021-08-11,1734.05
2021-08-12,1755.5
2021-08-13,1757.65
2021-08-16,1775.75
2021-08-17,1794.05
2021-08-18,1788.1
2021-08-19,1788.2
2021-08-20,1782.95
2021-08-23,1786.9
2021-08-24,1802.95
2021-08-25,1794.7
2021-08-26,1783.8
2021-08-27,1795.5
2021-08-30,1798.5
2021-08-31,1814.3
2021-09-01,1811.8
2021-09-02,1815.15
2021-09-03,1812.05
2021-09-06,1823.85
2021-09-07,1810.75
2021-09-08,1797.95
2021-09-09,1795.35
2021-09-10,1799.9
2021-09-13,1787.85
2021-09-14,1788.65
2021-09-15,1801.4
2021-09-16,1781.45
2021-09-17,1766.1
2021-09-20,1757.15
2021-09-21,1766.45
2021-09-22,1775.35
2021-09-23,1771.05
2021-09-24,1755.15
2021-09-27,1749.15
2021-09-28,1739.65
2021-09-29,1741.65
2021-09-30,1730.95
2021-10-01,1755.6
2021-10-04,1751.85
2021-10-05,1758.0
2021-10-06,1748.25
2021-10-07,1758.55
2021-10-08,1757.5
2021-10-11,1752.55
2021-10-12,1759.1
2021-10-13,1767.45
2021-10-14,1797.15
2021-10-15,1781.45
2021-10-18,1762.45
2021-10-19,1779.4
2021-10-20,1778.15
2021-10-21,1785.3
2021-10-22,1792.3
2021-10-25,1799.2
2021-10-26,1801.9
2021-10-27,1783.85
2021-10-28,1798.2
2021-10-29,1796.3
2021-11-02,1791.5
2021-11-03,1781.85
2021-11-04,1778.1
2021-11-05,1793.2
2021-11-08,1818.0
2021-11-09,1824.4
2021-11-10,1824.95
2021-11-11,1859.25
2021-11-12,1850.0
2021-11-15,1863.8
2021-11-16,1872.25
2021-11-17,1858.45
2021-11-18,1860.5
2021-11-19,1861.4
2021-11-22,1841.1
2021-11-23,1797.3
2021-11-24,1790.8
2021-11-25,1790.65
2021-11-26,1809.8
2021-11-29,1795.0
2021-11-30,1797.6
2021-12-01,1786.8
2021-12-02,1775.7
2021-12-03,1773.5
2021-12-06,1781.25
2021-12-07,1779.65
2021-12-08,1789.8
2021-12-09,1783.4
2021-12-10,1771.9
2021-12-13,1784.45
2021-12-14,1782.35
2021-12-15,1769.4
2021-12-16,1785.15
2021-12-17,1807.5
2021-12-20,1797.4
2021-12-21,1795.85
2021-12-22,1789.9
2021-12-23,1805.55
2021-12-24,1786.05
2021-12-29,1796.35
2021-12-30,1799.25
2021-12-31,1820.1
2022-01-04,1809.05
2022-01-05,1818.5
2022-01-06,1804.95
2022-01-07,1792.2
2022-01-10,1800.55
2022-01-11,1805.2
2022-01-12,1816.4
2022-01-13,1822.4
2022-01-14,1822.25
2022-01-17,1820.05
2022-01-18,1810.8
2022-01-19,1817.5
2022-01-20,1836.7
2022-01-21,1834.25
2022-01-24,1838.25
2022-01-25,1835.65
2022-01-26,1845.2
2022-01-27,1815.5
2022-01-28,1790.2
2022-01-31,1790.6
2022-02-01,1806.5
2022-02-02,1802.0
2022-02-03,1803.75
2022-02-04,1814.55
2022-02-07,1811.15
2022-02-08,1821.0
2022-02-09,1828.1
2022-02-10,1832.3
2022-02-11,1826.25
2022-02-14,1855.8
2022-02-15,1855.1
2022-02-16,1854.4
2022-02-17,1886.55
2022-02-18,1886.95
2022-02-21,1895.45
2022-02-22,1895.0
2022-02-23,1895.7
2022-02-24,1968.35
2022-02-25,1912.15
2022-02-28,1903.3
2022-03-01,1920.45
2022-03-02,1926.0
2022-03-03,1935.4
2022-03-04,1943.8
2022-03-07,1999.25
2022-03-08,2007.0
2022-03-09,2017.15
2022-03-10,1997.65
2022-03-11,1991.45
2022-03-14,1961.6
2022-03-15,1928.75
2022-03-16,1918.75
2022-03-17,1941.4
2022-03-18,1932.9
2022-03-21,1925.05
2022-03-22,1929.35
2022-03-23,1932.15
2022-03-24,1945.9
2022-03-25,1956.65
2022-03-28,1927.0
2022-03-29,1911.05
2022-03-30,1917.8
2022-03-31,1924.1
2022-04-01,1933.35
2022-04-04,1927.1
2022-04-05,1929.45
2022-04-06,1929.0
2022-04-07,1926.4
2022-04-08,1931.2
2022-04-11,1956.85
2022-04-12,1951.4
2022-04-13,1975.25
2022-04-14,1970.6
2022-04-19,1975.95
2022-04-20,1947.55
2022-04-21,1945.95
2022-04-22,1942.0
2022-04-25,1918.7
2022-04-26,1903.4
2022-04-27,1896.15
2022-04-28,1890.0
2022-04-29,1915.45
2022-05-03,1857.9
2022-05-04,1868.7
2022-05-05,1895.2
2022-05-06,1884.3
2022-05-09,1865.4
2022-05-10,1862.25
2022-05-11,1851.75
2022-05-12,1850.75
2022-05-13,1824.2
2022-05-16,1805.8
2022-05-17,1828.05
2022-05-18,1818.5
2022-05-19,1825.55
2022-05-20,1846.3
2022-05-23,1864.3
2022-05-24,1858.6
2022-05-25,1859.05
2022-05-26,1845.15
2022-05-27,1858.95
2022-05-30,1857.25
2022-05-31,1854.4
2022-06-01,1829.7
2022-06-06,1851.5
2022-06-07,1846.8
2022-06-08,1848.35
2022-06-09,1849.25
2022-06-10,1843.35
2022-06-13,1855.95
2022-06-14,1823.65
2022-06-15,1823.15
2022-06-16,1831.55
2022-06-17,1849.85
2022-06-20,1841.2
2022-06-21,1836.5
2022-06-22,1827.3
2022-06-23,1831.4
2022-06-24,1826.5
2022-06-27,1838.05
2022-06-28,1827.0
2022-06-29,1811.85
2022-06-30,1813.6
2022-07-01,1795.65
2022-07-04,1807.05
2022-07-05,1804.4
2022-07-06,1766.65
2022-07-07,1743.45
2022-07-08,1737.05
2022-07-11,1737.4
2022-07-12,1734.35
2022-07-13,1728.9
2022-07-14,1716.15
2022-07-15,1702.55
2022-07-18,1723.65
2022-07-19,1712.95
2022-07-21,1686.55
2022-07-22,1725.0
2022-07-25,1731.95
2022-07-26,1719.85
2022-07-27,1723.95
2022-07-28,1746.6
2022-07-29,1758.9
2022-08-01,1766.75
2022-08-02,1772.9
2022-08-03,1766.6
2022-08-04,1777.9
2022-08-05,1786.75
2022-08-08,1775.7
2022-08-09,1790.6
2022-08-10,1793.5
2022-08-11,1789.7
2022-08-12,1788.45
2022-08-15,1781.45
2022-08-16,1776.15
2022-08-17,1773.65
2022-08-18,1765.6
2022-08-19,1752.9
2022-08-22,1732.8
2022-08-23,1739.45
2022-08-24,1752.0
2022-08-25,1762.4
2022-08-26,1752.1
2022-08-30,1734.0
2022-08-31,1712.4
2022-09-01,1706.0
2022-09-02,1706.9
2022-09-05,1711.95
2022-09-06,1712.5
2022-09-07,1705.05
2022-09-08,1720.25
2022-09-09,1726.95
2022-09-12,1726.5
2022-09-13,1727.05
2022-09-14,1703.8
2022-09-15,1689.0
2022-09-16,1664.3
2022-09-20,1667.9
2022-09-21,1674.45
2022-09-22,1671.85
2022-09-23,1661.45
2022-09-26,1643.35
2022-09-27,1632.6
2022-09-28,1618.2
2022-09-29,1646.6
2022-09-30,1672.75
2022-10-04,1709.15
2022-10-05,1712.15
2022-10-06,1716.0
2022-10-07,1711.5
2022-10-10,1680.05
2022-10-11,1664.15
2022-10-12,1672.3
2022-10-13,1676.4
2022-10-14,1655.15
2022-10-17,1658.0
2022-10-18,1652.25
2022-10-19,1640.7
2022-10-20,1633.2
2022-10-21,1624.55
2022-10-24,1646.35
2022-10-25,1642.85
2022-10-26,1670.8
2022-10-27,1663.3
2022-10-28,1649.25
2022-10-31,1638.85
2022-11-01,1652.55
2022-11-02,1656.45
2022-11-03,1620.65
2022-11-04,1648.8
2022-11-07,1679.9
2022-11-08,1670.8
2022-11-09,1705.15
2022-11-10,1705.65
2022-11-11,1764.75
2022-11-14,1757.35
2022-11-15,1775.1
2022-11-16,1783.2
2022-11-17,1764.55
2022-11-18,1764.75
2022-11-21,1739.65
2022-11-22,1747.0
2022-11-23,1735.75
2022-11-24,1755.25
2022-11-25,1753.55
2022-11-28,1762.9
2022-11-29,1755.35
2022-11-30,1759.65
2022-12-01,1779.6
2022-12-02,1800.75
2022-12-05,1794.35
2022-12-06,1773.35
2022-12-07,1771.85
2022-12-08,1782.45
2022-12-09,1793.0
2022-12-12,1790.6
2022-12-13,1785.15
2022-12-14,1808.2
2022-12-15,1775.95
2022-12-16,1780.15
2022-12-19,1796.5
2022-12-20,1806.35
2022-12-21,1813.5
2022-12-22,1815.2
2022-12-23,1797.4
2022-12-28,1802.65
2022-12-29,1805.4
2022-12-30,1812.35
2023-01-03,1835.05
2023-01-04,1857.55
2023-01-05,1850.25
2023-01-06,1834.5
2023-01-09,1873.8
2023-01-10,1875.2
2023-01-11,1884.25
2023-01-12,1883.1
2023-01-13,1904.05
2023-01-16,1915.1
2023-01-17,1904.95
2023-01-18,1911.55
2023-01-19,1907.5
2023-01-20,1938.75
2023-01-23,1927.2
2023-01-24,1936.5
2023-01-25,1925.8
2023-01-26,1936.45
2023-01-27,1928.25
2023-01-30,1926.75
2023-01-31,1905.2
2023-02-01,1925.6
2023-02-02,1954.9
2023-02-03,1910.0
2023-02-06,1873.5
2023-02-07,1873.8
2023-02-08,1880.75
2023-02-09,1882.1
2023-02-10,1864.1
2023-02-13,1858.5
2023-02-14,1860.5
2023-02-15,1835.45
2023-02-16,1837.3
2023-02-17,1824.5
2023-02-20,1844.2
2023-02-21,1833.2
2023-02-22,1833.45
2023-02-23,1826.95
2023-02-24,1824.1
2023-02-27,1809.05
2023-02-28,1810.2
2023-03-01,1833.5
2023-03-02,1831.75
2023-03-03,1845.55
2023-03-06,1851.7
2023-03-07,1843.05
2023-03-08,1813.35
2023-03-09,1817.5
2023-03-10,1834.95
2023-03-13,1882.1
2023-03-14,1901.45
2023-03-15,1906.0
2023-03-16,1919.4
2023-03-17,1930.9
2023-03-20,1981.95
2023-03-21,1965.95
2023-03-22,1941.85
2023-03-23,1977.55
2023-03-24,1996.15
2023-03-27,1960.25
2023-03-28,1949.85
2023-03-29,1965.85
2023-03-30,1968.1
2023-03-31,1978.8
2023-04-03,1963.1
2023-04-04,1982.25
2023-04-05,2022.3
2023-04-06,2017.25
2023-04-11,2001.5
2023-04-12,2008.9
2023-04-13,2027.1
2023-04-14,2035.65
2023-04-17,2009.8
2023-04-18,1999.3
2023-04-19,1976.1
2023-04-20,1994.05
2023-04-21,1986.1
2023-04-24,1986.15
2023-04-25,1990.2
2023-04-26,1999.05
2023-04-27,1997.65
2023-04-28,1982.7
2023-05-02,1980.9
2023-05-03,2016.9
2023-05-04,2036.05
2023-05-05,2038.9
2023-05-09,2025.6
2023-05-10,2029.6
2023-05-11,2025.75
2023-05-12,2006.65
2023-05-15,2015.3
2023-05-16,2009.9
2023-05-17,1985.75
2023-05-19,1965.55
2023-05-22,1981.2
2023-05-23,1959.65
2023-05-24,1976.8
2023-05-25,1962.3
2023-05-26,1953.5
2023-05-30,1949.5
2023-05-31,1959.0
2023-06-01,1958.75
2023-06-02,1981.0
2023-06-05,1942.5
2023-06-06,1961.9
2023-06-07,1963.05
2023-06-08,1947.25
2023-06-09,1963.55
2023-06-12,1964.15
2023-06-13,1964.0
2023-06-14,1951.9
2023-06-15,1934.65
2023-06-16,1964.1
2023-06-19,1954.35
2023-06-20,1953.85
2023-06-21,1935.25
2023-06-22,1927.95
2023-06-23,1919.35
2023-06-26,1930.55
2023-06-27,1923.95
2023-06-28,1909.85
2023-06-29,1904.05
2023-06-30,1903.55
2023-07-03,1913.75
2023-07-04,1929.75
2023-07-05,1928.3
2023-07-06,1919.15
2023-07-07,1915.65
2023-07-10,1925.05
2023-07-11,1936.2
2023-07-12,1935.75
2023-07-13,1959.6
2023-07-14,1956.5
2023-07-17,1955.05
2023-07-18,1961.95
2023-07-19,1978.15
2023-07-20,1981.5
2023-07-21,1963.8
2023-07-24,1964.75
2023-07-25,1963.1
2023-07-26,1972.0
2023-07-27,1975.2
2023-07-28,1950.15
2023-07-31,1955.55
2023-08-01,1956.75
2023-08-02,1949.7
2023-08-03,1936.9
2023-08-04,1934.0
2023-08-07,1936.9
2023-08-08,1934.8
2023-08-09,1928.4
2023-08-10,1920.1
2023-08-11,1918.05
2023-08-14,1913.5
2023-08-15,1904.1
2023-08-16,1906.8
2023-08-17,1893.95
2023-08-18,1891.75
2023-08-21,1890.1
2023-08-22,1901.85
2023-08-23,1904.55
2023-08-24,1920.7
2023-08-25,1917.85
2023-08-29,1923.5
2023-08-30,1938.35
2023-08-31,1944.2
2023-09-01,1944.3
2023-09-04,1942.05
2023-09-05,1931.8
2023-09-06,1923.45
2023-09-07,1919.85
2023-09-08,1925.55
2023-09-11,1926.6
2023-09-12,1918.9
2023-09-13,1912.15
2023-09-14,1906.45
2023-09-15,1918.7
2023-09-18,1926.4
2023-09-19,1935.0
2023-09-20,1930.15
2023-09-21,1923.4
2023-09-22,1926.2
2023-09-25,1922.55
2023-09-26,1912.3
2023-09-27,1895.55
2023-09-28,1874.1
2023-09-29,1871.6
2023-10-02,1831.85
2023-10-04,1823.25
2023-10-05,1822.75
2023-10-06,1821.9
2023-10-09,1852.3
2023-10-10,1859.7
2023-10-11,1870.0
2023-10-12,1881.15
2023-10-13,1887.0
2023-10-16,1914.65
2023-10-17,1923.45
2023-10-18,1943.85
2023-10-19,1948.65
2023-10-20,1984.2
2023-10-23,1980.95
2023-10-24,1967.4
2023-10-25,1970.15
2023-10-26,1991.45
2023-10-27,1987.6
2023-10-30,1996.15
2023-10-31,1997.6
2023-11-01,1982.5
2023-11-02,1986.7
2023-11-03,1988.5
2023-11-06,1987.1
2023-11-07,1967.8
2023-11-08,1960.1
2023-11-09,1946.75
2023-11-10,1953.45
2023-11-13,1937.45
2023-11-14,1946.55
2023-11-15,1973.4
2023-11-16,1966.5
2023-11-17,1992.15
2023-11-20,1976.05
2023-11-21,1988.55
2023-11-22,1999.9
2023-11-23,1992.6
2023-11-24,1995.2
2023-11-27,2011.7
2023-11-28,2014.0
2023-11-29,2037.6
2023-11-30,2037.85
2023-12-01,2044.55
2023-12-04,2066.95
2023-12-05,2023.45
2023-12-06,2021.4
2023-12-07,2033.3
2023-12-08,2030.0
2023-12-11,1991.95
2023-12-12,1986.9
2023-12-13,1981.55
2023-12-14,2034.1
2023-12-15,2043.65
2023-12-18,2020.95
2023-12-19,2026.0
2023-12-20,2036.35
2023-12-21,2034.3
2023-12-22,2055.6
2023-12-27,2061.7
2023-12-28,2077.8
2023-12-29,2062.4
2024-01-02,2074.9
2024-01-03,2054.05
2024-01-04,2049.05
2024-01-05,2037.7
2024-01-08,2028.0
2024-01-09,2038.15
2024-01-10,2036.25
2024-01-11,2031.85
2024-01-12,2039.55
2024-01-15,2053.85
2024-01-16,2039.75
2024-01-17,2027.55
2024-01-18,2012.2
2024-01-19,2029.5
2024-01-22,2023.9
2024-01-23,2026.85
2024-01-24,2030.5
2024-01-25,2018.15
2024-01-26,2021.1
2024-01-29,2027.35
2024-01-30,2036.8
2024-01-31,2037.9
2024-02-01,2037.55
2024-02-02,2054.2
2024-02-05,2024.5
2024-02-06,2025.05
2024-02-07,2033.2
2024-02-08,2037.05
2024-02-09,2031.65
2024-02-12,2021.0
2024-02-13,2026.2
2024-02-14,1990.8
2024-02-15,1996.9
2024-02-16,2005.4
2024-02-19,2020.35
2024-02-20,2026.8
2024-02-21,2028.8
2024-02-22,2030.9
2024-02-23,2019.3
2024-02-26,2035.15
2024-02-27,2036.0
2024-02-28,2025.25
2024-02-29,2032.8
2024-03-01,2050.3
2024-03-04,2083.15
2024-03-05,2126.25
2024-03-06,2127.35
2024-03-07,2156.85
2024-03-08,2168.65
2024-03-11,2178.45
2024-03-12,2176.4
2024-03-13,2160.85
2024-03-14,2169.8
2024-03-15,2170.35
2024-03-18,2155.3
2024-03-19,2154.3
2024-03-20,2153.4
2024-03-21,2210.65
2024-03-22,2166.25
2024-03-25,2168.35
2024-03-26,2193.45
2024-03-27,2192.05
2024-03-28,2207.0
2024-04-02,2264.55
2024-04-03,2270.75
2024-04-04,2292.5
2024-04-05,2288.45
2024-04-08,2336.9
2024-04-09,2364.2
2024-04-10,2346.85
2024-04-11,2331.75
2024-04-12,2394.8
2024-04-15,2347.15
2024-04-16,2369.0
2024-04-17,2393.75
2024-04-18,2379.85
2024-04-19,2381.8
2024-04-22,2361.45
2024-04-23,2298.15
2024-04-24,2312.3
2024-04-25,2325.65
2024-04-26,2349.8
2024-04-29,2337.6
2024-04-30,2314.8
2024-05-01,2288.5
2024-05-02,2300.55
2024-05-03,2301.1
2024-05-07,2315.0
2024-05-08,2308.55
2024-05-09,2308.7
2024-05-10,2371.05
2024-05-13,2340.3
2024-05-14,2347.4
2024-05-15,2371.8
2024-05-16,2383.65
2024-05-17,2831.75
2024-05-20,2444.35
2024-05-21,2417.05
2024-05-22,2414.25
2024-05-23,2361.8
2024-05-24,2339.75
2024-05-28,2344.7
2024-05-29,2340.9
2024-05-31,2342.9
2024-06-03,2324.7
2024-06-04,2330.5
2024-06-05,2332.25
2024-06-06,2360.85
2024-06-07,2338.0
2024-06-10,2297.65
2024-06-11,2302.5
2024-06-12,2314.9
2024-06-13,2316.35
2024-06-14,2316.9
2024-06-17,2320.7
2024-06-18,2312.05
2024-06-19,2328.6
2024-06-20,2332.95
2024-06-21,2364.0
2024-06-24,2327.2
2024-06-25,2332.4
2024-06-26,2316.1
2024-06-27,2310.55
2024-06-28,2327.6
2024-07-01,2327.8
2024-07-02,2329.0
2024-07-03,2342.55
2024-07-04,2357.2
2024-07-05,2365.35
2024-07-08,2371.65
2024-07-09,2362.4
2024-07-10,2372.9
2024-07-11,2383.55
2024-07-12,2404.15
2024-07-15,2408.5
2024-07-16,2439.35
2024-07-17,2470.35
2024-07-18,2466.95
2024-07-19,2415.8
2024-07-22,2401.4
2024-07-23,2404.45
2024-07-24,2411.3
2024-07-25,2371.25
2024-07-26,2374.55
2024-07-29,2392.1
2024-07-30,2389.15
2024-07-31,2419.6
2024-08-01,2434.0
2024-08-02,2461.75
2024-08-05,2421.75
2024-08-06,2414.15
2024-08-07,2392.85
2024-08-08,2396.3
2024-08-09,2423.45
2024-08-12,2442.1
2024-08-13,2460.55
2024-08-14,2472.0
2024-08-15,2456.25
2024-08-16,2462.15
2024-08-19,2500.05
2024-08-20,2521.55
2024-08-21,2507.65
2024-08-22,2505.1
2024-08-23,2500.3
2024-08-27,2510.3
2024-08-28,2509.55
2024-08-29,2517.05
2024-08-30,2524.15
2024-09-02,2502.0
2024-09-03,2503.25
2024-09-04,2474.45
2024-09-05,2516.85
2024-09-06,2517.7
2024-09-09,2496.65
2024-09-10,2502.35
2024-09-11,2521.9
2024-09-12,2516.55
2024-09-13,2571.35
2024-09-16,2587.45
2024-09-17,2575.5
2024-09-18,2568.35
2024-09-19,2590.6
2024-09-20,2606.45
2024-09-23,2617.25
2024-09-24,2628.55
2024-09-25,2653.8
2024-09-26,2668.9
2024-09-27,2660.55
2024-09-30,2650.15
2024-10-01,2648.85
2024-10-02,2655.1
2024-10-03,2644.5
2024-10-04,2657.5
2024-10-07,2651.6
2024-10-08,2639.5
2024-10-09,2617.55
2024-10-10,2617.25
2024-10-11,2637.05
2024-10-14,2659.0
2024-10-15,2653.25
2024-10-16,2679.4
2024-10-17,2678.45
2024-10-18,2711.6
2024-10-21,2734.3
2024-10-22,2733.55
2024-10-23,2751.0
2024-10-24,2740.0
2024-10-25,2719.25
2024-10-28,2730.4
2024-10-29,2749.5
2024-10-30,2783.95
2024-10-31,2779.4
2024-11-01,2747.35
2024-11-04,2741.35
2024-11-05,2738.75
2024-11-06,2726.2
2024-11-07,2667.05
2024-11-08,2685.2
2024-11-11,2670.55
2024-11-12,2590.75
2024-11-13,2609.75
2024-11-14,2548.45
2024-11-15,2566.7
2024-11-18,2590.1
2024-11-19,2635.95
2024-11-20,2624.3
2024-11-21,2669.7
2024-11-22,2706.25
2024-11-25,2670.4
2024-11-26,2630.3
2024-11-27,2648.0
2024-11-28,2646.4
2024-11-29,2664.3
2024-12-02,2637.25
2024-12-03,2645.35
2024-12-04,2642.05
2024-12-05,2649.15
2024-12-06,2636.5
2024-12-09,2655.85
2024-12-10,2670.45
2024-12-11,2697.45
2024-12-12,2713.6
2024-12-13,2669.55
2024-12-16,2660.95
2024-12-17,2641.6
2024-12-18,2648.35
2024-12-19,2621.3
2024-12-20,2606.15
2024-12-23,2620.55
2024-12-24,2613.75
2024-12-27,2625.55
2024-12-30,2610.3
2024-12-31,2610.85
2025-01-02,2644.6
2025-01-03,2654.3
2025-01-06,2631.8
2025-01-07,2644.4
2025-01-08,2653.45
2025-01-09,2666.35
2025-01-10,2679.45
2025-01-13,2679.8
2025-01-14,2666.4
2025-01-15,2686.6
2025-01-16,2707.45
2025-01-17,2705.1
2025-01-20,2707.5
2025-01-21,2721.4
2025-01-22,2760.15
2025-01-23,2747.2
2025-01-24,2771.05
2025-01-27,2767.1
2025-01-28,2743.7
2025-01-29,2759.4
2025-01-30,2778.15
2025-01-31,2791.5
2025-02-03,2794.15
2025-02-04,2831.2
2025-02-05,2873.8
2025-02-06,2861.2
2025-02-07,2866.45
2025-02-10,2895.55
2025-02-11,2906.85
2025-02-12,2883.35
2025-02-13,2917.45
2025-02-14,2938.05
2025-02-17,2898.2
2025-02-18,2908.85
2025-02-19,2944.4
2025-02-20,2953.5
2025-02-21,2929.7
2025-02-24,2940.6
2025-02-25,2942.05
2025-02-26,2913.55
2025-02-27,2891.65
2025-02-28,2861.4
2025-03-03,2868.25
2025-03-04,2911.6
2025-03-05,2917.7
2025-03-06,2901.65
2025-03-07,2918.5
2025-03-10,2902.1
2025-03-11,2913.45
2025-03-12,2913.6
2025-03-13,2944.65
2025-03-14,2999.85
2025-03-17,2996.15
2025-03-18,3021.7
2025-03-19,3034.0
2025-03-20,3026.2
2025-03-21,3031.3
2025-03-24,3030.25
2025-03-25,3021.35
2025-03-26,3021.85
2025-03-27,3051.7
2025-03-28,3070.4
2025-03-31,3120.2
2025-04-01,3131.5
2025-04-02,3127.05
2025-04-03,3128.75
2025-04-04,3090.3
2025-04-07,3025.1
2025-04-08,3002.7
2025-04-09,3044.7
2025-04-10,3106.65
2025-04-11,3213.75
2025-04-14,3220.65
2025-04-15,3227.35
2025-04-16,3304.4
2025-04-17,3324.35
2025-04-22,3454.7
2025-04-23,3332.85
2025-04-24,3331.05
2025-04-25,3299.35
2025-04-28,3278.65
2025-04-29,3314.95
2025-04-30,3284.3
2025-05-01,3225.25
2025-05-02,3263.05
2025-05-06,3377.35
2025-05-07,3375.75
2025-05-08,3341.1
2025-05-09,3324.45
2025-05-12,3222.6
2025-05-13,3254.1
2025-05-14,3230.95
2025-05-15,3171.5
2025-05-16,3210.0
2025-05-19,3239.05
2025-05-20,3238.4
2025-05-21,3310.25
2025-05-22,3305.9
2025-05-23,3330.1
2025-05-27,3295.75
2025-05-28,3321.65
2025-05-29,3278.9
2025-05-30,3293.55
2025-06-02,3345.1
2025-06-03,3358.2
2025-06-04,3363.1
2025-06-05,3385.6
2025-06-06,3356.05
2025-06-09,3317.8
2025-06-10,3327.65
2025-06-11,3338.1
2025-06-12,3360.45
2025-06-13,3420.2
2025-06-16,3417.3
2025-06-17,3380.55
2025-06-18,3381.35
2025-06-19,3370.45
2025-06-20,3355.15
2025-06-23,3363.0
2025-06-24,3319.5
2025-06-25,3322.4
2025-06-26,3340.2
2025-06-27,3286.25
2025-06-30,3277.25
2025-07-01,3343.15
2025-07-02,3338.5
2025-07-03,3350.0
2025-07-04,3333.7
2025-07-07,3306.0
2025-07-08,3322.25
2025-07-09,3288.05
2025-07-10,3326.05
2025-07-11,3336.05
2025-07-14,3363.55
2025-07-15,3359.5
2025-07-16,3339.4
2025-07-17,3329.3
2025-07-18,3351.6
2025-07-21,3362.6
2025-07-22,3385.6
2025-07-23,3430.15
2025-07-24,3361.55
2025-07-25,3346.6
2025-07-28,3338.2
2025-07-29,3325.0
2025-07-30,3331.7
2025-07-31,3306.8
2025-08-01,3294.9
2025-08-04,3359.05
2025-08-05,3363.25
2025-08-06,3362.7
2025-08-07,3375.95
2025-08-08,3397.1
2025-08-11,3358.1
2025-08-12,3347.55
2025-08-13,3362.5
2025-08-14,3356.7
2025-08-15,3344.35
2025-08-18,3348.45
2025-08-19,3337.9
2025-08-20,3327.25
2025-08-21,3339.7
2025-08-22,3328.4
2025-08-26,3372.9
2025-08-27,3381.9
2025-08-28,3397.85
2025-08-29,3407.5
2025-09-01,3468.8
2025-09-02,3478.0
2025-09-03,3536.9
2025-09-04,3539.45
2025-09-05,3548.6
2025-09-08,3610.5
2025-09-09,3654.1
2025-09-10,3646.4
2025-09-11,3617.95
2025-09-12,3645.35
2025-09-15,3638.2
2025-09-16,3695.4
2025-09-17,3669.7
2025-09-18,3672.45
2025-09-19,3657.85
2025-09-22,3721.25
2025-09-23,3788.4
2025-09-24,3768.05
2025-09-25,3752.4
2025-09-26,3748.75
2025-09-29,3812.85
2025-09-30,3806.55
2025-10-01,3886.1
2025-10-02,3877.5
2025-10-03,3860.7
2025-10-06,3941.95
2025-10-07,3962.3
2025-10-08,4034.75
2025-10-09,4040.6
2025-10-10,3998.05
2025-10-13,4070.9
2025-10-14,4143.8
2025-10-15,4191.25
2025-10-16,4225.55
2025-10-17,4338.25
2025-10-20,4252.75
2025-10-21,4275.1
2025-10-22,4081.5
2025-10-23,4125.7
2025-10-24,4069.65
2025-10-27,4029.7
2025-10-28,3910.2
2025-10-29,4024.5
2025-10-30,3986.4
2025-10-31,4013.2
2025-11-03,3994.15
2025-11-04,3992.7
2025-11-05,3964.84
2025-11-06,4004.3
2025-11-07,4006.4
2025-11-10,4077.6
2025-11-11,4137.5
2025-11-12,4120.1
2025-11-13,4234.3
2025-11-14,4161.2
2025-11-17,4083.2
2025-11-18,4041.05
2025-11-19,4110.65
2025-11-20,4062.55
2025-11-21,4034.3
2025-11-24,4067.95
2025-11-25,4130.15
2025-11-26,4155.95
2025-11-27,4154.0
2025-11-28,4159.4
2025-12-01,4254.1
2025-12-02,4185.7
2025-12-03,4200.9
2025-12-04,4199.5
2025-12-05,4224.05
2025-12-08,4204.15
2025-12-09,4204.85
2025-12-10,4191.4
2025-12-11,4213.55
2025-12-12,4319.5
2025-12-15,4337.5
2025-12-16,4276.25
2025-12-17,4314.85
2025-12-18,4321.6
2025-12-19,4327.55
2025-12-22,4406.1
2025-12-23,4481.85
2025-12-24,4480.8
2025-12-29,4457.75
2025-12-30,4389.45
2026-01-05,4436.7
2026-01-06,4452.75
2026-01-07,4459.55
2026-01-08,4432.1
2026-01-09,4471.2
2026-01-12,4587.7
2026-01-13,4582.8
2026-01-14,4633.0
2026-01-15,4611.1
2026-01-16,4607.25
2026-01-19,4664.95
2026-01-20,4723.95
2026-01-21,4860.75
2026-01-22,4825.55
2026-01-23,4926.2
2026-01-26,5093.55
2026-01-27,5088.1
2026-01-28,5277.8
2026-01-29,5501.7
2026-01-30,5063.45
2026-02-02,4685.45
2026-02-03,4923.65
2026-02-04,5051.75
2026-02-05,4859.1
2026-02-06,4870.1
2026-02-09,4992.5
2026-02-10,5047.95
2026-02-11,5070.3
2026-02-12,5063.25
2026-02-13,4969.3
2026-02-16,5005.4
2026-02-17,4922.3
2026-02-18,4916.85
2026-02-19,4991.05
2026-02-20,5032.3
2026-02-23,5147.55
2026-02-24,5167.25
2026-02-25,5171.75
2026-02-26,5174.75
2026-02-27,5174.1
2026-03-02,5390.45
2026-03-03,5267.6
2026-03-04,5183.7
2026-03-05,5153.75
2026-03-06,5087.75
2026-03-09,5094.55
2026-03-10,5173.95
2026-03-11,5183.6
2026-03-12,5181.65
2026-03-13,5082.85
2026-03-16,4986.9
2026-03-17,5005.85
2026-03-18,4983.25
2026-03-19,4682.85
2026-03-20,4650.7
2026-03-23,4263.55
2026-03-24,4419.4
2026-03-25,4555.75
2026-03-26,4442.8
2026-03-27,4429.85
2026-03-30,4528.05
2026-03-31,4553.95
2026-04-01,4719.7
2026-04-02,4625.65
2026-04-07,4682.5
2026-04-08,4798.05
2026-04-09,4729.05
2026-04-10,4748.35
2026-04-13,4716.75
2026-04-14,4771.85
2026-04-15,4798.15
2026-04-16,4812.95
2026-04-17,4795.85
2026-04-20,4787.1
2026-04-21,4782.9
2026-04-22,4756.15
2026-04-23,4700.9
2026-04-24,4679.8
2026-04-27,4701.6
2026-04-28,4610.75
2026-04-29,4565.3
2026-04-30,4625.8
2026-05-01,4568.3
2026-05-05,4554.15
2026-05-06,4699.3
2026-05-07,4734.15
2026-05-08,4710.1
2026-05-11,4651.65
2026-05-12,4698.65
2026-05-13,4686.75
2026-05-15,4553.35
2026-05-18,4541.4
2026-05-19,4541.0
2026-05-20,4474.3
2026-05-21,4537.7
2026-05-22,4515.1
2026-05-26,4516.85
2026-05-27,4487.45
2026-05-28,4391.9
2026-05-29,4525.75
2026-06-01,4490.4
2026-06-02,4523.8
2026-06-03,4441.25
2026-06-04,4464.95
2026-06-05,4463.1
2026-06-08,4280.6
2026-06-09,4326.75
2026-06-10,4166.4
2026-06-11,4079.85
2026-06-12,4223.5
2026-06-15,4337.55
2026-06-16,4343.3
2026-06-17,4331.85
2026-06-18,4264.9
2026-06-19,4164.55
2026-06-22,4207.75
2026-06-23,4112.75
2026-06-24,4069.55
2026-06-25,3994.5
2026-06-26,4047.95
2026-06-29,4042.85
2026-06-30,4016.7
2026-07-01,3978.55
2026-07-02,4064.2
2026-07-03,4171.25
2026-07-06,4137.55
2026-07-07,4124.15
2026-07-08,4055.4
2026-07-09,4107.05
2026-07-10,4102.2
2026-07-13,4070.95
2026-07-14,4015.9
2026-07-15,4027.35
2026-07-16,4030.95
2026-07-17,3998.8
2026-07-20,4014.8
2026-07-21,4063.2
2026-07-22,4118.65
2026-07-23,4090.1
2026-07-24,4051.85
2026-07-27,4091.1
2026-07-28,4037.7
2026-07-29,4031.6
2026-07-30,4061.5
2026-07-31,4052.2
2026-08-03,4045.65
2026-08-04,4049.2
2026-08-05,4156.45
2026-08-06,4281.1
2026-08-07,4301.85
2026-08-10,4340.5
2026-08-11,4372.2
2026-08-12,4413.2
2026-08-13,4380.45
2026-08-14,4349.9
2026-08-17,4393.6
2026-08-18,4388.75
2026-08-19,4355.75
2026-08-20,4487.6
2026-08-21,4581.95
2026-08-24,4634.2
2026-08-25,4625.65
2026-08-26,4621.05
2026-08-27,4594.95
2026-08-28,4602.0
2026-09-01,4367.25
2026-09-02,4308.7
2026-09-03,4434.25
2026-09-04,4466.25
