date,fund_nav,predicted_20d_return,gold_weight,strategy_equity,benchmark_equity
2022-01-04,0.8669,0.007855462421677178,0.25,0.99975,0.9926714760105348
2022-01-05,0.8699,0.005234211083298612,0.25,1.000614935402007,0.9961067216305967
2022-01-06,0.8645,0.004262343803653633,0.25,0.9990620785646778,0.9899232795144854
2022-01-07,0.8605,0.014696955056386988,0.5,0.9976566599755575,0.9853429520210697
2022-01-10,0.8611,0.015300150832027863,0.5,0.998004477521162,0.986030001145082
2022-01-11,0.8678,0.02196510486614106,0.75,1.0016375858544537,0.9937020496965534
2022-01-12,0.8721,0.020801311243921407,0.75,1.0053599656820416,0.9986259017519754
2022-01-13,0.8736,0.00485856554036713,0.25,1.0061541896796984,1.0003435245620063
2022-01-14,0.8736,-0.0029626497249287086,0.0,1.0059026511322784,1.0003435245620063
2022-01-17,0.8693,0.004604465964386873,0.25,1.0056511754694955,0.9954196725065843
2022-01-18,0.868,0.012177794805228298,0.5,1.0050237858758724,0.9939310660712242
2022-01-19,0.8675,0.006984621361620558,0.25,1.0044830645532872,0.9933585251345473
2022-01-20,0.8778,-0.015246767818049177,0.0,1.007213550578186,1.0051528684300928
2022-01-21,0.8779,-0.01979351577062309,0.0,1.007213550578186,1.0052673766174283
2022-01-24,0.8756,-0.03417453910492019,0.0,1.007213550578186,1.0026336883087144
2022-01-25,0.8771,-0.040433551506420966,0.0,1.007213550578186,1.0043513111187452
2022-01-26,0.8784,-0.038860790884014736,0.0,1.007213550578186,1.0058399175541053
2022-01-27,0.8654,-0.03516440652346139,0.0,1.007213550578186,0.990953853200504
2022-01-28,0.8607,-0.018998626924742856,0.0,1.007213550578186,0.9855719683957406
2022-02-07,0.8657,0.0007715332883790598,0.0,1.007213550578186,0.9912973777625103
2022-02-08,0.8703,-0.00988963439396276,0.0,1.007213550578186,0.9965647543799383
2022-02-09,0.874,-0.0009671242076788027,0.0,1.007213550578186,1.0008015573113478
2022-02-10,0.8761,-0.0002623761805973417,0.0,1.007213550578186,1.003206229245391
2022-02-11,0.8718,-0.0010320999442856738,0.0,1.007213550578186,0.998282377189969
2022-02-14,0.8849,-0.00216048316184376,0.0,1.007213550578186,1.0132829497309057
2022-02-15,0.8942,-0.02714409208124724,0.0,1.007213550578186,1.0239322111530973
2022-02-16,0.8823,-0.028284463661863858,0.0,1.007213550578186,1.0103057368601853
2022-02-17,0.8908,-0.03161189207733354,0.0,1.007213550578186,1.0200389327836938
2022-02-18,0.8968,-0.035986752677809555,0.0,1.007213550578186,1.0269094240238175
2022-02-21,0.8965,-0.03515728379084955,0.0,1.007213550578186,1.0265658994618112
2022-02-22,0.9061,-0.03624099489575479,0.0,1.007213550578186,1.0375586854460093
2022-02-23,0.9,-0.02883800483100392,0.0,1.007213550578186,1.0305736860185502
2022-02-24,0.9175,-0.03405983498364908,0.0,1.007213550578186,1.0506126188022442
2022-02-25,0.9066,-0.048710707714660226,0.0,1.007213550578186,1.038131226382686
2022-02-28,0.9017,-0.03601139874300982,0.0,1.007213550578186,1.0325203252032518
2022-03-01,0.9017,-0.03548670648956962,0.0,1.007213550578186,1.0325203252032518
2022-03-02,0.914,-0.055668168742867966,0.0,1.007213550578186,1.0466048322455053
2022-03-03,0.9113,-0.043110714935718955,0.0,1.007213550578186,1.0435131111874496
2022-03-04,0.9144,-0.04192172421958784,0.0,1.007213550578186,1.0470628649948468
2022-03-07,0.933,-0.04464246390041214,0.0,1.007213550578186,1.0683613878392302
2022-03-08,0.9485,-0.05646542376059562,0.0,1.007213550578186,1.0861101568762161
2022-03-09,0.9611,-0.06153875621114017,0.0,1.007213550578186,1.100538188480476
2022-03-10,0.9338,-0.050815568636211006,0.0,1.007213550578186,1.0692774533379132
2022-03-11,0.936,-0.0386862761363329,0.0,1.007213550578186,1.071796633459292
2022-03-14,0.9316,-0.030775067917098917,0.0,1.007213550578186,1.0667582732165346
2022-03-15,0.914,-0.0275376738372559,0.0,1.007213550578186,1.0466048322455053
2022-03-16,0.9073,-0.04632249045629988,0.0,1.007213550578186,1.0389327836940339
2022-03-17,0.9155,-0.015576161321131238,0.0,1.007213550578186,1.0483224550555361
2022-03-18,0.9166,-0.027597592069812972,0.0,1.007213550578186,1.0495820451162254
2022-03-21,0.914,-0.011895228314343234,0.0,1.007213550578186,1.0466048322455053
2022-03-22,0.9194,-0.009248469675444937,0.0,1.007213550578186,1.0527882743616166
2022-03-23,0.9138,-0.016078175653003197,0.0,1.007213550578186,1.0463758158708345
2022-03-24,0.9234,-0.00797524014401006,0.0,1.007213550578186,1.0573686018550326
2022-03-25,0.9288,-0.004452761039844071,0.0,1.007213550578186,1.063552043971144
2022-03-28,0.92,-0.0018031426007438511,0.0,1.007213550578186,1.0534753234856293
2022-03-29,0.9157,-0.002648680583906823,0.0,1.007213550578186,1.0485514714302073
2022-03-30,0.9145,0.011248335067088281,0.5,1.006709943802897,1.0471773731821825
2022-03-31,0.9136,0.020355518771093734,0.75,1.0059628923697497,1.046146799496164
2022-04-01,0.9174,0.04546918760326027,1.0,1.0088495301966285,1.050498110614909
2022-04-06,0.9135,0.07121457775878873,1.0,1.0045607650257469,1.0460322913088287
2022-04-07,0.9147,0.07221195358964208,1.0,1.005880385078326,1.0474063895568535
2022-04-08,0.9171,0.06658179814474777,1.0,1.008519625183484,1.050154586052903
2022-04-11,0.9238,0.06970122354379013,1.0,1.0158875038103834,1.0578266346043743
2022-04-12,0.9294,0.06055699111602917,1.0,1.0220457307224187,1.0642390930951564
2022-04-13,0.933,0.04280044419513141,1.0,1.0260045908801556,1.0683613878392306
2022-04-14,0.934,0.038795591743022016,1.0,1.0271042742573049,1.0695064697125847
2022-04-15,0.9373,0.053949485654095505,1.0,1.030733229401897,1.0732852398946526
2022-04-18,0.9422,0.034726929688363196,0.75,1.0358639946425774,1.0788961410740872
2022-04-19,0.9369,0.0441566373034976,1.0,1.0312348743468416,1.072827207145311
2022-04-20,0.9259,0.0481725463346539,1.0,1.0191273029754944,1.0602313065384177
2022-04-21,0.9361,0.058799452561371555,1.0,1.0303543237016528,1.071911141646628
2022-04-22,0.9402,0.05909234172742248,1.0,1.034867145758246,1.0766059773273793
2022-04-25,0.9353,0.06694183168741584,1.0,1.0294737730564638,1.070995076147945
2022-04-26,0.9283,0.06474873021142323,1.0,1.0217689549110611,1.0629795030344673
2022-04-27,0.9278,0.06294425532616084,1.0,1.021218610757818,1.0624069620977903
2022-04-28,0.9265,0.060171987983869864,1.0,1.0197877159593862,1.0609183556624302
2022-04-29,0.9376,0.058608299264222896,1.0,1.032005356161382,1.073628764456659
2022-05-05,0.9349,0.09752534152758943,1.0,1.0290334977338693,1.0705370433986032
2022-05-06,0.9328,0.09527897568360622,1.0,1.0267220522902485,1.0681323714645599
2022-05-09,0.9364,0.0813508120563616,1.0,1.0306845301935985,1.072254666208634
2022-05-10,0.9301,0.10651417273368222,1.0,1.023750193862736,1.0650406504065042
2022-05-11,0.9255,0.11777266765501132,1.0,1.0186870276528999,1.059773273789076
2022-05-12,0.9333,0.1298900730733789,1.0,1.0272723964434916,1.0687049124012367
2022-05-13,0.925,0.13948844587130382,1.0,1.0181366834996568,1.059200732852399
2022-05-16,0.9167,0.1319860777776011,1.0,1.009000970555822,1.0496965533035612
2022-05-17,0.9213,0.1315123155453604,1.0,1.0140641367656582,1.0549639299209894
2022-05-18,0.9116,0.12107518150497318,1.0,1.0033874601927428,1.043856635749456
2022-05-19,0.9149,0.13075894761050538,1.0,1.0070197316041472,1.0476354059315243
2022-05-20,0.9204,0.1116691699084068,1.0,1.0130735172898209,1.0539333562349709
2022-05-23,0.9202,0.12196324320234478,1.0,1.0128533796285237,1.0537043398603
2022-05-24,0.9224,0.09377555719679798,1.0,1.0152748939027931,1.0562235199816787
2022-05-25,0.9235,0.09834942532597238,1.0,1.0164856510399278,1.057483110042368
2022-05-26,0.9272,0.11197271190346827,1.0,1.0205581977739266,1.0617199129737778
2022-05-27,0.9309,0.11958284716977766,1.0,1.0246307445079252,1.0659567159051873
2022-05-30,0.9232,0.10177533419855009,1.0,1.0161554445479823,1.057139585480362
2022-05-31,0.9208,0.08928159683861792,1.0,1.0135137926124156,1.0543913889843124
2022-06-01,0.9155,0.10498156636562939,1.0,1.0076801445880392,1.0483224550555366
2022-06-02,0.922,0.10386670165627764,1.0,1.014834618580199,1.0557654872323372
2022-06-06,0.9194,0.07719865430801932,1.0,1.011972828983335,1.0527882743616168
2022-06-07,0.9155,0.07238302528009698,1.0,1.007680144588039,1.0483224550555363
2022-06-08,0.9194,0.07501934154166831,1.0,1.0119728289833347,1.0527882743616168
2022-06-09,0.921,0.06771843110025336,1.0,1.0137339302737125,1.0546204053589832
2022-06-10,0.9184,0.08124926475149989,1.0,1.0108721406768486,1.0516431924882628
2022-06-13,0.933,0.053154620155505865,1.0,1.026942189951546,1.0683613878392304
2022-06-14,0.9155,0.05431974691795457,1.0,1.007680144588039,1.0483224550555363
2022-06-15,0.9111,0.06631377984167706,1.0,1.0028371160395002,1.043284094812779
2022-06-16,0.9139,0.07488533189585642,1.0,1.0059190432976615,1.0464903240581702
2022-06-17,0.9195,0.0772306325757419,1.0,1.0120828978139835,1.052902782548952
2022-06-20,0.9162,0.05802548271525083,1.0,1.0084506264025794,1.0491240123668841
2022-06-21,0.9145,0.05017011997384699,1.0,1.006579456281553,1.0471773731821825
2022-06-22,0.9143,0.06116423430826058,1.0,1.0063593186202557,1.0469483568075117
2022-06-23,0.9154,0.07988485067228755,1.0,1.0075700757573907,1.048207946868201
2022-06-24,0.9092,0.0717105193393965,1.0,1.0007458082571767,1.0411084392534067
2022-06-27,0.9146,0.08903637958685685,1.0,1.0066895251122017,1.047291881369518
2022-06-28,0.9097,0.08875257863771098,1.0,1.0012961524104196,1.0416809801900837
2022-06-29,0.9082,0.0868502973127195,1.0,0.9996451199506905,1.0399633573800529
2022-06-30,0.9065,0.08647248048999108,1.0,0.997773949829664,1.0380167181953512
2022-07-01,0.8991,0.02500870362229793,0.75,0.9893794128742094,1.029543112332532
2022-07-04,0.9031,0.020685976288963917,0.75,0.9926806454830656,1.0341234398259478
2022-07-05,0.9023,0.02825917190317427,0.75,0.9920211300503451,1.0332073743272645
2022-07-06,0.8847,0.020004306392138654,0.75,0.9775085744516921,1.0130539333562352
2022-07-07,0.8742,0.037269332386947476,1.0,0.9685630782577717,1.0010305736860186
2022-07-08,0.8732,0.040423471102069244,1.0,0.967455136049744,0.9998854918126646
2022-07-11,0.8729,0.04988128217260587,1.0,0.9671227533873357,0.9995419672506585
2022-07-12,0.873,0.04639146717923939,1.0,0.9672335476081384,0.9996564754379939
2022-07-13,0.8675,0.045303819862518344,1.0,0.9611398654639863,0.9933585251345471
2022-07-14,0.8661,0.05314781894768566,1.0,0.9595887463727476,0.9917554105118516
2022-07-15,0.8636,0.045142616317112555,1.0,0.9568188908526786,0.9888927058284668
2022-07-18,0.8656,0.03934358338833421,1.0,0.9590347752687338,0.9911828695751747
2022-07-19,0.8637,0.022188972147652482,0.75,0.9566899263796641,0.9890072140158022
2022-07-20,0.8635,0.03098888674954517,0.75,0.9565237766876913,0.9887781976411314
2022-07-21,0.8568,0.029465085943328403,0.75,0.950957439712757,0.9811061490896599
2022-07-22,0.8692,0.022698535702360058,0.75,0.9612794567404515,0.9953051643192488
2022-07-25,0.8719,0.015069300701743027,0.5,0.9632786570096067,0.9983968853773045
2022-07-26,0.8724,0.012208490477131583,0.5,0.963554858023774,0.9989694263139814
2022-07-27,0.8705,0.00767606620573086,0.25,0.9622647062245334,0.9967937707546091
2022-07-28,0.8778,0.0066043364034764004,0.25,0.9642820905885309,1.0051528684300928
2022-07-29,0.889,0.012877375980237976,0.5,0.9671168800039652,1.017977785411657
2022-08-01,0.8888,0.010477234792174252,0.5,0.9670080929533461,1.0177487690369862
2022-08-02,0.8943,0.015519480652703588,0.5,0.970000073438969,1.0240467193404328
2022-08-03,0.8907,0.010666454882603482,0.5,0.9680477083129597,1.0199244245963586
2022-08-04,0.8929,0.023275493194545718,0.75,0.9690012195464789,1.0224436047177372
2022-08-05,0.8999,0.02165507020347729,0.75,0.9746986732396349,1.0304591778312149
2022-08-08,0.8955,0.012163275558422615,0.5,0.9708807062925264,1.0254208175884574
2022-08-09,0.8989,0.0028106394757234695,0.25,0.9724810874009308,1.0293140959578608
2022-08-10,0.9012,-0.0067165416816200255,0.0,0.9728600347954011,1.031947784266575
2022-08-11,0.8968,-0.02014340488877485,0.0,0.9728600347954011,1.0269094240238177
2022-08-12,0.9001,-0.022737290652121152,0.0,0.9728600347954011,1.0306881942058856
2022-08-15,0.9022,-0.022902560343192567,0.0,0.9728600347954011,1.033092866139929
2022-08-16,0.9011,-0.03965703572344767,0.0,0.9728600347954011,1.0318332760792397
2022-08-17,0.8975,-0.040927159712303096,0.0,0.9728600347954011,1.0277109813351655
2022-08-18,0.8928,-0.037429174605622985,0.0,0.9728600347954011,1.022329096530402
2022-08-19,0.892,-0.04395705454195808,0.0,0.9728600347954011,1.0214130310317187
2022-08-22,0.8898,-0.05403035754647294,0.0,0.9728600347954011,1.01889385091034
2022-08-23,0.8925,-0.06231191129564591,0.0,0.9728600347954011,1.0219855719683955
2022-08-24,0.896,-0.07112075135319783,0.0,0.9728600347954011,1.0259933585251342
2022-08-25,0.8985,-0.06507719921183686,0.0,0.9728600347954011,1.028856063208519
2022-08-26,0.9,-0.052458147318270046,0.0,0.9728600347954011,1.03057368601855
2022-08-29,0.8931,-0.028860828057991617,0.0,0.9728600347954011,1.0226726210924078
2022-08-30,0.8961,-0.015312274437241855,0.0,0.9728600347954011,1.0261078667124697
2022-08-31,0.8911,-0.009996015980783748,0.0,0.9728600347954011,1.0203824573456999
2022-09-01,0.8851,-0.00608453452127896,0.0,0.9728600347954011,1.0135119661055763
2022-09-02,0.884,-0.009785239856137986,0.0,0.9728600347954011,1.012252376044887
2022-09-05,0.8918,0.006604576201291649,0.25,0.9726168197867022,1.0211840146570477
2022-09-06,0.896,-0.0018401104744124133,0.0,0.9735188188232626,1.0259933585251342
2022-09-07,0.8905,-0.01290482810721932,0.0,0.9735188188232626,1.0196954082216874
2022-09-08,0.8973,-0.009591060006617797,0.0,0.9735188188232626,1.0274819649604943
2022-09-09,0.898,-0.0023938405907379485,0.0,0.9735188188232626,1.028283522271842
2022-09-13,0.8974,-0.0044345292054048125,0.0,0.9735188188232626,1.0275964731478295
2022-09-14,0.8915,-0.013295762181140966,0.0,0.9735188188232626,1.0208404900950414
2022-09-15,0.8872,-0.016160941452907238,0.0,0.9735188188232626,1.0159166380396194
2022-09-16,0.8843,-0.01288813314528894,0.0,0.9735188188232626,1.012595900606893
2022-09-19,0.8866,-0.01811192476555066,0.0,0.9735188188232626,1.015229588915607
2022-09-20,0.8886,-0.021112024408973244,0.0,0.9735188188232626,1.017519752662315
2022-09-21,0.8897,-0.019869540054303768,0.0,0.9735188188232626,1.0187793427230045
2022-09-22,0.8886,-0.03401825802339687,0.0,0.9735188188232626,1.0175197526623152
2022-09-23,0.8927,-0.03681600443622006,0.0,0.9735188188232626,1.0222145883430664
2022-09-26,0.8858,-0.04198268116698093,0.0,0.9735188188232626,1.0143135234169243
2022-09-27,0.8877,-0.047670801256834275,0.0,0.9735188188232626,1.0164891789762966
2022-09-28,0.8912,-0.041674707651773335,0.0,0.9735188188232626,1.0204969655330356
2022-09-29,0.896,-0.04236091062819637,0.0,0.9735188188232626,1.0259933585251344
2022-09-30,0.8966,-0.059270571912699827,0.0,0.9735188188232626,1.0266804076491467
2022-10-10,0.9029,-0.039703689238693184,0.0,0.9735188188232626,1.0338944234512768
2022-10-11,0.9015,-0.03121817618647395,0.0,0.9735188188232626,1.0322913088285812
2022-10-12,0.9019,-0.031583858167417406,0.0,0.9735188188232626,1.032749341577923
2022-10-13,0.9024,-0.029926954263455065,0.0,0.9735188188232626,1.0333218825145998
2022-10-14,0.9013,-0.02310753379795555,0.0,0.9735188188232626,1.0320622924539105
2022-10-17,0.8976,-0.0277870930807844,0.0,0.9735188188232626,1.0278254895225007
2022-10-18,0.8989,-0.01573349721296858,0.0,0.9735188188232626,1.0293140959578608
2022-10-19,0.897,-0.014448852771413086,0.0,0.9735188188232626,1.0271384403984882
2022-10-20,0.8931,-0.010385656554690419,0.0,0.9735188188232626,1.022672621092408
2022-10-21,0.8922,-0.020390656750999426,0.0,0.9735188188232626,1.0216420474063894
2022-10-24,0.9027,-0.004027320659334593,0.0,0.9735188188232626,1.0336654070766058
2022-10-25,0.9044,-0.008695836092136332,0.0,0.9735188188232626,1.0356120462613077
2022-10-26,0.9046,-0.0009939042508345067,0.0,0.9735188188232626,1.0358410626359784
2022-10-27,0.9028,-0.049384431347138984,0.0,0.9735188188232626,1.0337799152639413
2022-10-28,0.9021,-0.050744369367228856,0.0,0.9735188188232626,1.0329783579525935
2022-10-31,0.8995,-0.03654254642538363,0.0,0.9735188188232626,1.0300011450818731
2022-11-01,0.9,-0.038332514210682345,0.0,0.9735188188232626,1.0305736860185502
2022-11-02,0.9015,-0.04512020785738212,0.0,0.9735188188232626,1.032291308828581
2022-11-03,0.8993,-0.03741308713737965,0.0,0.9735188188232626,1.0297721287072024
2022-11-04,0.8994,-0.047740513622863585,0.0,0.9735188188232626,1.0298866368945376
2022-11-07,0.905,-0.056937500270118305,0.0,0.9735188188232626,1.0362990953853197
2022-11-08,0.9073,-0.08288238149190727,0.0,0.9735188188232626,1.0389327836940336
2022-11-09,0.9244,-0.09416198931143996,0.0,0.9735188188232626,1.0585136837283862
2022-11-10,0.9248,-0.10078804696008337,0.0,0.9735188188232626,1.0589717164777277
2022-11-11,0.9323,-0.09545938502676936,0.0,0.9735188188232626,1.0675598305278822
2022-11-14,0.9241,-0.11094174068906829,0.0,0.9735188188232626,1.05817015916638
2022-11-15,0.927,-0.11881605364189073,0.0,0.9735188188232626,1.0614908965991063
2022-11-16,0.9311,-0.12394079379020478,0.0,0.9735188188232626,1.0661857322798576
2022-11-17,0.9327,-0.11202278627990912,0.0,0.9735188188232626,1.0680178632772237
2022-11-18,0.9317,-0.1243305744105151,0.0,0.9735188188232626,1.0668727814038697
2022-11-21,0.9267,-0.10763909792947844,0.0,0.9735188188232626,1.0611473720370999
2022-11-22,0.9265,-0.11585106159846972,0.0,0.9735188188232626,1.060918355662429
2022-11-23,0.9254,-0.11246803931332873,0.0,0.9735188188232626,1.0596587656017398
2022-11-24,0.9287,-0.11035085685423114,0.0,0.9735188188232626,1.0634375357838077
2022-11-25,0.9308,-0.1094123475427748,0.0,0.9735188188232626,1.0658422077178509
2022-11-28,0.9321,-0.11093277051764071,0.0,0.9735188188232626,1.067330814153211
2022-11-29,0.9298,-0.10494972288874582,0.0,0.9735188188232626,1.0646971258444968
2022-11-30,0.9283,-0.11255631201574985,0.0,0.9735188188232626,1.062979503034466
2022-12-01,0.9307,-0.06037123403990515,0.0,0.9735188188232626,1.0657276995305154
2022-12-02,0.936,-0.07998340524012944,0.0,0.9735188188232626,1.0717966334592912
2022-12-05,0.9274,-0.07608324298089171,0.0,0.9735188188232626,1.0619489293484472
2022-12-06,0.9186,-0.06320041473924423,0.0,0.9735188188232626,1.0518722088629324
2022-12-07,0.9188,-0.0822481307994318,0.0,0.9735188188232626,1.0521012252376032
2022-12-08,0.9219,-0.05598551056558491,0.0,0.9735188188232626,1.0556509790450004
2022-12-09,0.9244,-0.060839164688485686,0.0,0.9735188188232626,1.058513683728385
2022-12-12,0.9239,-0.06295455001069411,0.0,0.9735188188232626,1.057941142791708
2022-12-13,0.9235,-0.05317321130337428,0.0,0.9735188188232626,1.0574831100423663
2022-12-14,0.933,-0.06135073960695749,0.0,0.9735188188232626,1.0683613878392288
2022-12-15,0.9257,-0.06217716689036734,0.0,0.9735188188232626,1.060002290163745
2022-12-16,0.9217,-0.0632681247287197,0.0,0.9735188188232626,1.0554219626703292
2022-12-19,0.9275,-0.06838143379391436,0.0,0.9735188188232626,1.062063437535782
2022-12-20,0.9278,-0.053988799952278885,0.0,0.9735188188232626,1.0624069620977883
2022-12-21,0.9349,-0.058134185025716725,0.0,0.9735188188232626,1.0705370433986012
2022-12-22,0.9361,-0.058279482309027034,0.0,0.9735188188232626,1.071911141646626
2022-12-23,0.9289,-0.05063728823709458,0.0,0.9735188188232626,1.0636665521584776
2022-12-26,0.9299,-0.03136353574370614,0.0,0.9735188188232626,1.0648116340318314
2022-12-27,0.9309,-0.02739942838011925,0.0,0.9735188188232626,1.0659567159051855
2022-12-28,0.9326,-0.03288877428229248,0.0,0.9735188188232626,1.067903355089887
2022-12-29,0.9317,-0.031560507227887,0.0,0.9735188188232626,1.0668727814038685
2022-12-30,0.937,-0.005966153270705165,0.0,0.9735188188232626,1.0729417153326446
2022-12-31,0.937,-0.01153145540705222,0.0,0.9735188188232626,1.0729417153326446
2023-01-03,0.9373,-0.008327491669643394,0.0,0.9735188188232626,1.0732852398946506
2023-01-04,0.9412,-0.01131520997995882,0.0,0.9735188188232626,1.077751059200731
2023-01-05,0.9409,-0.013582285075875543,0.0,0.9735188188232626,1.0774075346387249
2023-01-06,0.9344,-0.014697504014522411,0.0,0.9735188188232626,1.0699645024619242
2023-01-09,0.9437,-0.007575474356102492,0.0,0.9735188188232626,1.0806137638841158
2023-01-10,0.9429,-0.0061999761271927705,0.0,0.9735188188232626,1.0796976983854327
2023-01-11,0.9455,-0.01665540312209885,0.0,0.9735188188232626,1.0826749112561531
2023-01-12,0.9444,-0.012996021812552598,0.0,0.9735188188232626,1.0814153211954638
2023-01-13,0.945,-0.00806773007607137,0.0,0.9735188188232626,1.082102370319476
2023-01-16,0.9497,-0.019708224304300925,0.0,0.9735188188232626,1.0874842551242396
2023-01-17,0.9535,-0.026619064705486556,0.0,0.9735188188232626,1.0918355662429846
2023-01-18,0.9513,-0.020172639832107844,0.0,0.9735188188232626,1.089316386121606
2023-01-19,0.9551,-0.015615264184299829,0.0,0.9735188188232626,1.093667697240351
2023-01-20,0.9609,-0.013463349978188828,0.0,0.9735188188232626,1.1003091721058038
2023-01-30,0.9603,0.013778556130456868,0.5,0.9730320594138511,1.0996221229817915
2023-01-31,0.9542,0.0028063934525905223,0.25,0.9696983632221651,1.0926371235543324
2023-02-01,0.9583,0.007271623614086094,0.25,0.970740011537301,1.0973319592350836
2023-02-02,0.9651,0.02075228580425902,0.75,0.9719767097978512,1.1051185159738903
2023-02-03,0.954,0.022064385789790367,0.75,0.9635923909613917,1.0924081071796616
2023-02-06,0.9417,0.006109239100098369,0.25,0.9537928381551994,1.0783236001374081
2023-02-07,0.9399,0.002402497384160719,0.25,0.9533370594813438,1.076262452765371
2023-02-08,0.9397,0.0002549654412376625,0.0,0.9530480104032231,1.0760334363907003
2023-02-09,0.9415,0.0054096589162459345,0.25,0.9528097484006223,1.0780945837627374
2023-02-10,0.9377,0.00803677858567205,0.25,0.9518483365461553,1.0737432726439924
2023-02-13,0.9413,0.0018017738295540767,0.0,0.9525239539681418,1.0778655673880666
2023-02-14,0.9409,0.01665721693736304,0.5,0.9520476919911578,1.0774075346387249
2023-02-15,0.9385,0.019493936861971276,0.5,0.9508334745074833,1.0746593381426754
2023-02-16,0.9377,0.014148123876179357,0.5,0.9504282178321473,1.0737432726439924
2023-02-17,0.9364,0.006805924669715921,0.25,0.9495317877622356,1.0722546662086323
2023-02-20,0.9397,0.008202400393763909,0.25,0.9503683573104029,1.0760334363907003
2023-02-21,0.9385,0.002654216170088203,0.25,0.9500649514285331,1.0746593381426754
2023-02-22,0.9408,0.006429857154585286,0.25,0.9506470370407563,1.0772930264513894
2023-02-23,0.9389,0.016424366942886442,0.5,0.9499294036163235,1.075117370892017
2023-02-24,0.9406,0.024333551174208833,0.75,0.9505519063469765,1.0770640100767188
2023-02-27,0.9391,0.02497105624362306,0.75,0.9494150034183775,1.075346387266688
2023-02-28,0.9395,0.026036200621769666,0.75,0.9497182985957022,1.0758044200160295
2023-03-01,0.9426,0.021315973428092404,0.75,0.9520685860296938,1.0793541738234267
2023-03-02,0.9416,0.03318567997848786,0.75,0.9513110521452016,1.0782090919500729
2023-03-03,0.9454,0.005926365005410035,0.25,0.9537147896720324,1.0825604030688178
2023-03-06,0.9518,0.015291585503334246,0.5,0.9550904329689822,1.089888927058283
2023-03-07,0.9524,0.014029173482406577,0.5,0.9553914700880101,1.0905759761822953
2023-03-08,0.9428,0.007722182222636705,0.25,0.9503375455127786,1.0795831901980975
2023-03-09,0.9433,-0.0003329031244700064,0.0,0.9502259604827741,1.0801557311347745
2023-03-10,0.948,-0.005633155734488074,0.0,0.9502259604827741,1.0855376159395378
2023-03-13,0.9553,0.006659641650179071,0.25,0.9499884039926534,1.0938967136150217
2023-03-14,0.9668,-0.017647204208156023,0.0,0.9526099215064138,1.107065155158592
2023-03-15,0.9671,-0.02101552442185595,0.0,0.9526099215064138,1.107408679720598
2023-03-16,0.9754,-0.029368031486029445,0.0,0.9526099215064138,1.1169128592694357
2023-03-17,0.9799,-0.01761456617529859,0.0,0.9526099215064138,1.1220657276995283
2023-03-20,1.0097,-0.028283926399218666,0.0,0.9526099215064138,1.1561891675254756
2023-03-21,0.9991,-0.04637214101841892,0.0,0.9526099215064138,1.1440512996679237
2023-03-22,0.9862,-0.03269756639886111,0.0,0.9526099215064138,1.129279743501658
2023-03-23,0.9919,-0.025732468291809873,0.0,0.9526099215064138,1.1358067101797755
2023-03-24,0.9945,-0.034421065557507804,0.0,0.9526099215064138,1.138783923050496
2023-03-27,0.9903,-0.04527360935019629,0.0,0.9526099215064138,1.1339745791824092
2023-03-28,0.985,-0.04256142885179456,0.0,0.9526099215064138,1.1279056452536333
2023-03-29,0.9888,-0.038730779833726296,0.0,0.9526099215064138,1.1322569563723783
2023-03-30,0.9902,-0.02389951966153712,0.0,0.9526099215064138,1.1338600709950737
2023-03-31,0.9951,-0.023562362723092117,0.0,0.9526099215064138,1.139470972174508
2023-04-03,0.9841,-0.0362763938813802,0.0,0.9526099215064138,1.1268750715676146
2023-04-04,0.9938,-0.052758650487908704,0.0,0.9526099215064138,1.137982365739148
2023-04-06,1.0066,-0.044832042780344084,0.0,0.9526099215064138,1.1526394137180782
2023-04-07,1.0062,-0.028871397205465766,0.0,0.9526099215064138,1.1521813809687367
2023-04-10,0.9969,-0.01235868445575421,0.0,0.9526099215064138,1.141532119546545
2023-04-11,1.0006,-0.004460725300479394,0.0,0.9526099215064138,1.1457689224779546
2023-04-12,1.0085,-0.0033628529536062,0.0,0.9526099215064138,1.1548150692774506
2023-04-13,1.0094,0.012246893215655705,0.5,0.9521336165456606,1.1558456429634691
2023-04-14,1.0138,0.007359171446800997,0.25,0.953970770338275,1.1608840032062264
2023-04-17,1.004,0.017170139890723225,0.5,0.951426863967126,1.1496622008473578
2023-04-18,1.0003,0.02823477777169364,0.75,0.9494358800615532,1.145425397915948
2023-04-19,0.9998,0.026773843242958516,0.75,0.9490799483860328,1.1448528569792713
2023-04-20,1.0014,0.023900020808661215,0.75,0.9502190721488488,1.1466849879766376
2023-04-21,0.9972,0.013830574847060803,0.5,0.9469925119112002,1.1418756441085511
2023-04-24,0.9943,0.02608385893374438,0.75,0.945378769055714,1.1385549066758247
2023-04-25,1.0025,0.030547120296737333,0.75,0.951226178720496,1.147944578037327
2023-04-26,1.0052,0.017821104113395814,0.5,0.9529098016141292,1.1510362990953826
2023-04-27,1.0064,0.02088118282848134,0.75,0.9532403623461454,1.1524103973434072
2023-04-28,0.9995,0.015325404878115564,0.5,0.9481004039297031,1.1445093324172653
2023-05-04,1.0206,0.04259382550174419,1.0,0.957633816720693,1.1686705599450333
2023-05-05,1.0258,0.03765689728086519,1.0,0.9625130013639888,1.1746249856864739
2023-05-08,1.0139,0.046151917323999626,1.0,0.9513471749687543,1.160998511393562
2023-05-09,1.0153,0.04486547910692687,1.0,0.9526608016034878,1.1626016260162575
2023-05-10,1.0196,0.03862651591660116,1.0,0.9566955119815977,1.1675254780716795
2023-05-11,1.0193,0.04157637050948909,1.0,0.9564140205598692,1.1671819535096735
2023-05-12,1.013,0.03529511458115952,1.0,0.9505027007035685,1.1599679377075434
2023-05-15,1.0171,0.035496842122946466,1.0,0.9543497501338594,1.1646627733882946
2023-05-16,1.0143,0.03526105340354882,1.0,0.9517224968643926,1.1614565441429037
2023-05-17,1.0106,0.044145888071245955,1.0,0.9482507693297398,1.157219741211494
2023-05-18,1.0089,0.035242153557449085,1.0,0.9466556512732778,1.1552731020267923
2023-05-19,1.0056,0.03113564369708237,0.75,0.943322581721445,1.1514943318447244
2023-05-22,1.0095,0.03318768120857097,0.75,0.9460664346963209,1.1559601511508049
2023-05-23,1.0058,0.021196633106594025,0.75,0.9434658063097114,1.1517233482193954
2023-05-24,1.0106,0.023701104333407556,0.75,0.9468426972450017,1.1572197412114942
2023-05-25,1.0067,0.016899479852755757,0.5,0.9438655206203227,1.1527539219054137
2023-05-26,1.0015,0.001621167869749527,0.0,0.9409558702146239,1.1467994961639734
2023-05-29,1.0016,0.003856434842672342,0.25,0.9407206312470703,1.1469140043513086
2023-05-30,0.9996,0.011169536445636067,0.5,0.9400158421479411,1.1446238406046008
2023-05-31,1.012,0.013960945186798015,0.5,0.9458462725414158,1.1588228558341895
2023-06-01,1.0125,0.00887485854359218,0.25,0.9458434686493036,1.1593953967708666
2023-06-02,1.0153,0.008858501792455226,0.25,0.9464973851214563,1.1626016260162577
2023-06-05,1.0043,-0.0033545597936662386,0.0,0.943697116720134,1.1500057254093643
2023-06-06,1.0101,-0.00013098526119309116,0.0,0.943697116720134,1.1566472002748172
2023-06-07,1.0114,-0.004127493009835095,0.0,0.943697116720134,1.1581358067101775
2023-06-08,1.0071,0.006946145579560516,0.25,0.943461192440954,1.1532119546547557
2023-06-09,1.0142,0.004491261307060888,0.25,0.9451240299114959,1.1613420359555684
2023-06-12,1.015,0.012101306559175825,0.5,0.9450741271390627,1.1622581014542515
2023-06-13,1.0174,0.008887029170787483,0.25,0.9459551876245853,1.165006297950301
2023-06-14,1.0116,0.0155919056928145,0.5,0.9443705220810155,1.1583648230848482
2023-06-15,1.0037,0.021076728592780567,0.75,0.9404469407571184,1.149318676285352
2023-06-16,1.0112,0.01647503860668074,0.5,0.9454823421650583,1.1579067903355067
2023-06-19,1.012,0.022408673574336083,0.75,0.9456199756705632,1.1588228558341898
2023-06-20,1.0134,0.01939723637251166,0.5,0.9463646981217585,1.1604259704568853
2023-06-21,1.0096,0.02748243355566189,0.75,0.9443537898696365,1.1560746593381404
2023-06-26,1.0081,0.025415300357626295,0.75,0.9433014938973668,1.1543570365281093
2023-06-27,1.0078,0.024162066965524386,0.75,0.9430909564148483,1.154013511966103
2023-06-28,1.0042,0.022378166852562196,0.75,0.9405643186074261,1.1498912172220288
2023-06-29,1.0058,0.016520780832952726,0.5,0.9414531340925311,1.1517233482193951
2023-06-30,1.0078,0.022025260667339418,0.75,0.9421537950027765,1.154013511966103
2023-07-03,1.0094,0.01281141124719819,0.5,0.9430400908009035,1.1558456429634694
2023-07-04,1.0105,0.014653453612958662,0.5,0.9435539327366479,1.1571052330241587
2023-07-05,1.0112,0.018317782285826922,0.5,0.9438807450834641,1.1579067903355065
2023-07-06,1.0112,0.021160591988053964,0.75,0.9436447748971932,1.1579067903355065
2023-07-07,1.0094,0.02122324854845122,0.75,0.9423849643294409,1.1558456429634694
2023-07-10,1.0122,0.02128088473641574,0.75,0.9443455433120957,1.1590518722088603
2023-07-11,1.0122,0.023151199124036886,0.75,0.9443455433120957,1.1590518722088603
2023-07-12,1.012,0.024233766017477308,0.75,0.9442055988036026,1.1588228558341895
2023-07-13,1.0203,0.022998453146084456,0.75,0.9500135828476265,1.168327035383027
2023-07-14,1.0156,0.021799633534683803,0.75,0.9467314130156772,1.1629451505782635
2023-07-17,1.0189,0.014842628755981137,0.5,0.948801898582287,1.1667239207603313
2023-07-18,1.0218,0.014010903633960587,0.5,0.9501521417395591,1.170044658193058
2023-07-19,1.0335,0.007293367382564936,0.25,0.9553544060423277,1.1834421161112991
2023-07-20,1.0326,0.002778997326126291,0.25,0.955146418871201,1.1824115424252806
2023-07-21,1.0267,0.005723326607161375,0.25,0.9537820561287693,1.1756555593724922
2023-07-24,1.0261,0.0011501465319499879,0.0,0.9534042638645479,1.17496851024848
2023-07-25,1.0218,-0.00037229968753970386,0.0,0.9534042638645479,1.1700446581930581
2023-07-26,1.0253,-0.005926286827425431,0.0,0.9534042638645479,1.174052444749797
2023-07-27,1.0275,-0.0038982885229502423,0.0,0.9534042638645479,1.1765716248711757
2023-07-28,1.0205,0.0002498453897223742,0.0,0.9534042638645479,1.168556051757698
2023-07-31,1.0205,-0.011368105102622537,0.0,0.9534042638645479,1.168556051757698
2023-08-01,1.0234,-0.020354369120864954,0.0,0.9534042638645479,1.1718767891904245
2023-08-02,1.0228,-0.011057407389971519,0.0,0.9534042638645479,1.171189740066412
2023-08-03,1.0189,-0.0187307957091212,0.0,0.9534042638645479,1.1667239207603315
2023-08-04,1.0177,-0.009895237869288937,0.0,0.9534042638645479,1.165349822512307
2023-08-07,1.0199,-0.009479039046694863,0.0,0.9534042638645479,1.1678690026336855
2023-08-08,1.0202,-0.008180582807261264,0.0,0.9534042638645479,1.1682125271956918
2023-08-09,1.0193,-0.005032991190640414,0.0,0.9534042638645479,1.1671819535096732
2023-08-10,1.0166,0.00015404789478169235,0.0,0.9534042638645479,1.1640902324516174
2023-08-11,1.0201,0.002623327158192594,0.25,0.9531659127985818,1.168098019008356
2023-08-14,1.0214,0.005339375032195732,0.25,0.9534695878516741,1.1695866254437164
2023-08-15,1.0215,0.0017036455011131954,0.0,0.9532545577757375,1.1697011336310517
2023-08-16,1.0238,0.0009704213787168126,0.0,0.9532545577757375,1.1723348219397656
2023-08-17,1.024,0.003315353961078726,0.25,0.9530162441362936,1.1725638383144366
2023-08-18,1.0213,0.009608925749470455,0.25,0.9523880351863014,1.169472117256381
2023-08-21,1.025,0.01281713044489663,0.5,0.953012524031365,1.1737089201877902
2023-08-22,1.0242,-0.0027273190503299995,0.0,0.9521641104428982,1.172792854689107
2023-08-23,1.0268,0.006250337104764046,0.25,0.9519260694152875,1.1757700675598273
2023-08-24,1.0298,-0.005295806168265463,0.0,0.952383398135625,1.1792053131798894
2023-08-25,1.0272,-0.013488571912716078,0.0,0.952383398135625,1.176228100309169
2023-08-28,1.0275,-0.006526196727418419,0.0,0.952383398135625,1.1765716248711755
2023-08-29,1.0307,-0.019827551858358466,0.0,0.952383398135625,1.180235886865908
2023-08-30,1.0337,-0.012328882344169777,0.0,0.952383398135625,1.18367113248597
2023-08-31,1.0369,-0.01219331792692772,0.0,0.952383398135625,1.1873353944807024
2023-09-01,1.0358,-0.025111148005086563,0.0,0.952383398135625,1.186075804420013
2023-09-04,1.0407,-0.04168989108861815,0.0,0.952383398135625,1.1916867055994471
2023-09-05,1.0414,-0.035603547690264345,0.0,0.952383398135625,1.192488262910795
2023-09-06,1.0392,-0.0338182209514635,0.0,0.952383398135625,1.189969082789416
2023-09-07,1.0388,-0.029081052918049115,0.0,0.952383398135625,1.1895110500400745
2023-09-08,1.045,-0.025673031680952293,0.0,0.952383398135625,1.196610557654869
2023-09-11,1.046,-0.036176312539457176,0.0,0.952383398135625,1.1977556395282232
2023-09-12,1.0474,-0.034488111385254254,0.0,0.952383398135625,1.1993587541509187
2023-09-13,1.0503,-0.034406221703348075,0.0,0.952383398135625,1.2026794915836452
2023-09-14,1.0598,-0.022953798019833067,0.0,0.952383398135625,1.2135577693805077
2023-09-15,1.051,-0.039148601157549964,0.0,0.952383398135625,1.203481048894993
2023-09-18,1.0455,-0.03822972942057403,0.0,0.952383398135625,1.1971830985915466
2023-09-19,1.0522,-0.03810253247945473,0.0,0.952383398135625,1.204855147143018
2023-09-20,1.0581,-0.03981966315387157,0.0,0.952383398135625,1.2116111301958064
2023-09-21,1.0559,-0.04176513398767919,0.0,0.952383398135625,1.2090919500744277
2023-09-22,1.0535,-0.03202486650426884,0.0,0.952383398135625,1.2063437535783783
2023-09-25,1.0586,-0.030850566355490702,0.0,0.952383398135625,1.2121836711324834
2023-09-26,1.0588,-0.027741927822011257,0.0,0.952383398135625,1.212412687507154
2023-09-27,1.0424,-0.011198668680456894,0.0,0.952383398135625,1.1936333447841494
2023-09-28,1.0094,-0.010968684856159016,0.0,0.952383398135625,1.1558456429634694
2023-10-09,1.0178,-0.0005690439897153906,0.0,0.952383398135625,1.1654643306996424
2023-10-10,1.0058,0.0018631855154516452,0.0,0.952383398135625,1.1517233482193951
2023-10-11,1.0101,-0.0014952462728998284,0.0,0.952383398135625,1.1566472002748172
2023-10-12,1.0155,-0.0010129909831269625,0.0,0.952383398135625,1.1628306423909287
2023-10-13,1.0192,-0.0011009420646598351,0.0,0.952383398135625,1.1670674453223384
2023-10-16,1.0346,-0.026684905985049853,0.0,0.952383398135625,1.184701706171989
2023-10-17,1.0366,-0.01796994559793689,0.0,0.952383398135625,1.186991869918697
2023-10-18,1.0434,-0.01593397683256839,0.0,0.952383398135625,1.194778426657504
2023-10-19,1.0498,-0.021269678242840744,0.0,0.952383398135625,1.202106950646969
2023-10-20,1.0608,-0.011445044553699366,0.0,0.952383398135625,1.2147028512538625
2023-10-23,1.0586,-0.014015804914954948,0.0,0.952383398135625,1.2121836711324838
2023-10-24,1.0567,-0.008174684173177993,0.0,0.952383398135625,1.2100080155731114
2023-10-25,1.0553,0.00652115543543572,0.25,0.9521453022860912,1.2084049009504159
2023-10-26,1.0609,0.008805465931503154,0.25,0.9534084534499314,1.214817359441198
2023-10-27,1.0613,0.012436129773099462,0.5,0.9532599692273644,1.2152753921905395
2023-10-30,1.0664,0.005109019812257973,0.25,0.9553120649780424,1.2211153097446446
2023-10-31,1.0672,-0.011328962132369447,0.0,0.9552524027654322,1.2220313752433276
2023-11-01,1.0623,-0.006348449134180825,0.0,0.9552524027654322,1.2164204740638935
2023-11-02,1.0637,-0.009568044603467015,0.0,0.9552524027654322,1.218023588686589
2023-11-03,1.0638,-0.001794513026776164,0.0,0.9552524027654322,1.2181380968739244
2023-11-06,1.0598,-0.001782912935558211,0.0,0.9552524027654322,1.2135577693805086
2023-11-07,1.056,0.002846198462481314,0.25,0.9550135896647409,1.2092064582617637
2023-11-08,1.0517,0.01677816301728717,0.5,0.9538026396679975,1.2042826062063416
2023-11-09,1.0461,0.020808561268835398,0.75,0.9510248266508775,1.1978701477155596
2023-11-10,1.0513,0.02076168781826556,0.75,0.95457037375339,1.2038245734569997
2023-11-13,1.0479,0.024019972377220148,0.75,0.9522549980727366,1.1999312950875964
2023-11-14,1.0515,0.016762123780029368,0.5,0.9544704971582185,1.2040535898316707
2023-11-15,1.0545,0.02415186035509149,0.75,0.9555934636953528,1.2074888354517324
2023-11-16,1.0518,0.020990837251233418,0.75,0.9537583980111584,1.2043971143936767
2023-11-17,1.054,0.015224582897949491,0.5,0.9550161566971835,1.2069162945150553
2023-11-20,1.0449,0.017331406763774305,0.5,0.9508934588670391,1.1964960494675343
2023-11-21,1.0426,0.011957207413164783,0.5,0.9498469209421687,1.1938623611588202
2023-11-22,1.0391,0.003653699714702887,0.25,0.9480151448903824,1.1898545746020812
2023-11-23,1.0381,0.018236349894372974,0.5,0.9475500554663747,1.1887094927287274
2023-11-24,1.039,0.018611996592011907,0.5,0.9479608034915744,1.1897400664147457
2023-11-27,1.0476,0.008147878987710544,0.25,0.9516470389451903,1.1995877705255897
2023-11-28,1.0526,0.010597891216842983,0.5,0.9525446357752607,1.2053131798923593
2023-11-29,1.0577,0.011249562178999549,0.5,0.9548522443836847,1.2111530974464646
2023-11-30,1.058,0.006877180577666437,0.25,0.9547489457469601,1.2114966220084709
2023-12-01,1.0584,0.006372355426125584,0.25,0.9548391866681081,1.2119546547578124
2023-12-04,1.0713,-0.004502541438214652,0.0,0.9575099216720878,1.2267262109240782
2023-12-05,1.0539,-0.0049361759237563215,0.0,0.9575099216720878,1.2068017863277196
2023-12-06,1.052,0.0011671073056069548,0.0,0.9575099216720878,1.204626130768347
2023-12-07,1.0534,0.008352833493108022,0.25,0.9572705441916698,1.2062292453910424
2023-12-08,1.0549,0.00879116040520727,0.25,0.9576113230544683,1.2079468682010734
2023-12-11,1.0487,0.00989912789928336,0.25,0.9562042725750537,1.200847360586279
2023-12-12,1.0442,0.002662829915725809,0.25,0.9551784979906665,1.1956944921561863
2023-12-13,1.0443,0.0027029009223972777,0.25,0.9552013666580191,1.1958090003435218
2023-12-14,1.0572,0.009306333856129412,0.25,0.9581512128779484,1.2105805565097876
2023-12-15,1.056,0.013570798055859366,0.5,0.9576397819950246,1.209206458261763
2023-12-18,1.055,0.006649603789047954,0.25,0.9569469441224449,1.208061376388409
2023-12-19,1.0559,0.009725910906049634,0.25,0.9571510323332768,1.2090919500744277
2023-12-20,1.0603,0.007334371837413899,0.25,0.9581481590835057,1.2141303103171852
2023-12-21,1.0591,-0.0018881208980122426,0.0,0.9576375247620929,1.2127562120691604
2023-12-22,1.0646,0.004381466899484813,0.25,0.9573981153809024,1.219054162372607
2023-12-25,1.0649,0.008685803128695423,0.25,0.9574655631158766,1.219397686934613
2023-12-26,1.0695,0.0029733547157701264,0.25,0.9584995432056347,1.2246650635520413
2023-12-27,1.0706,0.0070455697070951435,0.25,0.9587460017137053,1.2259246536127306
2023-12-28,1.0718,0.005172773000847711,0.25,0.9590146583553214,1.2272987518607554
2023-12-29,1.0683,-0.0037346840156877075,0.0,0.9579919808000245,1.2232909653040167
2023-12-31,1.0683,-0.0023961342622030807,0.0,0.9579919808000245,1.2232909653040167
2024-01-02,1.0711,-0.0038359351786924345,0.0,0.9579919808000245,1.2264971945494076
2024-01-03,1.0711,-0.009075363121648963,0.0,0.9579919808000245,1.2264971945494076
2024-01-04,1.0682,-0.008590938782617375,0.0,0.9579919808000245,1.2231764571166814
2024-01-05,1.0689,-0.0009276445723903513,0.0,0.9579919808000245,1.2239780144280292
2024-01-08,1.0703,-0.013601401728087692,0.0,0.9579919808000245,1.2255811290507248
2024-01-09,1.0655,-0.006858312360084603,0.0,0.9579919808000245,1.2200847360586258
2024-01-10,1.0641,-0.008253732165920078,0.0,0.9579919808000245,1.2184816214359304
2024-01-11,1.0644,-0.003390946652401714,0.0,0.9579919808000245,1.2188251459979367
2024-01-12,1.0662,0.002861686129920893,0.25,0.9577524828048245,1.2208862933699736
2024-01-15,1.0714,-0.006945307660697578,0.0,0.9586808164226772,1.2268407191114141
2024-01-16,1.0726,-0.002636389869194034,0.0,0.9586808164226772,1.228214817359439
2024-01-17,1.0659,-0.004814361659818891,0.0,0.9586808164226772,1.2205427688079675
2024-01-18,1.0624,0.0005685772864187405,0.0,0.9586808164226772,1.2165349822512286
2024-01-19,1.066,-0.0024332564369342856,0.0,0.9586808164226772,1.2206572769953028
2024-01-22,1.0635,-0.010469916051023709,0.0,0.9586808164226772,1.217794572311918
2024-01-23,1.0635,-0.009135392237285314,0.0,0.9586808164226772,1.217794572311918
2024-01-24,1.0635,-0.009073404556698547,0.0,0.9586808164226772,1.217794572311918
2024-01-25,1.0584,-0.016527535189828586,0.0,0.9586808164226772,1.2119546547578128
2024-01-26,1.0628,-0.014458691339879735,0.0,0.9586808164226772,1.21699301500057
2024-01-29,1.0651,-0.016286122081949787,0.0,0.9586808164226772,1.2196267033092842
2024-01-30,1.0674,-0.020288700569985156,0.0,0.9586808164226772,1.2222603916179982
2024-01-31,1.0679,-0.01743466482715257,0.0,0.9586808164226772,1.2228329325546752
2024-02-01,1.0693,-0.014778534863484944,0.0,0.9586808164226772,1.2244360471773705
2024-02-02,1.0732,-0.014515120943142014,0.0,0.9586808164226772,1.2289018664834508
2024-02-05,1.0666,-0.020895404986559916,0.0,0.9586808164226772,1.2213443261193149
2024-02-06,1.064,-0.004230661321466691,0.0,0.9586808164226772,1.2183671132485947
2024-02-07,1.0666,-0.003252051150534398,0.0,0.9586808164226772,1.2213443261193149
2024-02-08,1.0691,-0.002858180484511706,0.0,0.9586808164226772,1.2242070308026995
2024-02-19,1.0647,0.02222781059349261,0.75,0.9579618058103602,1.2191686705599423
2024-02-20,1.0643,0.014456092628702807,0.5,0.9574523909278536,1.2187106378106007
2024-02-21,1.064,0.011395486292898183,0.5,0.9573174497847181,1.2183671132485947
2024-02-22,1.0636,0.016433448946751278,0.5,0.9571375028956609,1.2179090804992532
2024-02-23,1.0609,0.011163878811192983,0.5,0.9559226329925872,1.2148173594411973
2024-02-26,1.0662,0.00826515525000511,0.25,0.9580714315571031,1.2208862933699733
2024-02-27,1.0654,0.012343510928205747,0.5,0.9576521966796008,1.21997022787129
2024-02-28,1.0651,0.012545531483661396,0.5,0.9575173667288762,1.2196267033092838
2024-02-29,1.0663,0.010585366176799357,0.5,0.9580567624851782,1.2210008015573086
2024-03-01,1.0705,0.004724043045518035,0.25,0.9597040711410529,1.2258101454253951
2024-03-04,1.0833,-0.006660000674538604,0.0,0.9623329475778697,1.2404671934043254
2024-03-05,1.1003,-0.012786570582258256,0.0,0.9623329475778697,1.2599335852513427
2024-03-06,1.1068,-0.01205070972488997,0.0,0.9623329475778697,1.2673766174281433
2024-03-07,1.1191,-0.009027027571211443,0.0,0.9623329475778697,1.2814611244703968
2024-03-08,1.1191,-0.007742223935592711,0.0,0.9623329475778697,1.2814611244703968
2024-03-11,1.1244,-0.011457283595907048,0.0,0.9623329475778697,1.287530058399173
2024-03-12,1.1189,-0.01580845861477034,0.0,0.9623329475778697,1.281232108095726
2024-03-13,1.1167,-0.014771996297504118,0.0,0.9623329475778697,1.2787129279743474
2024-03-14,1.1184,-0.01135570703610133,0.0,0.9623329475778697,1.2806595671590493
2024-03-15,1.1211,-0.00345266548909941,0.0,0.9623329475778697,1.2837512882171047
2024-03-18,1.1144,0.0043789869006741495,0.25,0.9620923643409752,1.2760792396656335
2024-03-19,1.1158,-0.0025503480043286815,0.0,0.9621540059371829,1.2776823542883287
2024-03-20,1.1171,-0.003624480837661888,0.0,0.9621540059371829,1.279170960723689
2024-03-21,1.1357,-0.00424327724047244,0.0,0.9621540059371829,1.3004694835680721
2024-03-22,1.13,-0.013184023067171716,0.0,0.9621540059371829,1.2939425168899545
2024-03-25,1.1308,-0.010116670977134413,0.0,0.9621540059371829,1.2948585823886378
2024-03-26,1.1329,-0.0034488006577018853,0.0,0.9621540059371829,1.2972632543226812
2024-03-27,1.1378,-0.007794772306420461,0.0,0.9621540059371829,1.3028741555021153
2024-03-28,1.1446,-0.0015939644935277172,0.0,0.9621540059371829,1.3106607122409222
2024-03-29,1.167,-0.011419693408522943,0.0,0.9621540059371829,1.3363105462040505
2024-04-01,1.1731,-0.0019355957916893144,0.0,0.9621540059371829,1.3432955456315094
2024-04-02,1.174,0.003111966696456697,0.25,0.9619134674356986,1.3443261193175278
2024-04-03,1.1863,-0.0004001956716375792,0.0,0.9641924813280941,1.3584106263597813
2024-04-08,1.211,-0.007331820308820652,0.0,0.9641924813280941,1.3866941486316238
2024-04-09,1.2145,-0.0089450052222433,0.0,0.9641924813280941,1.3907019351883625
2024-04-10,1.2184,-0.00918579624096883,0.0,0.9641924813280941,1.395167754494443
2024-04-11,1.2121,-0.0051651195804535265,0.0,0.9641924813280941,1.387953738692313
2024-04-12,1.2373,-0.005582795995529879,0.0,0.9641924813280941,1.4168098019008326
2024-04-15,1.2234,-0.01662616112076957,0.0,0.9641924813280941,1.4008931638612128
2024-04-16,1.2307,-0.023063362347098066,0.0,0.9641924813280941,1.4092522615366965
2024-04-17,1.2325,-0.024492596913302158,0.0,0.9641924813280941,1.4113134089087336
2024-04-18,1.2283,-0.01575319983311649,0.0,0.9641924813280941,1.406504065040647
2024-04-19,1.2327,-0.015167438065895347,0.0,0.9641924813280941,1.4115424252834046
2024-04-22,1.2131,-0.011108983881212883,0.0,0.9641924813280941,1.3890988205656674
2024-04-23,1.1865,-0.003939532774880294,0.0,0.9641924813280941,1.3586396427344525
2024-04-24,1.1973,-0.008805154870267081,0.0,0.9641924813280941,1.371006526966675
2024-04-25,1.1963,-0.007902207204477756,0.0,0.9641924813280941,1.3698614450933209
2024-04-26,1.2043,-0.005484011575378414,0.0,0.9641924813280941,1.3790221000801524
2024-04-29,1.198,-0.008518039766007712,0.0,0.9641924813280941,1.3718080842780225
2024-04-30,1.195,9.162578111478322e-05,0.0,0.9641924813280941,1.3683728386579608
2024-05-06,1.1892,0.02307817433371181,0.75,0.963469336967098,1.361731363792508
2024-05-07,1.1915,0.03260855192342208,0.75,0.9648669022263212,1.3643650521012218
2024-05-08,1.19,0.027280189737144387,0.75,0.9639558864772616,1.362647429291191
2024-05-09,1.1881,0.027738378757120586,0.75,0.9628015695543791,1.3604717737318184
2024-05-10,1.2137,0.028091399702990346,0.75,0.9783606892711069,1.3897858696896794
2024-05-13,1.2074,0.016648406212897766,0.5,0.9743072878136231,1.3825718538875496
2024-05-14,1.2042,0.013771465478709508,0.5,0.973016173302689,1.3789075918928169
2024-05-15,1.2116,0.019825921241411644,0.5,0.9760058426609518,1.387381197755636
2024-05-16,1.2222,0.021486548696406003,0.75,0.9800312625985227,1.3995190656131877
2024-05-17,1.2231,0.017363672631170446,0.5,0.9803275091620695,1.4005496392992063
2024-05-20,1.2516,0.017125629013329445,0.5,0.9917490339806122,1.4331844726897938
2024-05-21,1.2366,0.013162622624515587,0.5,0.9858061466724829,1.4160082445894846
2024-05-22,1.2381,0.013275946049639217,0.5,0.9864040397745404,1.4177258673995154
2024-05-23,1.2115,0.005642588278239065,0.25,0.9755612238150762,1.3872666895683006
2024-05-24,1.1998,0.007114838095982674,0.25,0.973205865515729,1.3738692316500594
2024-05-27,1.2034,0.008626076844240868,0.25,0.9739358915858775,1.3779915263941336
2024-05-28,1.2038,0.004046093203063305,0.25,0.974016823602795,1.3784495591434751
2024-05-29,1.2101,0.002138479883858847,0.25,0.9752911852053655,1.3856635749456048
2024-05-30,1.2019,0.0017217678966909176,0.0,0.973395146121426,1.3762739035841025
2024-05-31,1.2053,0.0016402957452921582,0.0,0.973395146121426,1.380167181953506
2024-06-03,1.1969,-0.0008005283721464699,0.0,0.973395146121426,1.370548494217333
2024-06-04,1.2055,0.017254520061811544,0.5,0.9729084485483653,1.3803961983281767
2024-06-05,1.2001,0.02057536855645957,0.75,0.9704861647700478,1.3742127562120654
2024-06-06,1.2165,0.017855510797595498,0.5,0.9801901975298898,1.39299209893507
2024-06-07,1.2178,0.006613145174684769,0.25,0.9804688849812425,1.3944807053704302
2024-06-11,1.1813,0.0039023203470861583,0.25,0.9731222118202523,1.3526852169930115
2024-06-12,1.1877,0.0061476533133298875,0.25,0.9744402474918957,1.3600137409824768
2024-06-13,1.1877,0.014324431338034554,0.5,0.9741966374300228,1.3600137409824768
2024-06-14,1.1887,0.010307041226039343,0.5,0.974606756415217,1.361158822855831
2024-06-17,1.1901,0.0022331890903954585,0.25,0.9749370297950882,1.3627619374785263
2024-06-18,1.1912,0.0162053563957478,0.5,0.9749185771805212,1.3640215275392158
2024-06-19,1.1951,0.017703843496472478,0.5,0.9765145234745962,1.368487346845296
2024-06-20,1.2041,0.014089982570199996,0.5,0.9801914671241949,1.3787930837054814
2024-06-21,1.2101,0.010564987494984322,0.5,0.9826336018317547,1.385663574945605
2024-06-24,1.1921,0.013430584052648228,0.5,0.9753253608463107,1.365052101225234
2024-06-25,1.1939,0.015251730198985193,0.5,0.9760617024491642,1.367113248597271
2024-06-26,1.1871,0.013507198507017436,0.5,0.9732820644658096,1.3593266918584643
2024-06-27,1.1806,0.02178984742879137,0.75,0.9703741270602029,1.3518836596816637
2024-06-28,1.1934,0.014500100301219933,0.5,0.978022090550103,1.366540707660594
2024-06-30,1.1933,0.017421599150534484,0.5,0.9779811142600683,1.3664261994732587
2024-07-01,1.1933,0.02532267725018939,0.75,0.9777366189815033,1.3664261994732587
2024-07-02,1.1952,0.03365694174300852,0.75,0.9789042002117461,1.368601855032631
2024-07-03,1.2014,0.03165565636711096,0.75,0.9827126879384734,1.3757013626474257
2024-07-04,1.2071,0.03828103429272002,1.0,0.9859638440772405,1.382228329325543
2024-07-05,1.2101,0.03691320834947772,1.0,0.9884142554203201,1.3856635749456045
2024-07-08,1.2138,0.03634714319022539,1.0,0.9914364294101187,1.389900377877014
2024-07-09,1.2084,0.035933335064601384,1.0,0.9870256889925748,1.3837169357609027
2024-07-10,1.2136,0.043109545327375695,1.0,0.9912730686539133,1.3896713615023433
2024-07-11,1.2176,0.0458188921323485,1.0,0.9945402837780197,1.394251688995759
2024-07-12,1.2234,0.04125784916285742,1.0,0.9992777457079741,1.4008931638612119
2024-07-15,1.223,0.044860127903902876,1.0,0.9989510241955635,1.4004351311118703
2024-07-16,1.235,0.04390731622639488,1.0,1.008752669567883,1.4141761135921176
2024-07-17,1.2499,0.04542840975169464,1.0,1.0209230459051797,1.4312378335050913
2024-07-18,1.2494,0.04093488354866142,1.0,1.0205146440146664,1.4306652925684145
2024-07-19,1.2192,0.03276790090531589,0.75,0.9955920411666587,1.3960838199931254
2024-07-22,1.2197,0.03159779401294776,0.75,0.9958982641123915,1.3966563609298022
2024-07-23,1.2137,0.028391217823077623,0.75,0.9922239653598246,1.3897858696896785
2024-07-24,1.2263,0.022384802102293135,0.75,0.9999495289032458,1.404213901293938
2024-07-25,1.1996,0.009435716722623133,0.25,0.9831207689179775,1.373640215275388
2024-07-26,1.2041,0.006511729240544127,0.25,0.984042751966521,1.3787930837054807
2024-07-29,1.2113,-0.0023642270997031624,0.0,0.9852677793597018,1.3870376731936291
2024-07-30,1.2117,-0.0012203289808411961,0.0,0.9852677793597018,1.3874957059429707
2024-07-31,1.2216,-0.0009852478446716025,0.0,0.9852677793597018,1.3988320164891748
2024-08-01,1.2303,-0.004764695670132455,0.0,0.9852677793597018,1.4087942287873538
2024-08-02,1.2356,-0.007306087353091698,0.0,0.9852677793597018,1.4148631627161299
2024-08-05,1.2063,-0.009831158841367028,0.0,0.9852677793597018,1.3813122638268591
2024-08-06,1.196,-0.02737411638502992,0.0,0.9852677793597018,1.3695179205313135
2024-08-07,1.1989,-0.042155041944146834,0.0,0.9852677793597018,1.3728386579640401
2024-08-08,1.1992,-0.042244988208740945,0.0,0.9852677793597018,1.3731821825260464
2024-08-09,1.2083,-0.04776155667606783,0.0,0.9852677793597018,1.3836024275735672
2024-08-12,1.2165,-0.03912881676801748,0.0,0.9852677793597018,1.3929920989350695
2024-08-13,1.225,-0.042817642641690454,0.0,0.9852677793597018,1.4027252948585782
2024-08-14,1.2217,-0.043552597186820544,0.0,0.9852677793597018,1.39894652467651
2024-08-15,1.2198,-0.045075280474425744,0.0,0.9852677793597018,1.3967708691171377
2024-08-16,1.2213,-0.046224575269519994,0.0,0.9852677793597018,1.3984884919271685
2024-08-19,1.2332,-0.03884084948764967,0.0,0.9852677793597018,1.4121149662200805
2024-08-20,1.2343,-0.046717895781552436,0.0,0.9852677793597018,1.4133745562807696
2024-08-21,1.2382,-0.054652184725421195,0.0,0.9852677793597018,1.4178403755868498
2024-08-22,1.2352,-0.04919851683497909,0.0,0.9852677793597018,1.4144051299667881
2024-08-23,1.2318,-0.04242362069830238,0.0,0.9852677793597018,1.4105118515973847
2024-08-26,1.2381,-0.04814908609875774,0.0,0.9852677793597018,1.4177258673995143
2024-08-27,1.2384,-0.06778778256881379,0.0,0.9852677793597018,1.4180693919615204
2024-08-28,1.2368,-0.05926380047520949,0.0,0.9852677793597018,1.416237260964154
2024-08-29,1.2377,-0.02186285024468313,0.0,0.9852677793597018,1.4172678346501726
2024-08-30,1.2365,-0.03040761744176984,0.0,0.9852677793597018,1.4158937364021478
2024-09-02,1.2284,-0.01721497556949232,0.0,0.9852677793597018,1.406618573227981
2024-09-03,1.2305,-0.01972041229538274,0.0,0.9852677793597018,1.4090232451620244
2024-09-04,1.2233,-0.02937228160893105,0.0,0.9852677793597018,1.4007786556738762
2024-09-05,1.23,-0.024280133016343297,0.0,0.9852677793597018,1.4084507042253476
2024-09-06,1.2335,-0.02677024103988674,0.0,0.9852677793597018,1.4124584907820865
2024-09-09,1.2256,-0.023647458467022736,0.0,0.9852677793597018,1.4034123439825903
2024-09-10,1.2333,-0.025900699634237672,0.0,0.9852677793597018,1.4122294744074158
2024-09-11,1.239,-0.026075780796742158,0.0,0.9852677793597018,1.4187564410855333
2024-09-12,1.2374,-0.02504624391627807,0.0,0.9852677793597018,1.416924310088167
2024-09-13,1.2553,-0.028412647052020762,0.0,0.9852677793597018,1.4374212756212026
2024-09-18,1.2543,-0.03197363165731245,0.0,0.9852677793597018,1.4362761937478485
2024-09-19,1.252,-0.0275782696827013,0.0,0.9852677793597018,1.4336425054391344
2024-09-20,1.2637,-0.02991358169411827,0.0,0.9852677793597018,1.4470399633573756
2024-09-23,1.275,-0.026649298683936576,0.0,0.9852677793597018,1.4599793885262748
2024-09-24,1.2743,-0.032697020478956694,0.0,0.9852677793597018,1.4591778312149273
2024-09-25,1.2825,-0.035026562039634064,0.0,0.9852677793597018,1.4685675025764295
2024-09-26,1.2849,-0.03453944218933974,0.0,0.9852677793597018,1.471315699072479
2024-09-27,1.2851,-0.020667069289049524,0.0,0.9852677793597018,1.4715447154471497
2024-09-30,1.2789,-0.026414142049850587,0.0,0.9852677793597018,1.4644452078323553
2024-10-08,1.2773,-0.00829312308515011,0.0,0.9852677793597018,1.4626130768349892
2024-10-09,1.2616,-0.00880108321395529,0.0,0.9852677793597018,1.4446352914233322
2024-10-10,1.2659,-0.005569234779126851,0.0,0.9852677793597018,1.4495591434787543
2024-10-11,1.2796,-0.00921505518985037,0.0,0.9852677793597018,1.4652467651437033
2024-10-14,1.2915,-0.0068370791243584726,0.0,0.9852677793597018,1.4788732394366153
2024-10-15,1.2921,-0.01772540093770287,0.0,0.9852677793597018,1.4795602885606274
2024-10-16,1.3085,-0.007158881971186512,0.0,0.9852677793597018,1.498339631283632
2024-10-17,1.3139,-0.005547200144027558,0.0,0.9852677793597018,1.5045230733997434
2024-10-18,1.3225,-0.005231154711695128,0.0,0.9852677793597018,1.5143707775105872
2024-10-21,1.3362,0.0009137900699956025,0.0,0.9852677793597018,1.530058399175536
2024-10-22,1.3373,-0.0016504505816880167,0.0,0.9852677793597018,1.5313179892362252
2024-10-23,1.3432,-0.0007473557756009037,0.0,0.9852677793597018,1.5380739722890135
2024-10-24,1.3351,0.005396122652200621,0.25,0.9850214624148619,1.5287988091148466
2024-10-25,1.3347,0.003521514685349675,0.25,0.9849476835621606,1.528340776365505
2024-10-28,1.3395,0.003530436687554902,0.25,0.9858332287935044,1.5338371693576036
2024-10-29,1.3486,0.007439071644712639,0.25,0.9875075629446842,1.5442574144051247
2024-10-30,1.3617,0.0019218611897245056,0.0,0.9896587931788507,1.559257986946061
2024-10-31,1.3569,0.006975131455158364,0.25,0.989411378480556,1.5537615939539622
2024-11-01,1.3448,0.012599108850056379,0.5,0.9869582850361102,1.5399061032863797
2024-11-04,1.3359,0.0115065864827362,0.5,0.9836923983850017,1.5297148746135296
2024-11-05,1.3353,0.01982571014348438,0.5,0.983471492838542,1.529027825489517
2024-11-06,1.3354,0.01946401047010085,0.5,0.9835083187013757,1.5291423336768524
2024-11-07,1.3064,0.0005621977151237662,0.0,0.972337464181706,1.495934959349588
2024-11-08,1.3156,0.00814555297655966,0.25,0.9720943798156606,1.5064697125844444
2024-11-11,1.3163,0.009821950130354765,0.25,0.9722236869884089,1.5072712698957922
2024-11-12,1.2948,0.009670265380982129,0.25,0.9682536935845019,1.4826520096186824
2024-11-13,1.292,0.000805302290626279,0.0,0.9674881689427638,1.4794457803732914
2024-11-14,1.2673,0.007389280446053241,0.25,0.9672462969005281,1.4511622581014492
2024-11-15,1.2682,0.0076279666084392425,0.25,0.9674180245236661,1.4521928317874675
2024-11-18,1.2829,0.0028820206618497095,0.25,0.9702214161339203,1.4690255353257704
2024-11-19,1.3024,0.00372414303277632,0.25,0.973908242389788,1.4913546318561723
2024-11-20,1.3051,0.000922657201222205,0.0,0.9741695166065348,1.4944463529142278
2024-11-21,1.3185,0.0069593165135894116,0.25,0.9739259742273833,1.5097904500171708
2024-11-22,1.3335,0.00045857704263798336,0.0,0.976452475595679,1.5269666781174798
2024-11-25,1.3193,-0.0023686072499268015,0.0,0.976452475595679,1.5107065155158537
2024-11-26,1.3021,0.0048142009091566036,0.25,0.9762083624767801,1.4910111072941659
2024-11-27,1.3144,0.007681316753360679,0.25,0.9785137466366881,1.5050956143364194
2024-11-28,1.3073,0.0016874936303729118,0.0,0.976947707746377,1.4969655330356062
2024-11-29,1.3174,0.003127099187772484,0.25,0.9767034708194404,1.508530859956481
2024-12-02,1.3091,-0.006902999339725961,0.0,0.9749209165534128,1.4990266804076433
2024-12-03,1.3206,-0.001282867607252854,0.0,0.9749209165534128,1.5121951219512137
2024-12-04,1.3189,-0.003112171181188417,0.0,0.9749209165534128,1.5102484827665121
2024-12-05,1.3193,0.004292278602747843,0.25,0.9746771863242745,1.5107065155158537
2024-12-06,1.3143,-3.3271463283854504e-05,0.0,0.9735100375439479,1.504981106149084
2024-12-09,1.3209,-0.004985272430387136,0.0,0.9735100375439479,1.51253864651322
2024-12-10,1.3257,-0.005758646272876965,0.0,0.9735100375439479,1.518035039505319
2024-12-11,1.3368,-0.014641394212361302,0.0,0.9735100375439479,1.5307454482995477
2024-12-12,1.3457,-0.018120882678363218,0.0,0.9735100375439479,1.5409366769723976
2024-12-13,1.3344,-0.016238294171636254,0.0,0.9735100375439479,1.527997251803498
2024-12-16,1.3214,-0.002339289947558538,0.0,0.9735100375439479,1.5131111874498968
2024-12-17,1.3208,0.004827526931070126,0.25,0.973266660034562,1.5124241383258845
2024-12-18,1.3194,0.007567634093759188,0.25,0.9730087532121725,1.510821023703189
2024-12-19,1.3096,-0.04015858870056388,0.0,0.9709587165420067,1.4995992213443206
2024-12-20,1.3105,-0.04200769723041741,0.0,0.9709587165420067,1.500629795030339
2024-12-23,1.3226,-0.038786891293571865,0.0,0.9709587165420067,1.5144852856979218
2024-12-24,1.3184,-0.04056171786849367,0.0,0.9709587165420067,1.5096759418298353
2024-12-25,1.3203,-0.037021407985521664,0.0,0.9709587165420067,1.5118515973892077
2024-12-26,1.3221,-0.03436244889898329,0.0,0.9709587165420067,1.5139127447612448
2024-12-27,1.3231,-0.03441308576813789,0.0,0.9709587165420067,1.5150578266345989
2024-12-30,1.3186,-0.039187495008373,0.0,0.9709587165420067,1.5099049582045063
2024-12-31,1.3183,-0.03842039348017741,0.0,0.9709587165420067,1.5095614336425
2025-01-02,1.3294,-0.03160367238329709,0.0,0.9709587165420067,1.5222718424367288
2025-01-03,1.3398,-0.04127248297303753,0.0,0.9709587165420067,1.53418069391961
2025-01-06,1.3339,-0.03537669844411111,0.0,0.9709587165420067,1.5274247108668217
2025-01-07,1.335,-0.028282240241672946,0.0,0.9709587165420067,1.528684300927511
2025-01-08,1.3399,-0.02925543158707023,0.0,0.9709587165420067,1.5342952021069456
2025-01-09,1.3464,-0.02994455063095902,0.0,0.9709587165420067,1.5417382342837462
2025-01-10,1.3554,-0.03434912625086762,0.0,0.9709587165420067,1.5520439711439316
2025-01-13,1.3594,-0.02108834126468631,0.0,0.9709587165420067,1.5566242986373473
2025-01-14,1.3504,-0.02117714358252574,0.0,0.9709587165420067,1.546318561777162
2025-01-15,1.3553,-0.018336388374874456,0.0,0.9709587165420067,1.551929462956596
2025-01-16,1.3601,-0.00010793285081132659,0.0,0.9709587165420067,1.5574258559486953
2025-01-17,1.3639,-0.008426419068413966,0.0,0.9709587165420067,1.5617771670674403
2025-01-20,1.3618,-0.007416975129299696,0.0,0.9709587165420067,1.5593724951333972
2025-01-21,1.3617,-0.0013866591357795605,0.0,0.9709587165420067,1.5592579869460619
2025-01-22,1.373,-0.0004420558435546864,0.0,0.9709587165420067,1.5721974121149613
2025-01-23,1.3742,-0.005451261035793533,0.0,0.9709587165420067,1.5735715103629864
2025-01-24,1.3796,-0.005932604821932304,0.0,0.9709587165420067,1.5797549524790975
2025-01-27,1.3749,-0.00026311280984667347,0.0,0.9709587165420067,1.5743730676743342
2025-02-05,1.423,-0.002634793655004816,0.0,0.9709587165420067,1.6294515057826588
2025-02-06,1.4221,-0.01501804802381848,0.0,0.9709587165420067,1.62842093209664
2025-02-07,1.4231,-0.012005448950536604,0.0,0.9709587165420067,1.6295660139699941
2025-02-10,1.4426,-0.00983019846306661,0.0,0.9709587165420067,1.651895110500396
2025-02-11,1.4564,-0.014588478152660634,0.0,0.9709587165420067,1.6676972403526804
2025-02-12,1.4485,-0.018780716231357096,0.0,0.9709587165420067,1.6586510935531842
2025-02-13,1.4539,-0.019150426359994206,0.0,0.9709587165420067,1.6648345356692955
2025-02-14,1.4611,-0.011821136000261837,0.0,0.9709587165420067,1.673079125157444
2025-02-17,1.4402,-0.006373918269662524,0.0,0.9709587165420067,1.6491469140043464
2025-02-18,1.4519,-0.017024264484960125,0.0,0.9709587165420067,1.6625443719225874
2025-02-19,1.4611,-0.02151331237253533,0.0,0.9709587165420067,1.673079125157444
2025-02-20,1.4655,-0.019014223991533713,0.0,0.9709587165420067,1.6781174854002012
2025-02-21,1.455,-0.016548645350424433,0.0,0.9709587165420067,1.6660941257299848
2025-02-24,1.4583,-0.006985291002415744,0.0,0.9709587165420067,1.6698728959120526
2025-02-25,1.4576,-0.00958452833540868,0.0,0.9709587165420067,1.669071338600705
2025-02-26,1.4456,-0.01016040746152124,0.0,0.9709587165420067,1.6553303561204575
2025-02-27,1.4398,-0.018812298383605104,0.0,0.9709587165420067,1.6486888812550047
2025-02-28,1.4299,-0.01675664915272225,0.0,0.9709587165420067,1.6373525707088006
2025-03-03,1.4301,-0.0009010658196622525,0.0,0.9709587165420067,1.6375815870834716
2025-03-04,1.4391,0.0018618389671498344,0.0,0.9709587165420067,1.6478873239436571
2025-03-05,1.4501,0.009650143782074195,0.25,0.9707159768628713,1.6604832245505503
2025-03-06,1.4481,0.011626547576569784,0.5,0.9701385913046727,1.6581930608038424
2025-03-07,1.4463,0.01124589482770452,0.5,0.969535646251034,1.6561319134318053
2025-03-10,1.4499,0.012159980583028024,0.5,0.9707422867566357,1.6602542081758798
2025-03-11,1.4421,0.006610487105220584,0.25,0.9678884590935258,1.651322569563719
2025-03-12,1.4465,0.006739457549126944,0.25,0.9686267416710189,1.6563609298064763
2025-03-13,1.4569,0.008377370438970841,0.25,0.970367792157258,1.6682697812893574
2025-03-14,1.4783,0.00464988489738909,0.25,0.9739311579943376,1.6927745333791315
2025-03-17,1.481,0.003994883731367056,0.25,0.9743758603765647,1.6958662544371874
2025-03-18,1.4909,0.004898109493222961,0.25,0.9760042062607186,1.707202564983391
2025-03-19,1.5065,0.0001575232050011824,0.0,0.9783133049505289,1.7250658422077125
2025-03-20,1.5096,-0.0013790901846161552,0.0,0.9783133049505289,1.72861559601511
2025-03-21,1.5028,-0.011705314685141731,0.0,0.9783133049505289,1.720829039276303
2025-03-24,1.503,-0.012667448307165445,0.0,0.9783133049505289,1.7210580556509736
2025-03-25,1.5011,-0.007923685800517768,0.0,0.9783133049505289,1.7188824000916014
2025-03-26,1.5058,-0.012068856159593256,0.0,0.9783133049505289,1.724264284896365
2025-03-27,1.5087,-0.008859501441601607,0.0,0.9783133049505289,1.7275850223290912
2025-03-28,1.5339,-0.008089694613790742,0.0,0.9783133049505289,1.7564410855376105
2025-03-31,1.5478,-0.006147318187312699,0.0,0.9783133049505289,1.7723577235772303
2025-04-01,1.5615,-0.0032283301882443166,0.0,0.9783133049505289,1.7880453452421794
2025-04-02,1.5564,-0.005314743391131122,0.0,0.9783133049505289,1.782205427688074
2025-04-03,1.5664,-0.001433013198260104,0.0,0.9783133049505289,1.7936562464216137
2025-04-07,1.5249,0.0033571508424323476,0.25,0.9780687266242913,1.7461353486774251
2025-04-08,1.5287,0.005939577356779018,0.25,0.978678055295216,1.7504866597961701
2025-04-09,1.5444,0.01638095548665269,0.5,0.9809461818610898,1.768464445207827
2025-04-10,1.5766,-0.008129483905993235,0.0,0.9906818377056448,1.8053360815298243
2025-04-11,1.6001,-0.00880879107438311,0.0,0.9906818377056448,1.832245505553642
2025-04-14,1.6099,-0.013679483279391901,0.0,0.9906818377056448,1.8434673079125103
2025-04-15,1.6103,-0.022568254822518157,0.0,0.9906818377056448,1.8439253406618519
2025-04-16,1.6458,-0.0280925349574693,0.0,0.9906818377056448,1.8845757471659168
2025-04-17,1.6638,-0.02027353069985495,0.0,0.9906818377056448,1.905187220886288
2025-04-18,1.6682,-0.02771869137380737,0.0,0.9906818377056448,1.9102255811290452
2025-04-21,1.6973,-0.0311398603564971,0.0,0.9906818377056448,1.9435474636436447
2025-04-22,1.7514,-0.025989655186121056,0.0,0.9906818377056448,2.005496392992093
2025-04-23,1.6688,-0.033459903524209245,0.0,0.9906818377056448,1.9109126302530575
2025-04-24,1.6783,-0.04783089533696023,0.0,0.9906818377056448,1.9217909080499196
2025-04-25,1.6644,-0.04575524375835347,0.0,0.9906818377056448,1.9058742700103002
2025-04-28,1.6487,-0.038062891995068994,0.0,0.9906818377056448,1.8878964845986432
2025-04-29,1.6577,-0.03914597788538854,0.0,0.9906818377056448,1.8982022214588286
2025-04-30,1.6497,-0.04736680693546286,0.0,0.9906818377056448,1.889041566471997
2025-05-06,1.6793,-0.0030632848628156205,0.0,0.9906818377056448,1.9229359899232739
2025-05-07,1.6921,-0.01085187328238032,0.0,0.9906818377056448,1.937593037902204
2025-05-08,1.6689,-0.02200105275669445,0.0,0.9906818377056448,1.9110271384403927
2025-05-09,1.6638,-0.023773267218181418,0.0,0.9906818377056448,1.9051872208862874
2025-05-12,1.6252,-0.017394241751546323,0.0,0.9906818377056448,1.8609870605748253
2025-05-13,1.6185,-0.0318138410199192,0.0,0.9906818377056448,1.853315012023354
2025-05-14,1.6082,-0.032022340153435816,0.0,0.9906818377056448,1.8415206687278083
2025-05-15,1.559,-0.03136510950148719,0.0,0.9906818377056448,1.7851826405587943
2025-05-16,1.5861,-0.02423088814489069,0.0,0.9906818377056448,1.8162143593266862
2025-05-19,1.5947,-0.01865221507780234,0.0,0.9906818377056448,1.82606206343753
2025-05-20,1.5925,-0.018468503366530845,0.0,0.9906818377056448,1.8235428833161513
2025-05-21,1.6418,-0.021702253566222435,0.0,0.9906818377056448,1.8799954196725006
2025-05-22,1.646,-0.021466517731351747,0.0,0.9906818377056448,1.8848047635405873
2025-05-23,1.6451,-0.022361411177623358,0.0,0.9906818377056448,1.8837741898545688
2025-05-26,1.6407,-0.013191077919172295,0.0,0.9906818377056448,1.8787358296118115
2025-05-27,1.6276,-0.006574604912004107,0.0,0.9906818377056448,1.8637352570708747
2025-05-28,1.6282,-0.009718536178300265,0.0,0.9906818377056448,1.8644223061948872
2025-05-29,1.6129,-0.007284159158711974,0.0,0.9906818377056448,1.8469025535325718
2025-05-30,1.6267,0.011040071980783467,0.5,0.990186496786792,1.8627046833848562
2025-06-03,1.6506,0.00945043894715173,0.25,0.9972130195279375,1.8900721401580156
2025-06-04,1.6505,0.0042292213983558405,0.25,0.9971979157320523,1.8899576319706801
2025-06-05,1.6522,0.026164124819821857,0.75,0.9969560929718149,1.8919042711553815
2025-06-06,1.6512,0.01634493251220999,0.5,0.9962542954993958,1.8907591892820277
2025-06-09,1.6328,0.02016211939689439,0.75,0.9904543964612559,1.869689682812315
2025-06-10,1.6356,0.02112278447123528,0.75,0.9917282537815453,1.872895912057706
2025-06-11,1.6401,0.0217953047634138,0.75,0.9937746482890731,1.8780487804877988
2025-06-12,1.6544,0.02233852521807681,0.75,1.0002731746611848,1.8944234512767604
2025-06-13,1.6738,0.015527774684779774,0.5,1.008820238071654,1.9166380396198266
2025-06-16,1.67,0.01899981161644681,0.5,1.0076750842585722,1.9122867285010816
2025-06-17,1.653,0.0176354478786339,0.5,1.0025461990991724,1.8928203366540648
2025-06-18,1.6539,0.013696065809952827,0.5,1.002819124561722,1.8938509103400831
2025-06-19,1.6462,0.016887171969264644,0.5,1.000484730928756,1.885033779915258
2025-06-20,1.6394,0.012345556215863336,0.5,0.9984183671302151,1.877247223176451
2025-06-23,1.6448,0.011063524236251138,0.5,1.0000627062733478,1.8834306652925623
2025-06-24,1.6269,0.011216431460028323,0.5,0.9946209740134094,1.8629336997595267
2025-06-25,1.6299,0.014989375991632727,0.5,0.9955380134510025,1.8663689453795886
2025-06-26,1.6317,0.016564260666535723,0.5,0.9960877307416988,1.868430092751626
2025-06-27,1.6145,0.024197004164903835,0.75,0.9905887520250589,1.8487346845299384
2025-06-30,1.6123,0.02224008115015489,0.75,0.9895763819780837,1.8462155044085597
2025-07-01,1.6294,0.0142500530411805,0.5,0.9972005484475392,1.865796404442912
2025-07-02,1.6303,0.011111680793240354,0.5,0.997475950587469,1.8668269781289308
2025-07-03,1.6415,0.013484742622507435,0.5,1.0009022312249527,1.879651895110495
2025-07-04,1.6328,0.011455300139138945,0.5,0.998249825068493,1.869689682812316
2025-07-07,1.6213,0.012715134519846214,0.5,0.9947344303513543,1.8565212412687455
2025-07-08,1.6315,0.020567170781756055,0.75,0.9976148071241969,1.8682010763769559
2025-07-09,1.6127,0.022054528072799513,0.75,0.9889930671423084,1.8466735371579017
2025-07-10,1.6252,0.019519785429164344,0.5,0.9944950654833602,1.8609870605748262
2025-07-11,1.6267,0.013975884044778217,0.5,0.9949540067208155,1.862704683384857
2025-07-14,1.6405,0.008136321023495234,0.25,0.9989255809051705,1.8785068132371414
2025-07-15,1.6389,0.00234661350779647,0.25,0.9986820147775495,1.876674682239775
2025-07-16,1.6316,0.00247161404382004,0.25,0.9975699306497997,1.8683155845642911
2025-07-17,1.6308,0.008753745013780848,0.25,0.9974476494619289,1.867399519065608
2025-07-18,1.632,0.013564595047117196,0.5,0.9973817768154688,1.8687736173136327
2025-07-21,1.6422,0.010075071927939758,0.5,1.0004985948680172,1.880453452421843
2025-07-22,1.6492,0.016786538652865016,0.5,1.0026309448144537,1.8884690255353205
2025-07-23,1.6653,0.018017741978122847,0.5,1.0075249413617227,1.9069048436963187
2025-07-24,1.6363,0.011580347031427254,0.5,0.9987522807902072,1.8736974693690547
2025-07-25,1.6325,0.020191704447277702,0.75,0.9973428852498016,1.8693461582503097
2025-07-28,1.628,0.02860266089080572,0.75,0.9952809972021948,1.8641932898202167
2025-07-29,1.621,0.02518400801592234,0.75,0.9920713993918069,1.8561777167067393
2025-07-30,1.625,0.021523132350411457,0.75,0.9939074352944445,1.860758044200155
2025-07-31,1.6186,0.010723385229434636,0.5,0.9907231087805972,1.8534295202106899
2025-08-01,1.6194,0.008720245771953438,0.25,0.9907202625786599,1.8543455857093731
2025-08-04,1.6405,0.011074330339837108,0.5,0.9936997341649249,1.8785068132371414
2025-08-05,1.6443,0.0065610275687286775,0.25,0.9946021958482159,1.8828581243558862
2025-08-06,1.6467,0.011143537157315284,0.5,0.9947164725737835,1.8856063208519356
2025-08-07,1.6494,0.01677682229995485,0.5,0.9955319624857131,1.8886980419099912
2025-08-08,1.6548,0.019692142064295277,0.5,0.997161607386108,1.8948814840261028
2025-08-11,1.6385,0.016734316108437376,0.5,0.992250520185119,1.8762166494904335
2025-08-12,1.6311,0.0176538048499648,0.5,0.9900098568194278,1.8677430436276143
2025-08-13,1.6337,0.01738760222262343,0.5,0.9907989027478596,1.8707202564983347
2025-08-14,1.6365,0.01831487324059495,0.5,0.9916479683436525,1.873926485743726
2025-08-15,1.6304,0.017083107216431408,0.5,0.9897998007277355,1.8669414863162668
2025-08-18,1.6338,0.021587078844444524,0.75,0.9905844040535822,1.87083476468567
2025-08-19,1.6288,0.020114976180564886,0.75,0.9883107527405691,1.8651093553189004
2025-08-20,1.6238,0.020949222204199428,0.75,0.9860353565453474,1.8593839459521304
2025-08-21,1.6286,0.018310487187066703,0.5,0.9879749095879472,1.8648803389442292
2025-08-22,1.6259,0.014525234858529884,0.5,0.9871559447543823,1.8617886178861736
2025-08-25,1.637,0.017242013339878154,0.5,0.9905255957128587,1.8744990266804027
2025-08-26,1.6411,0.008703408266231146,0.25,0.9915183903806448,1.8791938623611537
2025-08-27,1.6421,0.01200208928604615,0.5,0.9914215555686173,1.8803389442345075
2025-08-28,1.6464,0.01950499856205761,0.5,0.9927196228875823,1.8852627962899295
2025-08-29,1.6502,0.02104235987502067,0.75,0.993617074227904,1.8896141074086743
2025-09-01,1.6772,0.016461986251870377,0.5,1.00556158339597,1.9205313179892307
2025-09-02,1.6877,0.00990555188985612,0.25,1.0084578189915523,1.9325546776594469
2025-09-03,1.7096,0.004289076389598375,0.25,1.0117293166267831,1.957631970685898
2025-09-04,1.7064,0.005317783735060458,0.25,1.0112558822249924,1.9539677086911653
2025-09-05,1.7124,0.006787291268225601,0.25,1.0121448202367935,1.9608381999312887
2025-09-08,1.728,0.009696033596400372,0.25,1.0144499853844946,1.9787014771556102
2025-09-09,1.7523,0.012176066195782913,0.5,1.017762798618016,2.006526966678111
2025-09-10,1.7499,0.00672435301432686,0.25,1.016811379456716,2.0037787701820617
2025-09-11,1.7457,0.0066488115644581375,0.25,1.0162012577649453,1.9989694263139752
2025-09-12,1.752,0.008865495082720306,0.25,1.0171180916888611,2.006183442116105
2025-09-15,1.747,0.011082662649027101,0.5,1.0161381285959554,2.0004580327493353
2025-09-16,1.767,0.003413448855349049,0.25,1.0217005687552543,2.023359670216414
2025-09-17,1.7556,0.006485362112253108,0.25,1.0200526646121006,2.0103057368601793
2025-09-18,1.7349,0.011451877297386335,0.5,1.0167908318176908,1.9866025420817528
2025-09-19,1.7408,0.009794958171819213,0.25,1.0182655711976736,1.993358525134541
2025-09-22,1.7715,0.006181745157282861,0.25,1.0227549946000989,2.028512538646507
2025-09-23,1.7912,-0.0009147249809939237,0.0,1.0253426975242714,2.0510706515515795
2025-09-24,1.8023,-0.0011848646613806905,0.0,1.0253426975242714,2.0637810603458084
2025-09-25,1.7924,0.0020604562281901235,0.25,1.0250863618498904,2.0524447497996046
2025-09-26,1.7959,0.006326302497910852,0.25,1.0255867805993988,2.0564525363563435
2025-09-29,1.8159,0.008500867119895495,0.25,1.0284421366342542,2.0793541738234222
2025-09-30,1.8368,0.0009279794948634217,0.0,1.031144225485477,2.1032863849765198
2025-10-09,1.9199,0.0030643452816626927,0.25,1.0308864394291057,2.198442688652232
2025-10-10,1.8939,-0.013737523211641232,0.0,1.0271385559064983,2.1686705599450296
2025-10-13,1.9454,-0.018452239859262795,0.0,1.0271385559064983,2.2276422764227575
2025-10-14,1.9699,-0.026913150022746885,0.0,1.0271385559064983,2.2556967823199288
2025-10-15,2.0118,-0.024653037126926867,0.0,1.0271385559064983,2.3036757128134586
2025-10-16,2.0319,-0.028579092211497965,0.0,1.0271385559064983,2.3266918584678726
2025-10-17,2.0946,-0.02529419278958292,0.0,1.0271385559064983,2.3984884919271647
2025-10-20,2.0425,-0.02417137436375197,0.0,1.0271385559064983,2.3388297263254247
2025-10-21,2.082,-0.037673571685913405,0.0,1.0271385559064983,2.3840604603229054
2025-10-22,1.9992,-0.03496687149712268,0.0,1.0271385559064983,2.2892476812091993
2025-10-23,1.9792,-0.031590923776464365,0.0,1.0271385559064983,2.2663460437421206
2025-10-24,1.9706,-0.038458033062122636,0.0,1.0271385559064983,2.2564983396312766
2025-10-27,1.9611,-0.03361150278139493,0.0,1.0271385559064983,2.245620061834414
2025-10-28,1.8908,-0.038849339334946935,0.0,1.0271385559064983,2.165120806137632
2025-10-29,1.9086,-0.038755601230424874,0.0,1.0271385559064983,2.1855032634833322
2025-10-30,1.9099,-0.0367967398686322,0.0,1.0271385559064983,2.186991869918692
2025-10-31,1.9337,-0.03875387981558315,0.0,1.0271385559064983,2.2142448185045156
2025-11-03,1.9316,-0.023487047037125494,0.0,1.0271385559064983,2.2118401465704722
2025-11-04,1.9197,-0.023694731134493267,0.0,1.0271385559064983,2.1982136722775603
2025-11-05,1.9128,-0.02103749272332088,0.0,1.0271385559064983,2.190312607351418
2025-11-06,1.9253,-0.018624347716245243,0.0,1.0271385559064983,2.2046261307683426
2025-11-07,1.9314,-0.014721923850147985,0.0,1.0271385559064983,2.2116111301958017
2025-11-10,1.9613,-0.01203402462188713,0.0,1.0271385559064983,2.2458490782090843
2025-11-11,1.9885,-0.015587399310628976,0.0,1.0271385559064983,2.276995305164311
2025-11-12,1.9821,-0.015834044090657643,0.0,1.0271385559064983,2.2696667811748457
2025-11-13,2.0131,-0.0202804550787265,0.0,1.0271385559064983,2.305164319248818
2025-11-14,1.9979,-0.010500935670020289,0.0,1.0271385559064983,2.287759074773838
2025-11-17,1.9501,-0.0046747939823059,0.0,1.0271385559064983,2.2330241612275197
2025-11-18,1.9275,-0.010420317984034987,0.0,1.0271385559064983,2.2071453108897208
2025-11-19,1.9649,-0.007546889321151627,0.0,1.0271385559064983,2.249971372953158
2025-11-20,1.9549,-0.008311740755664904,0.0,1.0271385559064983,2.2385205542196185
2025-11-21,1.9382,-0.0015098624640820756,0.0,1.0271385559064983,2.2193976869346077
2025-11-24,1.945,0.0025740039585859676,0.25,1.0268817712675218,2.2271842436734146
2025-11-25,1.9783,0.00351970808593486,0.25,1.0312770364324586,2.265315470056101
2025-11-26,1.9782,0.0015027397869044456,0.0,1.0310061848092444,2.2652009618687656
2025-11-27,1.9784,0.0009508157007372293,0.0,1.0310061848092444,2.265429978243436
2025-11-28,1.9908,0.0034981766873498094,0.25,1.030748433263042,2.279628993473025
2025-12-01,2.011,0.003721632867477496,0.25,1.033363100526443,2.302759647314775
2025-12-02,2.0024,0.001657513464605959,0.0,1.0319999707577103,2.292911943203931
2025-12-03,1.9975,0.0024934429368555517,0.25,1.0317419707650208,2.2873010420244966
2025-12-04,1.9914,0.012172185194692929,0.5,1.0306963474097932,2.2803160425970375
2025-12-05,2.0061,0.014602977684665609,0.5,1.0345005144046018,2.29714874613534
2025-12-08,2.0008,0.021370259590659788,0.75,1.0328753440573315,2.291079812206564
2025-12-09,1.9876,0.021607509613057282,0.75,1.0277646553797188,2.2759647314782923
2025-12-10,1.9966,0.020508994370382026,0.75,1.031255001235934,2.286270468338478
2025-12-11,1.9999,0.02441093118337214,0.75,1.0325333524971074,2.2900492385205458
2025-12-12,2.0252,0.022758941802462296,0.75,1.0423300025114244,2.3190198099164
2025-12-15,2.0519,0.023930428758477982,0.75,1.0526364701690836,2.34959349593495
2025-12-16,2.0283,0.02354561286456038,0.75,1.0435562686378235,2.3225695637237975
2025-12-17,2.0435,0.020686779111351947,0.75,1.0494215456986482,2.339974808198777
2025-12-18,2.0454,0.023826894776791598,0.75,1.0501533419808213,2.34215046375815
2025-12-19,2.0448,0.022857828971756623,0.75,1.0499223020845216,2.3414634146341378
2025-12-22,2.0837,0.017196050686556136,0.5,1.0646400069370696,2.386007099507606
2025-12-23,2.1135,0.012614102940334684,0.5,1.072252972384765,2.4201305393335537
2025-12-24,2.1166,0.012669428540813968,0.5,1.0730393419647015,2.4236802931409507
2025-12-25,2.1037,0.013096918857515133,0.5,1.0697694261772723,2.4089087369746847
2025-12-26,2.1187,0.012232307223701586,0.5,1.0735833115679314,2.426084965074994
2025-12-29,2.102,0.009038618284318815,0.25,1.0690838208933917,2.4069620977899833
2025-12-30,2.0589,0.010973292734438499,0.5,1.0633363509990028,2.3576090690484284
2025-12-31,2.0435,0.00332292236045318,0.25,1.0590937866656402,2.339974808198778
2026-01-05,2.0825,0.011019749568011522,0.5,1.0638821888588026,2.3846330012595818
2026-01-06,2.1026,0.011061798272791506,0.5,1.0690164102264046,2.407649146913996
2026-01-07,2.0917,0.009787222079462305,0.25,1.0659782346762432,2.395167754494438
2026-01-08,2.0888,0.011161314455174343,0.5,1.065342263509963,2.3918470170617114
2026-01-09,2.1046,0.008595033540385181,0.25,1.0691051331727952,2.4099393106607034
2026-01-12,2.1453,0.008239747274467957,0.25,1.074273880074835,2.4565441429062087
2026-01-13,2.1493,0.004704654518232822,0.25,1.0747746370226163,2.461124470399625
2026-01-14,2.1753,0.003119016894503923,0.25,1.0780250139549417,2.4908965991068275
2026-01-15,2.1654,0.0032526283786567835,0.25,1.0767984650147777,2.4795602885606236
2026-01-16,2.1648,0.0038932618455141503,0.25,1.0767238738215792,2.4788732394366115
2026-01-19,2.1942,0.006091904928105708,0.25,1.0803796020517107,2.512538646513217
2026-01-20,2.2113,0.006970523498254934,0.25,1.0824845253945106,2.532119546547569
2026-01-21,2.2801,0.006564862816911106,0.25,1.0909043390049595,2.6109011794343204
2026-01-22,2.2697,-0.0005364707498175039,0.0,1.0893876537599028,2.5989923279514393
2026-01-23,2.3257,-0.0028663983974057186,0.0,1.0893876537599028,2.6631169128592598
2026-01-26,2.3892,0.0007535761099111936,0.0,1.0893876537599028,2.7358296118172354
2026-01-27,2.3932,0.0025045186636356524,0.25,1.0891153068464627,2.7404099393106516
2026-01-28,2.4682,0.006220403902784382,0.25,1.0976481967024594,2.826291079812197
2026-01-29,2.6057,-0.0004454259505935129,0.0,1.112660899458262,2.9837398373983643
2026-01-30,2.4294,-0.00898454927069618,0.0,1.112660899458262,2.7818619031260643
2026-02-02,2.1265,-0.007455785463941354,0.0,1.112660899458262,2.435016603687156
2026-02-03,2.2917,-0.027046233880162373,0.0,1.112660899458262,2.624184129165227
2026-02-04,2.3922,-0.03762927801041696,0.0,1.112660899458262,2.739264857437298
2026-02-05,2.3189,-0.037397493406255436,0.0,1.112660899458262,2.655330356120454
2026-02-06,2.285,-0.04589882300715224,0.0,1.112660899458262,2.616512080613756
2026-02-09,2.3637,-0.05097899564909229,0.0,1.112660899458262,2.706630024046711
2026-02-10,2.3523,-0.04332242938554341,0.0,1.112660899458262,2.6935760906904758
2026-02-11,2.3677,-0.04222622452772691,0.0,1.112660899458262,2.7112103515401267
2026-02-12,2.363,-0.042207090526754074,0.0,1.112660899458262,2.705828466735363
2026-02-13,2.3242,-0.03942450601699739,0.0,1.112660899458262,2.6613992900492303
2026-02-24,2.4105,-0.030849117277982046,0.0,1.112660899458262,2.7602198557196753
2026-02-25,2.4116,-0.031152329387324252,0.0,1.112660899458262,2.7614794457803646
2026-02-26,2.4034,-0.02079783742446779,0.0,1.112660899458262,2.752089774418862
2026-02-27,2.4066,0.00217815985416411,0.25,1.1123827342333976,2.755754036413595
2026-03-02,2.5064,0.02500183026501373,0.75,1.1233589741881138,2.8700332073743184
2026-03-03,2.4815,0.013474169173052958,0.5,1.114708070271664,2.841520668727805
2026-03-04,2.4192,0.013297463664171344,0.5,1.1007152609269282,2.7701820680178546
2026-03-05,2.414,0.007774587187930662,0.25,1.0992571044007136,2.7642276422764143
2026-03-06,2.3958,0.0065884751080110245,0.25,1.0971851823522365,2.743387152181372
2026-03-09,2.3916,-0.002939176434396229,0.0,1.0964300260343303,2.7385778083132855
2026-03-10,2.4122,-0.007466028321498661,0.0,1.0964300260343303,2.7621664949043767
2026-03-11,2.4169,-0.005410252227211969,0.0,1.0964300260343303,2.7675483797091407
2026-03-12,2.4088,-0.016217971737908003,0.0,1.0964300260343303,2.7582732165349735
2026-03-13,2.3789,-0.024783790882303147,0.0,1.0964300260343303,2.724035268521691
2026-03-16,2.3479,-0.02689210021435505,0.0,1.0964300260343303,2.688537730447719
2026-03-17,2.3429,-0.02126787763956902,0.0,1.0964300260343303,2.6828123210809496
2026-03-18,2.3375,-0.021800266905174052,0.0,1.0964300260343303,2.676628878964838
2026-03-19,2.2325,-0.034404054637573796,0.0,1.0964300260343303,2.556395282262674
2026-03-20,2.1821,-0.01994683409333678,0.0,1.0964300260343303,2.4986831558456357
2026-03-23,1.976,-0.025756037492709626,0.0,1.0964300260343303,2.2626817817473883
2026-03-24,2.0542,-0.05325239638567476,0.0,1.0964300260343303,2.352227184243666
2026-03-25,2.1337,-0.059912646637048955,0.0,1.0964300260343303,2.443261193175305
2026-03-26,2.0893,-0.053827512114199214,0.0,1.0964300260343303,2.39241955799839
2026-03-27,2.0942,-0.06037687676284875,0.0,1.0964300260343303,2.398030459177824
2026-03-30,2.1273,-0.06698281456602447,0.0,1.0964300260343303,2.43593266918584
2026-03-31,2.1401,-0.06945522242026027,0.0,1.0964300260343303,2.45058971716477
2026-04-01,2.205,-0.08877792151113989,0.0,1.0964300260343303,2.5249055307454413
2026-04-02,2.1507,-0.09503487916005793,0.0,1.0964300260343303,2.4627275850223223
2026-04-03,2.1714,-0.09037031683227253,0.0,1.0964300260343303,2.4864307798007492
2026-04-07,2.1692,-0.07631015095857566,0.0,1.0964300260343303,2.4839115996793706
2026-04-08,2.2273,-0.0734113234989015,0.0,1.0964300260343303,2.550440856521235
2026-04-09,2.1853,-0.08641761731440312,0.0,1.0964300260343303,2.502347417840369
2026-04-10,2.2,-0.09171097936948733,0.0,1.0964300260343303,2.519180121378672
2026-04-13,2.191,-0.08569312459631509,0.0,1.0964300260343303,2.508874384518486
2026-04-14,2.2092,-0.07913101243523962,0.0,1.0964300260343303,2.529714874613528
2026-04-15,2.2204,-0.08219441055442495,0.0,1.0964300260343303,2.5425397915950922
2026-04-16,2.2267,-0.04464836805513298,0.0,1.0964300260343303,2.549753807397222
2026-04-17,2.2113,-0.04387168916674,0.0,1.0964300260343303,2.532119546547571
2026-04-20,2.2139,-0.0397103254620496,0.0,1.0964300260343303,2.535096759418291
2026-04-21,2.2074,-0.04115159525412779,0.0,1.0964300260343303,2.52765372724149
2026-04-22,2.2057,-0.04045346387158772,0.0,1.0964300260343303,2.5257070880567887
2026-04-23,2.1846,-0.04717781130664886,0.0,1.0964300260343303,2.5015458605290206
2026-04-24,2.1682,-0.04676559749283161,0.0,1.0964300260343303,2.482766517806016
2026-04-27,2.1824,-0.030997815337262015,0.0,1.0964300260343303,2.4990266804076415
2026-04-28,2.1492,-0.033039934595620754,0.0,1.0964300260343303,2.461009962212291
2026-04-29,2.1252,-0.03474854577722173,0.0,1.0964300260343303,2.4335279972517965
2026-04-30,2.1301,-0.03914958995320265,0.0,1.0964300260343303,2.4391388984312306
2026-05-06,2.1575,-0.008905139150136427,0.0,1.0964300260343303,2.4705141417611287
2026-05-07,2.1836,-0.0138410905280646,0.0,1.0964300260343303,2.5004007786556666
2026-05-08,2.1784,-0.012538992109774202,0.0,1.0964300260343303,2.494446352914226
2026-05-11,2.1563,-0.010902327893607153,0.0,1.0964300260343303,2.4691400435131037
2026-05-12,2.1639,-0.002717721371953469,0.0,1.0964300260343303,2.4778426657505936
2026-05-13,2.1639,-0.0036485865229388334,0.0,1.0964300260343303,2.4778426657505936
2026-05-14,2.16,-0.005195030875400106,0.0,1.0964300260343303,2.473376846444513
2026-05-15,2.109,-0.007508107804728211,0.0,1.0964300260343303,2.414977670903462
2026-05-18,2.0983,-0.0036609051871915772,0.0,1.0964300260343303,2.4027252948585747
2026-05-19,2.0976,0.0030460368624549584,0.25,1.0961559185278218,2.4019237375472264
2026-05-20,2.0674,-0.005086032996328024,0.0,1.0919364289451745,2.3673422649719376
2026-05-21,2.0863,-0.0070923500625899895,0.0,1.0919364289451745,2.388984312378327
2026-05-22,2.0854,-0.011171503696217427,0.0,1.0919364289451745,2.387953738692308
2026-05-25,2.0968,-0.011391373755601963,0.0,1.0919364289451745,2.4010076720485434
2026-05-26,2.0847,-0.009968580967322456,0.0,1.0919364289451745,2.387152181380961
2026-05-27,2.0621,-0.00801780029207257,0.0,1.0919364289451745,2.3612733310431615
2026-05-28,2.0148,-0.002830985293487673,0.0,1.0919364289451745,2.3071109584335203
2026-05-29,2.0711,0.0014749279430679302,0.0,1.0919364289451745,2.3715790679033466
2026-06-01,2.0623,0.009487868708627417,0.25,1.0916634448379383,2.361502347417832
2026-06-02,2.0735,-0.0009070644614482502,0.0,1.092872688529435,2.3743272643993962
2026-06-03,2.0485,-0.0042186859817577044,0.0,1.092872688529435,2.3457002175655477
2026-06-04,2.048,-0.003145038081281486,0.0,1.092872688529435,2.3451276766288705
2026-06-05,2.0402,0.002046172423692077,0.25,1.0925994703573028,2.33619603801671
2026-06-08,1.975,0.010844655223403936,0.5,1.0835970922930542,2.261536699874033
2026-06-09,1.9865,0.013917953305262057,0.5,1.086751868637705,2.274705141417603
2026-06-10,1.9261,0.0213252475134836,0.75,1.0699587075102843,2.2055421962670247
2026-06-11,1.8743,0.016159262709058514,0.5,1.0481098379534552,2.146226955227291
2026-06-12,1.9076,0.011228879783921298,0.5,1.0574205293059202,2.1843581816099773
2026-06-15,1.9662,0.020287139175252045,0.75,1.0733977455243295,2.251459979388518
2026-06-16,1.9752,0.010187752491227189,0.5,1.0768143898740787,2.261765716248704
2026-06-17,1.9751,0.012136014365437733,0.5,1.076787131510625,2.2616512080613687
2026-06-18,1.9656,0.003995324875095076,0.25,1.0739283246448779,2.2507729302645063
2026-06-22,1.9233,0.006166004895404001,0.25,1.0681505509202545,2.2023359670216345
2026-06-23,1.8859,0.014509143496129449,0.5,1.062690767662442,2.159509904958197
2026-06-24,1.8796,0.016207780314939198,0.5,1.0609157658499722,2.1522958891560675
2026-06-25,1.8289,0.023170941901665517,0.75,1.0463420592194819,2.0942402381770227
2026-06-26,1.8499,0.025974657201817894,0.75,1.0553528785276491,2.1182869575174554
2026-06-29,1.8634,0.020892434154884773,0.75,1.0611291085374293,2.133745562807733
2026-06-30,1.8457,0.022950839238037153,0.75,1.0535695459551417,2.1134776136493683
2026-07-01,1.8223,0.012501779957786261,0.5,1.0432881953243487,2.0866826978128863
2026-07-02,1.8667,0.01171512570462639,0.5,1.0559979565800148,2.137524332989801
2026-07-03,1.9116,0.009376920542419379,0.25,1.0684339914430534,2.188938509103393
2026-07-06,1.9054,0.005442487779338062,0.25,1.0675676634001905,2.1818390014885987
2026-07-07,1.8967,0.006368335967014319,0.25,1.0663490428124422,2.1718767891904194
2026-07-08,1.8934,0.005589187245617034,0.25,1.0658852172415452,2.1680980190083514
2026-07-09,1.885,0.02046688336153603,0.75,1.0641700844162734,2.1584793312721784
2026-07-10,1.8852,0.01857323847294278,0.5,1.0639887238647514,2.158708347646849
2026-07-13,1.8593,0.02171451022564332,0.75,1.056413871403683,2.129050727126982
2026-07-14,1.8462,0.01747343653555463,0.5,1.0505674163591412,2.1140501545860455
2026-07-15,1.8468,0.014076421875486658,0.5,1.0507381292964761,2.1147372037100576
2026-07-16,1.8448,0.016115036761737162,0.5,1.0501691786091811,2.1124470399633495
2026-07-17,1.8323,0.01553204696733175,0.5,1.046611309264912,2.0981335165464254
2026-07-20,1.8346,0.011790177523528981,0.5,1.0472681902372716,2.1007672048551393
2026-07-21,1.8666,0.01844611531402107,0.5,1.0564016749444538,2.1374098248024653
2026-07-22,1.8859,0.01136248059841673,0.5,1.0618630893681191,2.159509904958196
2026-07-23,1.884,0.004910843872194957,0.25,1.0610627225220723,2.1573342493988235
2026-07-24,1.8508,0.005649711488578983,0.25,1.056388189296524,2.1193175312034724
2026-07-27,1.8759,0.011954838645000571,0.5,1.0597056979806865,2.148059086224656
2026-07-28,1.8538,0.015449738237744549,0.5,1.0534634953245285,2.1227527768235337
2026-07-29,1.851,0.022108504946620835,0.75,1.0524045479999184,2.119546547578143
2026-07-30,1.8467,0.020347282991625318,0.75,1.0505709420208262,2.114622695522721
2026-07-31,1.8598,0.023073398556295303,0.75,1.0561602957357528,2.1296232680636575
2026-08-03,1.8569,0.018807684239401237,0.5,1.0546610966967553,2.126302530630931
2026-08-04,1.8562,0.00903287994450007,0.25,1.054198642374251,2.1255009733195833
2026-08-05,1.9035,0.0033420478604259595,0.25,1.0609144590675361,2.1796633459292245
2026-08-06,1.9395,-0.003557764450584427,0.0,1.0656653744672728,2.2208862933699662
2026-08-07,1.9584,-0.008579451876276074,0.0,1.0656653744672728,2.2425283407763557
2026-08-10,1.9846,-0.023250749108855776,0.0,1.0656653744672728,2.272529485858229
2026-08-11,1.9893,-0.02811631921091762,0.0,1.0656653744672728,2.2779113706629923
2026-08-12,2.007,-0.024247471942900136,0.0,1.0656653744672728,2.298179319821357
2026-08-13,1.9959,-0.024694216754306258,0.0,1.0656653744672728,2.2854689110271282
2026-08-14,1.9738,-0.01693915744198569,0.0,1.0656653744672728,2.260162601626006
2026-08-17,2.0009,-0.014192095511664327,0.0,1.0656653744672728,2.291194320393898
2026-08-18,2.003,-0.011265635650666336,0.0,1.0656653744672728,2.2935989923279414
2026-08-19,1.9808,-0.0036330602260496534,0.0,1.0656653744672728,2.2681781747394836
2026-08-20,2.0362,0.004343655647761499,0.25,1.065398958123656,2.331615710523292
2026-08-21,2.0669,0.0015061033790243848,0.0,1.069148391216656,2.366769724035258
2026-08-24,2.1079,-0.007792779116642012,0.0,1.069148391216656,2.4137180808427696
2026-08-25,2.1043,-0.015936125840432445,0.0,1.069148391216656,2.4095957860986954
2026-08-26,2.0996,-0.013908008425733719,0.0,1.069148391216656,2.4042139012939323
2026-08-27,2.0857,-0.0012325968297170961,0.0,1.069148391216656,2.3882972632543122
