signal_date,price,range_20d,return_20d,label,hit_date,first_passage_return,days_observed,future_max_return,future_min_return
2017-02-01,1210.0,0.037892672946592265,0.03149908358552489,unresolved,,,60,0.06289256198347104,-0.011115702479338907
2017-09-18,1314.4,0.05120224107073401,0.020813917365641643,unresolved,,,60,0.00038040170419972874,-0.05215307364577004
2017-10-11,1290.2,0.0447878883456867,-0.02479213907785338,unresolved,,,60,0.022167105875058102,-0.03766857851495897
2018-01-31,1343.35,0.03543426962015683,0.022569840907360694,unresolved,,,60,0.011352216473740961,-0.02404436669520227
2019-07-19,1437.05,0.0354132142085164,0.02248390195311112,unresolved,,,60,0.07344907971190984,-0.021328415851918803
2019-09-06,1504.95,0.031494483450350996,0.006150760488049523,unresolved,,,60,0.01720987408219532,-0.03319047144423404
2020-01-31,1580.85,0.024919900320398813,0.00253670292037933,unresolved,,,60,0.0927981781952747,-0.06863396274156308
2020-05-07,1688.65,0.04760316545890064,0.02401382614232439,up,2020-07-23,0.11470701447902165,60,0.16939567109821452,0.0019838332395700764
2020-07-21,1823.2,0.03676324244405915,0.02675001407895472,up,2020-08-05,0.1158677051338306,60,0.1307042562527425,0.015220491443615591
2020-08-25,1925.45,0.07065880703212235,-0.014787525264154278,unresolved,,,60,0.03245994442857514,-0.03869225375886154
2020-12-09,1859.8,0.06413837862242144,-0.004389721627409027,unresolved,,,60,0.05237122271211958,-0.08890740939886
2021-01-12,1861.85,0.07523691800576837,0.015074691963798958,unresolved,,,60,0.003115181137041123,-0.09479818460133738
2021-03-18,1734.1,0.06789813803889166,-0.02235377026074703,up,2021-06-01,0.10010956692232287,60,0.10010956692232287,-0.028112565595986405
2021-06-10,1882.0,0.0514799096070111,0.024412813324987015,unresolved,,,60,0.005286928799149937,-0.08100425079702445
2021-07-13,1807.85,0.05705996131528046,-0.02704375437274631,unresolved,,,60,0.013358409160052043,-0.04331111541333621
2021-12-21,1795.85,0.0228325986210014,0.002819968729059541,up,2022-03-07,0.11326112982710135,60,0.12322855472339023,-0.005457025920873049
2022-03-18,1932.9,0.06445910290237467,0.019757841145902066,unresolved,,,60,0.022272233431631205,-0.06575611775053036
2022-05-25,1859.05,0.06072101007863551,-0.019565962608443455,unresolved,,,60,-5.379091471446884e-05,-0.09278932788252059
2022-08-01,1766.75,0.07144762977676322,-0.022301541185910767,unresolved,,,60,0.015140795245507377,-0.08408093957832175
2022-10-04,1709.15,0.06726609813372875,-0.0016355617862671146,unresolved,,,60,0.062048386624930396,-0.0517801246233508
2022-12-08,1782.45,0.03744778914014124,0.01002974925626865,unresolved,,,60,0.09674885691043222,-0.0036466661056411276
2023-02-07,1873.8,0.04344809180677878,-0.005545973198885501,unresolved,,,60,0.08810972355640945,-0.03455544882057848
2023-03-07,1843.05,0.04038031010751486,-0.020045194736142524,up,2023-04-14,0.10450069178806887,60,0.10626407313963271,-0.0161145926589078
2023-04-20,1994.05,0.04830445194016031,0.026881581996549775,unresolved,,,60,0.022491913442491462,-0.04538502043579651
2023-11-13,1937.45,0.038550521198887244,0.007278587953936988,unresolved,,,60,0.07244057911171908,0.004696895403752288
2024-05-01,2288.5,0.046472503222705575,-0.0017448200654307522,up,2024-05-17,0.23738256499890764,60,0.23738256499890764,0.003998252130216429
2024-06-21,2364.0,0.028877331186212052,0.0009314929291217577,unresolved,,,60,0.09452199661590521,-0.022609983079526108
2024-08-30,2524.15,0.054871805587479505,0.025347821671575232,up,2024-10-30,0.10292573737693855,60,0.10292573737693855,-0.01968979656518044
2024-10-14,2659.0,0.039149648607082366,0.03242088914773822,unresolved,,,60,0.04699135013162836,-0.04157578036855969
2024-12-02,2637.25,0.07467284035394073,-0.03706070287539931,up,2025-02-11,0.10222769930799114,60,0.11991657977059433,-0.011792586975068686
2025-03-03,2868.25,0.04319723085617411,0.013086323820288293,up,2025-04-11,0.12045672448357014,60,0.20446265144251718,0.011644731107818496
2025-04-09,3044.7,0.06345406075424931,0.033976873312617784,up,2025-04-22,0.1346602292508292,60,0.1346602292508292,0.020346832200216936
2025-05-23,3330.1,0.06490619580640078,0.009320017579220075,unresolved,,,60,0.03004414281853407,-0.01587039428245396
2025-12-09,4204.85,0.054482809905064045,0.020569889080362058,up,2026-01-14,0.10182289499030861,60,0.3084176605586404,-0.00319868723022243
2026-04-30,4625.8,0.054246161259938974,-0.019895332330444604,down,2026-06-11,-0.11802282848372181,60,0.02342297548532124,-0.13992174326602969
2026-06-02,4523.8,0.077927548441449,-0.00974104152529387,down,2026-06-24,-0.10041336929130373,60,0.024404261903709257,-0.12052920111410759
2026-07-22,4118.65,0.04843473124630826,0.031080235323569738,up,2026-08-21,0.11248831534604786,26,0.12517451106551913,-0.021135566265645278
