date,gold_usd_oz,target_weight,executed_weight,equity
2020-01-02,1520.55,0.6,0.0,1.0
2020-01-03,1547.4,0.6,0.6,1.0099948505474994
2020-01-06,1576.85,0.6,0.6,1.021528138003344
2020-01-07,1566.5,0.6,0.6,1.0175051239328867
2020-01-08,1582.85,0.6,0.6,1.0238771158037974
2020-01-09,1547.85,0.9319528843670518,0.6,1.0102931252602338
2020-01-10,1548.8,0.932461564954299,0.9319528843670518,1.010535633446491
2020-01-13,1550.35,0.962341940866687,0.932461564954299,1.0114781351215196
2020-01-14,1544.95,0.9520381575645935,0.962341940866687,1.0080575197398074
2020-01-15,1551.9,0.951196421811429,0.9520381575645935,1.0123644112309207
2020-01-16,1555.2,0.9519900217880753,0.951196421811429,1.0144112164355328
2020-01-17,1556.5,0.5760229378065073,0.9519900217880753,1.0152176530158723
2020-01-20,1559.25,0.5764177537010736,0.5760229378065073,1.0158691600988006
2020-01-21,1556.25,0.5733541748586605,0.5764177537010736,1.0147421307937128
2020-01-22,1558.1,0.5739177420515089,0.5733541748586605,1.0154306476117536
2020-01-23,1554.05,0.5747839458766424,0.5739177420515089,1.013915260290801
2020-01-24,1561.85,0.0,0.5747839458766424,1.016839449611747
2020-01-27,1583.45,0.0,0.0026181868891945737,1.0162944675123253
2020-01-28,1579.6,0.0,0.001824586912548276,1.0162891523936706
2020-01-29,1571.2,0.5807857905522309,0.001824586912548276,1.0162792915515275
2020-01-30,1580.4,0.0,0.5807857905522309,1.019146998230606
2020-01-31,1580.85,0.0,0.5803909746576645,1.0193150194655431
2020-02-03,1578.85,0.0,0.5798274074648161,1.0185667121033681
2020-02-04,1571.2,0.6,0.5789612036396826,1.0157085057116915
2020-02-05,1552.2,0.6,0.6,1.0083175609657755
2020-02-06,1564.75,0.0,0.6,1.0132090899144113
2020-02-07,1568.3,0.0,0.6,1.0145883104681852
2020-02-10,1574.05,0.0,0.021038796360317358,1.014079164929235
2020-02-11,1567.7,0.0,0.021038796360317358,1.0139930956925334
2020-02-12,1566.75,0.6,0.021038796360317358,1.0139801681333458
2020-02-13,1575.0,0.6,0.6,1.016596688402166
2020-02-14,1576.35,0.6,0.6,1.0171195095562013
2020-02-17,1580.3,0.6,0.6,1.0186487214936826
2020-02-18,1588.2,0.0,0.6,1.0217040875253727
2020-02-19,1609.5,0.6,0.5789612036396826,1.0296158030961644
2020-02-20,1610.35,0.0,0.6,1.0299203941295338
2020-02-21,1633.7,0.0,0.6,1.0388806727781226
2020-02-24,1682.35,0.0,0.021038796360317358,1.0389300754264943
2020-02-25,1655.9,0.0,0.021038796360317358,1.0385864252807115
2020-02-26,1647.95,0.0,0.021038796360317358,1.0384815201922295
2020-02-27,1646.6,0.0,0.021038796360317358,1.0384636219904293
2020-02-28,1626.35,0.5173311777170747,0.021038796360317358,1.0381949334810276
2020-03-02,1609.7,0.5017294464248684,0.5173311777170747,1.032181140271976
2020-03-03,1599.05,0.49893329428587174,0.5017294464248684,1.028738698689369
2020-03-04,1644.8,0.44799383289137995,0.49893329428587174,1.0434209123556624
2020-03-05,1647.45,0.450246021571866,0.49629238135675735,1.0442524715218715
2020-03-06,1687.0,0.41717098425640337,0.49629238135675735,1.0566941039159032
2020-03-09,1676.6,0.41096141594226454,0.49629238135675735,1.0534611080503076
2020-03-10,1657.4,0.40089578988805513,0.49629238135675735,1.0474738513032984
2020-03-11,1662.5,0.4016672112559469,0.40089578988805513,1.0486660895406865
2020-03-12,1636.65,0.0,0.4016672112559469,1.0421158657446088
2020-03-13,1588.15,0.0,0.000771421367891767,1.0416742630380489
2020-03-16,1504.65,0.0,0.000771421367891767,1.0416320138317154
2020-03-17,1472.35,0.0,0.000771421367891767,1.0416147644705136
2020-03-18,1506.0,0.0,0.000771421367891767,1.0416331287037313
2020-03-19,1480.7,0.0,0.000771421367891767,1.0416196296912874
2020-03-20,1504.45,0.0,0.000771421367891767,1.0416325180423642
2020-03-23,1494.5,0.0,0.0,1.0416317145047824
2020-03-24,1599.5,0.0,0.0,1.0416317145047824
2020-03-25,1620.95,0.0,0.0,1.0416317145047824
2020-03-26,1620.1,0.0,0.0,1.0416317145047824
2020-03-27,1621.2,0.0,0.0,1.0416317145047824
2020-03-30,1624.45,0.0,0.0,1.0416317145047824
2020-03-31,1604.65,0.0,0.0,1.0416317145047824
2020-04-01,1594.25,0.0,0.0,1.0416317145047824
2020-04-02,1588.05,0.0,0.0,1.0416317145047824
2020-04-03,1609.75,0.2193506889649814,0.0,1.0416317145047824
2020-04-06,1636.6,0.21635247774283162,0.2193506889649814,1.0452142327892875
2020-04-07,1652.2,0.21657616593914403,0.2193506889649814,1.0473996097955334
2020-04-08,1649.05,0.21663195715617,0.2193506889649814,1.0469615843434117
2020-04-09,1662.5,0.2185430610816136,0.2193506889649814,1.048834672465769
2020-04-14,1715.85,0.22022716968087505,0.2193506889649814,1.056217433450815
2020-04-15,1712.25,0.2634826084001569,0.22022716968087505,1.0557284766954247
2020-04-16,1717.85,0.27863349641313934,0.2634826084001569,1.0565925669356835
2020-04-17,1693.15,0.2745785370070243,0.27863349641313934,1.0523435165000086
2020-04-20,1684.95,0.28293102925730024,0.2745785370070243,1.0509398471492881
2020-04-21,1678.6,0.2829206269130181,0.28293102925730024,1.0498104833024973
2020-04-22,1702.65,0.2850110662415504,0.2829206269130181,1.0540659016765521
2020-04-23,1727.55,0.46909440165074034,0.2850110662415504,1.0584571255898239
2020-04-24,1727.25,0.47731818887629335,0.46909440165074034,1.0581760580691872
2020-04-27,1717.25,0.4707157576957872,0.47731818887629335,1.055243131338301
2020-04-28,1708.1,0.4647652193085111,0.4707157576957872,1.0525894999861072
2020-04-29,1706.0,0.4634242654286482,0.4647652193085111,1.0519817877216548
2020-04-30,1716.75,0.48536573400046057,0.4634242654286482,1.0550523432335253
2020-05-01,1673.05,0.4227561638549377,0.48536573400046057,1.0419939998105114
2020-05-04,1703.7,0.41018438117930905,0.4227561638549377,1.0499988202977748
2020-05-05,1696.3,0.4137604132295199,0.41018438117930905,1.0481149096860936
2020-05-06,1698.9,0.4281638941394921,0.4137604132295199,1.0487758659449218
2020-05-07,1688.65,0.42861574384570955,0.4281638941394921,1.0460515118329146
2020-05-11,1698.8,0.427808983191261,0.42861574384570955,1.0487459697942632
2020-05-12,1703.45,0.43105372455129126,0.427808983191261,1.0499732157153903
2020-05-13,1699.85,0.5337313126980479,0.43105372455129126,1.0490133137608348
2020-05-14,1716.4,0.5208699262448362,0.5337313126980479,1.0543567906127014
2020-05-15,1734.85,0.5081364943106289,0.5208699262448362,1.060246528667426
2020-05-18,1756.9,0.5224516967673686,0.5081364943106289,1.067080557553898
2020-05-19,1735.25,0.8382649178961025,0.5224516967673686,1.0601953220724876
2020-05-20,1750.05,0.8355906790076006,0.8382649178961025,1.0674404570301916
2020-05-21,1732.8,0.505415822770065,0.8355906790076006,1.0586458411405884
2020-05-22,1732.45,0.5311946179745868,0.505415822770065,1.0581882294225042
2020-05-26,1722.75,0.8779291825420209,0.5311946179745868,1.0550137268725341
2020-05-27,1705.15,0.5175087071711847,0.8779291825420209,1.0451853711232755
2020-05-28,1723.3,0.5071650047305925,0.7026417833574294,1.0528191853035112
2020-05-29,1725.65,0.507478553354785,0.6883265809006898,1.0537923377757488
2020-06-01,1734.8,0.5087600272498443,0.507478553354785,1.0564373363088853
2020-06-02,1740.25,0.6,0.5087600272498443,1.058124493193159
2020-06-03,1717.6,0.0,0.6,1.0497648200121923
2020-06-04,1706.45,0.0,0.4392560112126491,1.0466026917248579
2020-06-05,1709.55,0.0,0.092521446645215,1.0464157091494766
2020-06-08,1692.0,0.6,0.092521446645215,1.045421810778087
2020-06-09,1707.5,1.0,0.6,1.0506373944196457
2020-06-10,1717.65,1.0,1.0,1.0564625096248996
2020-06-11,1731.9,0.6,1.0,1.0652271536223117
2020-06-12,1735.85,1.0,0.907478553354785,1.0673333144228767
2020-06-15,1710.4,0.9953426119122255,1.0,1.0515859571274326
2020-06-16,1728.35,1.0,1.0,1.0626219533449472
2020-06-17,1717.3,1.0,1.0,1.0558282063698199
2020-06-18,1732.65,0.6,1.0,1.065265673887305
2020-06-19,1728.55,0.6,0.6,1.0633271135400293
2020-06-22,1745.45,1.0,0.6,1.0695647907442154
2020-06-23,1756.6,1.0,1.0,1.0759693847865517
2020-06-24,1775.7,0.6,1.0,1.087668698944256
2020-06-25,1758.55,1.0,0.6,1.0809307025284074
2020-06-26,1762.1,0.6,1.0,1.082680414347351
2020-06-29,1768.8,1.0,0.8,1.08575720271877
2020-06-30,1770.7,1.0,1.0,1.0867063440672167
2020-07-01,1787.4,1.0,1.0,1.0969553958241052
2020-07-02,1771.85,1.0,1.0,1.0874121170923914
2020-07-03,1774.65,1.0,1.0,1.089130520979774
2020-07-06,1774.4,1.0,1.0,1.0889770920612576
2020-07-07,1775.5,1.0,1.0,1.0896521793027292
2020-07-08,1799.35,1.0,1.0,1.1042892981291836
2020-07-09,1812.45,1.0,1.0,1.1123289734594377
2020-07-10,1805.75,1.0,1.0,1.108217078443201
2020-07-13,1808.05,1.0,1.0,1.109628624493551
2020-07-14,1798.2,1.0,1.0,1.103583525104009
2020-07-15,1809.3,1.0,1.0,1.1103957690861324
2020-07-16,1804.6,1.0,1.0,1.1075113054180261
2020-07-17,1802.9,1.0,1.0,1.1064679887721154
2020-07-20,1810.3,1.0,1.0,1.1110094847601977
2020-07-21,1823.2,1.0,1.0,1.1189264169556385
2020-07-22,1851.0,1.0,1.0,1.1359877126946505
2020-07-23,1882.35,1.0,1.0,1.155227699076594
2020-07-24,1893.85,1.0,1.0,1.1622854293283433
2020-07-27,1940.55,1.0,1.0,1.1909459513071872
2020-07-28,1931.65,1.0,1.0,1.1854838818080071
2020-07-29,1954.35,1.0,1.0,1.1994152276092864
2020-07-30,1952.2,1.0,1.0,1.1980957389100464
2020-07-31,1974.7,1.0,1.0,1.2119043415765132
2020-08-03,1972.95,1.0,1.0,1.210830339146899
2020-08-04,1972.25,1.0,1.0,1.2104007381750534
2020-08-05,2034.45,0.8831785184093848,1.0,1.248573853101908
2020-08-06,2049.15,0.8832053416411668,0.8831785184093848,1.2563956942007721
2020-08-07,2061.5,0.9081638646626675,0.8832053416411668,1.263083430573582
2020-08-10,2030.3,0.8149204320993314,0.9081638646626675,1.2456911947601976
2020-08-11,1996.6,0.7545249812876288,0.8149204320993314,1.2287252213902833
2020-08-12,1931.7,0.6116324393785615,0.7545249812876288,1.198515260465772
2020-08-13,1931.0,0.61334000372486,0.6116324393785615,1.1980783622049065
2020-08-14,1948.3,0.6129199615457468,0.61334000372486,1.204659717961304
2020-08-17,1949.85,0.612173075669845,0.6129199615457468,1.205246625586534
2020-08-18,2005.15,0.5722849849945185,0.612173075669845,1.2261711402906375
2020-08-19,1993.15,0.5730461824250633,0.5722849849945185,1.2219227283876426
2020-08-20,1928.05,0.5166652180807729,0.5730461824250633,1.1990513660968647
2020-08-21,1932.85,0.5176991014906964,0.5166652180807729,1.2005260663329826
2020-08-24,1947.55,0.544272267061473,0.5176991014906964,1.2052516355944232
2020-08-25,1925.45,0.5383914973566445,0.544272267061473,1.1977757585931508
2020-08-26,1918.5,0.5458230490873972,0.5383914973566445,1.1954410186917144
2020-08-27,1938.8,0.5391979970804827,0.5458230490873972,1.2023363489476688
2020-08-28,1955.85,0.5422500824791208,0.5391979970804827,1.208029574781617
2020-09-01,1987.95,0.5284537483741776,0.5422500824791208,1.218776833797529
2020-09-02,1969.0,0.5237284866999135,0.5284537483741776,1.2126204919037646
2020-09-03,1934.1,0.34040968735500365,0.5237284866999135,1.201358069247013
2020-09-04,1937.6,0.34328216864938504,0.34040968735500365,1.2018778918808242
2020-09-07,1928.4,0.34626200015287084,0.34328216864938504,1.1999154356422033
2020-09-08,1920.6,0.3521617590898338,0.34626200015287084,1.198231304233326
2020-09-09,1928.4,0.3593638034955217,0.3521617590898338,1.19993795759748
2020-09-10,1944.8,0.4086944106044276,0.3593638034955217,1.203596559939591
2020-09-11,1944.5,0.4087126085398948,0.4086944106044276,1.2034613060312163
2020-09-14,1942.3,0.4136406397487716,0.4087126085398948,1.2029047844746172
2020-09-15,1963.55,0.40616780463818686,0.4136406397487716,1.2083425928003693
2020-09-16,1964.8,0.4701980796240533,0.40616780463818686,1.208646000896424
2020-09-17,1936.1,0.4555388233422367,0.4701980796240533,1.2002673604924528
2020-09-18,1954.75,0.9558389704200866,0.4555388233422367,1.205516657830372
2020-09-21,1930.9,0.5481202770603876,0.9558389704200866,1.1908545156689399
2020-09-22,1906.0,0.5351049811224493,0.5692766512080603,1.1816519579443747
2020-09-23,1888.1,0.540473468027258,0.5692584532725931,1.1753346698880947
2020-09-24,1861.75,0.5185738440932043,0.5643304220637163,1.1660722961290293
2020-09-25,1870.05,0.8897804594352315,0.5643304220637163,1.1690059959219983
2020-09-28,1850.95,0.9039027481851131,0.8897804594352315,1.1580017461764436
2020-09-29,1882.4,0.8983427788558522,0.9039027481851131,1.1757705159733143
2020-09-30,1883.4,0.9087603836346455,0.8983427788558522,1.176325094828482
2020-10-01,1895.55,0.9632140310851182,0.9087603836346455,1.1832090500550936
2020-10-02,1906.4,0.9524260439749076,0.9632140310851182,1.1896680916175586
2020-10-05,1899.65,0.9548381093739301,0.9524260439749076,1.1856433877912222
2020-10-06,1912.5,0.9435801350461641,0.9548381093739301,1.1932984927019998
2020-10-07,1888.0,0.9092622198547146,0.9435801350461641,1.178860832462697
2020-10-08,1891.35,0.9317071695468172,0.9092622198547146,1.180722306299239
2020-10-09,1912.4,0.8936837902159493,0.9317071695468172,1.1929393562508415
2020-10-12,1919.8,0.8888213000093443,0.8936837902159493,1.1970192937703361
2020-10-13,1920.8,0.9230119930929007,0.8888213000093443,1.1975676644648385
2020-10-14,1896.45,0.8918568477093965,0.9230119930929007,1.1835139413780682
2020-10-15,1891.7,0.9364499898316738,0.8918568477093965,1.1808333166544962
2020-10-16,1908.2,0.9417141009929669,0.9364499898316738,1.1904257181221187
2020-10-19,1910.0,0.9794882445329404,0.9417141009929669,1.1914769262942346
2020-10-20,1906.35,1.0,0.9794882445329404,1.1892017164482875
2020-10-21,1918.95,0.6,1.0,1.1970373398993892
2020-10-22,1916.85,0.6,0.6,1.1957725393732508
2020-10-23,1910.6,0.6,0.6,1.1934332081670271
2020-10-26,1901.6,0.0,0.6,1.190060163404072
2020-10-27,1898.9,0.0,0.06355001016832618,1.1893143742228094
2020-10-28,1896.85,0.0,0.05828589900703307,1.1892332773040843
2020-10-29,1876.85,0.0,0.020511755467059634,1.1889311574482244
2020-10-30,1875.8,0.0,0.0,1.1889067703830558
2020-11-02,1886.75,0.0,0.0,1.1889067703830558
2020-11-03,1899.85,0.0,0.0,1.1889067703830558
2020-11-04,1888.55,0.6,0.0,1.1889067703830558
2020-11-05,1916.8,0.6,0.6,1.1988640306246532
2020-11-06,1947.95,0.6,0.6,1.2105537054641642
2020-11-09,1957.45,0.6,0.6,1.2140959709849146
2020-11-10,1874.9,0.43419412809867713,0.6,1.1833753020314892
2020-11-11,1876.2,0.0,0.6,1.183867612413688
2020-11-12,1868.0,0.0,0.6,1.1807631306670323
2020-11-13,1878.2,0.4485987443664118,0.6,1.1846315837503738
2020-11-16,1885.6,0.44703490572942106,0.4485987443664118,1.186546009992815
2020-11-17,1885.4,0.44718006196218124,0.44703490572942106,1.1864878935561756
2020-11-18,1877.2,0.45070046246962814,0.44718006196218124,1.1841801449091367
2020-11-19,1857.4,0.44347290935990374,0.45070046246962814,1.1785465979663927
2020-11-20,1867.0,0.44039794022065754,0.44347290935990374,1.1812394224212317
2020-11-23,1863.8,0.0,0.44039794022065754,1.1803441515244297
2020-11-24,1818.1,0.40402152813539555,0.0036655567402070766,1.1797225691980036
2020-11-25,1808.55,0.4035192125628268,0.40402152813539555,1.176746631071524
2020-11-26,1814.85,0.40629019780685965,0.40402152813539555,1.1784027728007083
2020-11-27,1808.05,0.406098605954352,0.40629019780685965,1.1766061991982095
2020-11-30,1771.95,0.0,0.406098605954352,1.167065731655735
2020-12-01,1796.2,0.0,0.4026246410666526,1.1734923432246058
2020-12-02,1832.95,0.35865128183066425,0.4026246410666526,1.1831591549970053
2020-12-03,1834.8,0.3710221113495223,0.4026246410666526,1.1836399551856054
2020-12-04,1839.3,0.38769009153039696,0.3710221113495223,1.1846796173389171
2020-12-07,1832.8,0.3911042136167366,0.38769009153039696,1.183036766914237
2020-12-08,1864.5,0.49153059561378276,0.3911042136167366,1.1910353981472301
2020-12-09,1859.8,0.4910932027401777,0.49153059561378276,1.189440043895715
2020-12-10,1834.2,0.4743219635422481,0.4910932027401777,1.1813990765154796
2020-12-11,1833.65,0.47851052271274996,0.4743219635422481,1.1812112333622564
2020-12-14,1820.25,0.7965102342298864,0.47851052271274996,1.1770757402307352
2020-12-15,1844.3,0.7627030712319992,0.7965102342298864,1.1890888204637888
2020-12-16,1861.35,0.7501797370432635,0.7627030712319992,1.1974328396378173
2020-12-17,1871.95,0.761931789328714,0.7501797370432635,1.2025334171277644
2020-12-18,1880.0,0.7630522379696753,0.761931789328714,1.2064594541957476
2020-12-21,1869.25,0.7582507545303908,0.7630522379696753,1.2011940813798148
2020-12-22,1873.3,0.8757318402969981,0.7582507545303908,1.2031617072541025
2020-12-23,1867.1,0.8809659505430032,0.8757318402969981,1.199533137296681
2020-12-29,1873.9,0.8808253611628122,0.8809659505430032,1.203375546817982
2020-12-30,1877.55,0.8880005927656637,0.8808253611628122,1.2054399848763206
2020-12-31,1891.0,1.0,0.8880005927656637,1.2130994682988496
2021-01-04,1930.8,0.5785339623113941,1.0,1.2384957852927636
2021-01-05,1946.55,0.6,0.5785339623113941,1.243818561074341
2021-01-06,1957.2,0.6,0.6,1.247874982949122
2021-01-07,1911.05,0.8581227846655664,0.6,1.2302203445484161
2021-01-08,1891.3,0.5002863434109915,0.8581227846655664,1.2189927303856571
2021-01-11,1847.8,0.0,0.5002863434109915,1.2045300535585544
2021-01-12,1861.85,0.4650902360973162,0.3915882295885086,1.2079856052113878
2021-01-13,1852.4,0.8033293374059323,0.4650902360973162,1.205045232295544
2021-01-14,1840.25,0.47703685459073886,0.8033293374059323,1.1982881541651162
2021-01-15,1853.85,0.7978986243106281,0.66986389248299,1.2040603439539341
2021-01-18,1833.95,0.0,0.7978986243106281,1.193593433250105
2021-01-19,1843.1,0.8165420296154757,0.5397758396450617,1.19649976583505
2021-01-20,1854.6,0.815262688368493,0.8165420296154757,1.2022645470037783
2021-01-21,1867.65,0.8092991957080006,0.8165420296154757,1.2091723324616424
2021-01-22,1853.6,0.8052499187311926,0.8092991957080006,1.201801874171793
2021-01-25,1855.6,0.8060246656226184,0.8052499187311926,1.2028411929627147
2021-01-26,1853.2,0.8074103824027601,0.8060246656226184,1.2015863015864447
2021-01-27,1846.4,0.48520700079202045,0.8074103824027601,1.1980247519308387
2021-01-28,1839.65,0.0,0.48520700079202045,1.1955136860949578
2021-01-29,1852.7,0.48529025950165405,0.002160463671567525,1.1949545195153815
2021-02-01,1857.8,0.9133471192303866,0.48529025950165405,1.1959735142895735
2021-02-02,1847.1,0.0,0.9133471192303866,1.189170242830668
2021-02-03,1834.7,0.0,0.9133471192303866,1.1818788386441097
2021-02-04,1811.55,0.0,0.9125723723389607,1.1682689231860364
2021-02-05,1808.55,0.0,0.9111866555588191,1.1665044309784558
2021-02-08,1811.65,0.0,0.9111866555588191,1.1683263325795115
2021-02-09,1846.55,0.0,0.9111866555588191,1.1888343012208584
2021-02-10,1843.45,0.0,0.42805685972873253,1.1874056143669958
2021-02-11,1841.7,0.0,0.0,1.1868973372484857
2021-02-12,1818.0,0.0,0.0,1.1868973372484857
2021-02-15,1817.45,0.0,0.0,1.1868973372484857
2021-02-16,1823.45,0.0,0.0,1.1868973372484857
2021-02-17,1788.85,0.0,0.0,1.1868973372484857
2021-02-18,1782.8,0.0,0.0,1.1868973372484857
2021-02-19,1773.75,0.0,0.0,1.1868973372484857
2021-02-22,1798.8,0.0,0.0,1.1868973372484857
2021-02-23,1809.5,0.0,0.0,1.1868973372484857
2021-02-24,1807.25,0.0,0.0,1.1868973372484857
2021-02-25,1792.1,0.0,0.0,1.1868973372484857
2021-02-26,1765.1,0.0,0.0,1.1868973372484857
2021-03-01,1746.95,0.0,0.0,1.1868973372484857
2021-03-02,1728.5,0.0,0.0,1.1868973372484857
2021-03-03,1727.05,0.0,0.0,1.1868973372484857
2021-03-04,1710.05,0.0,0.0,1.1868973372484857
2021-03-05,1696.05,0.0,0.0,1.1868973372484857
2021-03-08,1694.45,0.0,0.0,1.1868973372484857
2021-03-09,1702.85,0.0,0.0,1.1868973372484857
2021-03-10,1711.5,0.0,0.0,1.1868973372484857
2021-03-11,1736.35,0.0,0.0,1.1868973372484857
2021-03-12,1703.85,0.0,0.0,1.1868973372484857
2021-03-15,1727.9,0.0,0.0,1.1868973372484857
2021-03-16,1732.3,0.0,0.0,1.1868973372484857
2021-03-17,1736.95,0.0,0.0,1.1868973372484857
2021-03-18,1734.1,0.0,0.0,1.1868973372484857
2021-03-19,1737.2,0.0,0.0,1.1868973372484857
2021-03-22,1733.4,0.0,0.0,1.1868973372484857
2021-03-23,1739.25,0.0,0.0,1.1868973372484857
2021-03-24,1734.05,0.0,0.0,1.1868973372484857
2021-03-25,1729.2,0.0,0.0,1.1868973372484857
2021-03-26,1727.85,0.0,0.0,1.1868973372484857
2021-03-29,1723.95,0.0,0.0,1.1868973372484857
2021-03-30,1696.7,0.0,0.0,1.1868973372484857
2021-03-31,1685.35,0.0,0.0,1.1868973372484857
2021-04-01,1712.85,0.0,0.0,1.1868973372484857
2021-04-06,1731.05,0.0,0.0,1.1868973372484857
2021-04-07,1736.0,0.0,0.0,1.1868973372484857
2021-04-08,1743.7,0.0,0.0,1.1868973372484857
2021-04-09,1747.95,0.0,0.0,1.1868973372484857
2021-04-12,1741.55,0.0,0.0,1.1868973372484857
2021-04-13,1728.1,0.0,0.0,1.1868973372484857
2021-04-14,1743.3,0.0,0.0,1.1868973372484857
2021-04-15,1748.0,0.0,0.0,1.1868973372484857
2021-04-16,1766.45,0.0,0.0,1.1868973372484857
2021-04-19,1788.4,0.0,0.0,1.1868973372484857
2021-04-20,1765.5,0.0,0.0,1.1868973372484857
2021-04-21,1781.05,0.0,0.0,1.1868973372484857
2021-04-22,1785.65,0.0,0.0,1.1868973372484857
2021-04-23,1785.3,0.0,0.0,1.1868973372484857
2021-04-26,1779.65,0.0,0.0,1.1868973372484857
2021-04-27,1780.9,0.0,0.0,1.1868973372484857
2021-04-28,1764.15,0.0,0.0,1.1868973372484857
2021-04-29,1774.65,0.0,0.0,1.1868973372484857
2021-04-30,1768.8,0.0,0.0,1.1868973372484857
2021-05-04,1784.95,0.0,0.0,1.1868973372484857
2021-05-05,1778.05,0.0,0.0,1.1868973372484857
2021-05-06,1793.15,0.0,0.0,1.1868973372484857
2021-05-07,1820.5,0.0,0.0,1.1868973372484857
2021-05-10,1834.15,0.0,0.0,1.1868973372484857
2021-05-11,1837.15,0.0,0.0,1.1868973372484857
2021-05-12,1833.6,0.0,0.0,1.1868973372484857
2021-05-13,1814.3,0.0,0.0,1.1868973372484857
2021-05-14,1833.5,0.0,0.0,1.1868973372484857
2021-05-17,1848.45,0.0,0.0,1.1868973372484857
2021-05-18,1867.4,0.6,0.0,1.1868973372484857
2021-05-19,1860.0,0.0,0.6,1.1833631873984642
2021-05-20,1869.35,0.0,0.6,1.186932363463682
2021-05-21,1877.65,1.0,0.6,1.190094384043054
2021-05-25,1882.8,1.0,1.0,1.1928825254910034
2021-05-26,1904.3,1.0,1.0,1.2065042454283608
2021-05-27,1895.05,1.0,1.0,1.2006437380134511
2021-05-28,1892.45,1.0,1.0,1.1989964602535848
2021-06-01,1907.7,1.0,1.0,1.208658377883571
2021-06-02,1895.9,1.0,1.0,1.2011822711272537
2021-06-04,1869.55,1.0,1.0,1.184487744599376
2021-06-07,1882.05,1.0,1.0,1.1924073492141185
2021-06-08,1892.05,1.0,1.0,1.1987430329059126
2021-06-09,1890.45,1.0,1.0,1.1977293235152255
2021-06-10,1882.0,1.0,1.0,1.1923756707956594
2021-06-11,1891.95,1.0,1.0,1.1986796760689946
2021-06-14,1859.75,1.0,1.0,1.1782787745814174
2021-06-15,1863.85,1.0,1.0,1.1808764048950529
2021-06-16,1858.1,1.0,1.0,1.1772333867722713
2021-06-17,1806.75,0.0,1.0,1.1446996510149083
2021-06-18,1792.35,0.0,0.0,1.1435549513638934
2021-06-21,1782.45,0.0,0.0,1.1435549513638934
2021-06-22,1779.1,0.0,0.0,1.1435549513638934
2021-06-23,1782.9,0.0,0.0,1.1435549513638934
2021-06-24,1780.2,0.0,0.0,1.1435549513638934
2021-06-25,1783.25,0.0,0.0,1.1435549513638934
2021-06-28,1774.25,0.0,0.0,1.1435549513638934
2021-06-29,1769.6,0.0,0.0,1.1435549513638934
2021-06-30,1757.8,0.0,0.0,1.1435549513638934
2021-07-01,1774.0,0.0,0.0,1.1435549513638934
2021-07-02,1783.5,0.0,0.0,1.1435549513638934
2021-07-05,1790.95,0.0,0.0,1.1435549513638934
2021-07-06,1807.8,0.0,0.0,1.1435549513638934
2021-07-07,1804.25,0.0,0.0,1.1435549513638934
2021-07-08,1810.25,0.0,0.0,1.1435549513638934
2021-07-09,1803.4,0.0,0.0,1.1435549513638934
2021-07-12,1802.95,0.0,0.0,1.1435549513638934
2021-07-13,1807.85,0.0,0.0,1.1435549513638934
2021-07-14,1813.05,0.0,0.0,1.1435549513638934
2021-07-15,1832.0,0.6,0.0,1.1435549513638934
2021-07-16,1822.0,0.0,0.6,1.1391235510851148
2021-07-19,1803.25,0.0,0.6,1.1320899945814333
2021-07-20,1815.3,0.0,0.6,1.1366290272506825
2021-07-21,1805.9,0.0,0.6,1.1330976067065885
2021-07-22,1797.4,0.0,0.6,1.1298976522272688
2021-07-23,1803.05,0.0,0.6,1.1320287043253272
2021-07-26,1808.15,0.0,0.6,1.133949897767126
2021-07-27,1797.15,0.0,0.0,1.1332695278284657
2021-07-28,1799.3,0.0,0.0,1.1332695278284657
2021-07-29,1819.45,0.0,0.0,1.1332695278284657
2021-07-30,1828.25,0.0,0.0,1.1332695278284657
2021-08-02,1807.55,0.0,0.0,1.1332695278284657
2021-08-03,1809.7,0.0,0.0,1.1332695278284657
2021-08-04,1812.45,0.0,0.0,1.1332695278284657
2021-08-05,1811.2,0.0,0.0,1.1332695278284657
2021-08-06,1799.45,0.0,0.0,1.1332695278284657
2021-08-09,1741.5,0.0,0.0,1.1332695278284657
2021-08-10,1729.55,0.0,0.0,1.1332695278284657
2021-08-11,1734.05,0.0,0.0,1.1332695278284657
2021-08-12,1755.5,0.0,0.0,1.1332695278284657
2021-08-13,1757.65,0.0,0.0,1.1332695278284657
2021-08-16,1775.75,0.0,0.0,1.1332695278284657
2021-08-17,1794.05,0.0,0.0,1.1332695278284657
2021-08-18,1788.1,0.0,0.0,1.1332695278284657
2021-08-19,1788.2,0.0,0.0,1.1332695278284657
2021-08-20,1782.95,0.0,0.0,1.1332695278284657
2021-08-23,1786.9,0.0,0.0,1.1332695278284657
2021-08-24,1802.95,0.0,0.0,1.1332695278284657
2021-08-25,1794.7,0.0,0.0,1.1332695278284657
2021-08-26,1783.8,0.0,0.0,1.1332695278284657
2021-08-27,1795.5,0.0,0.0,1.1332695278284657
2021-08-30,1798.5,0.0,0.0,1.1332695278284657
2021-08-31,1814.3,0.5454660937924568,0.0,1.1332695278284657
2021-09-01,1811.8,0.5454405707129271,0.5454660937924568,1.1317995790159934
2021-09-02,1815.15,0.5450623630057376,0.5454660937924568,1.1329410683025194
2021-09-03,1812.05,0.5515354354254054,0.5454660937924568,1.131885650892953
2021-09-06,1823.85,0.6,0.5515354354254054,1.1359440362092377
2021-09-07,1810.75,0.6,0.6,1.1309935585937447
2021-09-08,1797.95,0.0,0.6,1.1261966343744985
2021-09-09,1795.35,0.0,0.6,1.125219484426155
2021-09-10,1799.9,0.0,0.05453390620754317,1.124761228142325
2021-09-13,1787.85,0.0,0.05453390620754317,1.124350584017083
2021-09-14,1788.65,0.0,0.05453390620754317,1.1243780204258615
2021-09-15,1801.4,0.0,0.04846456457459458,1.1247596339868005
2021-09-16,1781.45,0.0,0.0,1.1247051230008882
2021-09-17,1766.1,0.0,0.0,1.1247051230008882
2021-09-20,1757.15,0.0,0.0,1.1247051230008882
2021-09-21,1766.45,0.0,0.0,1.1247051230008882
2021-09-22,1775.35,0.0,0.0,1.1247051230008882
2021-09-23,1771.05,0.0,0.0,1.1247051230008882
2021-09-24,1755.15,0.0,0.0,1.1247051230008882
2021-09-27,1749.15,0.0,0.0,1.1247051230008882
2021-09-28,1739.65,0.0,0.0,1.1247051230008882
2021-09-29,1741.65,0.0,0.0,1.1247051230008882
2021-09-30,1730.95,0.0,0.0,1.1247051230008882
2021-10-01,1755.6,0.0,0.0,1.1247051230008882
2021-10-04,1751.85,0.0,0.0,1.1247051230008882
2021-10-05,1758.0,0.0,0.0,1.1247051230008882
2021-10-06,1748.25,0.0,0.0,1.1247051230008882
2021-10-07,1758.55,0.0,0.0,1.1247051230008882
2021-10-08,1757.5,0.0,0.0,1.1247051230008882
2021-10-11,1752.55,0.0,0.0,1.1247051230008882
2021-10-12,1759.1,0.0,0.0,1.1247051230008882
2021-10-13,1767.45,0.0,0.0,1.1247051230008882
2021-10-14,1797.15,0.0,0.0,1.1247051230008882
2021-10-15,1781.45,0.0,0.0,1.1247051230008882
2021-10-18,1762.45,0.0,0.0,1.1247051230008882
2021-10-19,1779.4,0.0,0.0,1.1247051230008882
2021-10-20,1778.15,0.0,0.0,1.1247051230008882
2021-10-21,1785.3,0.0,0.0,1.1247051230008882
2021-10-22,1792.3,0.0,0.0,1.1247051230008882
2021-10-25,1799.2,0.0,0.0,1.1247051230008882
2021-10-26,1801.9,0.0,0.0,1.1247051230008882
2021-10-27,1783.85,0.0,0.0,1.1247051230008882
2021-10-28,1798.2,0.0,0.0,1.1247051230008882
2021-10-29,1796.3,0.0,0.0,1.1247051230008882
2021-11-02,1791.5,0.0,0.0,1.1247051230008882
2021-11-03,1781.85,0.0,0.0,1.1247051230008882
2021-11-04,1778.1,0.0,0.0,1.1247051230008882
2021-11-05,1793.2,0.6,0.0,1.1247051230008882
2021-11-08,1818.0,0.6,0.6,1.1333631195959777
2021-11-09,1824.4,0.6,0.6,1.1357570218947945
2021-11-10,1824.95,0.6,0.6,1.135962459198689
2021-11-11,1859.25,0.6,0.6,1.1487727320337304
2021-11-12,1850.0,0.6,0.6,1.1453435596993014
2021-11-15,1863.8,0.6,0.6,1.1504697460097393
2021-11-16,1872.25,0.6,0.6,1.1535993101326436
2021-11-17,1858.45,0.6,0.6,1.1484975329725964
2021-11-18,1860.5,0.6,0.6,1.1492576567131092
2021-11-19,1861.4,0.0,0.6,1.149591222493612
2021-11-22,1841.1,0.0,0.0,1.1489014677601157
2021-11-23,1797.3,0.0,0.0,1.1489014677601157
2021-11-24,1790.8,0.0,0.0,1.1489014677601157
2021-11-25,1790.65,0.0,0.0,1.1489014677601157
2021-11-26,1809.8,0.0,0.0,1.1489014677601157
2021-11-29,1795.0,0.0,0.0,1.1489014677601157
2021-11-30,1797.6,0.0,0.0,1.1489014677601157
2021-12-01,1786.8,0.0,0.0,1.1489014677601157
2021-12-02,1775.7,0.0,0.0,1.1489014677601157
2021-12-03,1773.5,0.0,0.0,1.1489014677601157
2021-12-06,1781.25,0.0,0.0,1.1489014677601157
2021-12-07,1779.65,0.0,0.0,1.1489014677601157
2021-12-08,1789.8,0.0,0.0,1.1489014677601157
2021-12-09,1783.4,0.0,0.0,1.1489014677601157
2021-12-10,1771.9,0.0,0.0,1.1489014677601157
2021-12-13,1784.45,0.0,0.0,1.1489014677601157
2021-12-14,1782.35,0.0,0.0,1.1489014677601157
2021-12-15,1769.4,0.0,0.0,1.1489014677601157
2021-12-16,1785.15,0.0,0.0,1.1489014677601157
2021-12-17,1807.5,0.0,0.0,1.1489014677601157
2021-12-20,1797.4,0.0,0.0,1.1489014677601157
2021-12-21,1795.85,0.6,0.0,1.1489014677601157
2021-12-22,1789.9,0.0,0.6,1.145928206596639
2021-12-23,1805.55,0.6,0.6,1.1519398641528948
2021-12-24,1786.05,0.0,0.6,1.1444752708652048
2021-12-29,1796.35,0.6,0.6,1.148435326392176
2021-12-30,1799.25,0.6,0.6,1.1495477362610338
2021-12-31,1820.1,0.6,0.6,1.1575404233143203
2022-01-04,1809.05,0.6,0.6,1.1533239005921765
2022-01-05,1818.5,0.0,0.6,1.1569386964885626
2022-01-06,1804.95,0.0,0.0,1.1562445332706695
2022-01-07,1792.2,0.0,0.0,1.1562445332706695
2022-01-10,1800.55,0.0,0.0,1.1562445332706695
2022-01-11,1805.2,0.0,0.0,1.1562445332706695
2022-01-12,1816.4,0.0,0.0,1.1562445332706695
2022-01-13,1822.4,0.0,0.0,1.1562445332706695
2022-01-14,1822.25,0.0,0.0,1.1562445332706695
2022-01-17,1820.05,0.0,0.0,1.1562445332706695
2022-01-18,1810.8,0.0,0.0,1.1562445332706695
2022-01-19,1817.5,0.0,0.0,1.1562445332706695
2022-01-20,1836.7,0.0,0.0,1.1562445332706695
2022-01-21,1834.25,0.0,0.0,1.1562445332706695
2022-01-24,1838.25,0.0,0.0,1.1562445332706695
2022-01-25,1835.65,0.0,0.0,1.1562445332706695
2022-01-26,1845.2,0.0,0.0,1.1562445332706695
2022-01-27,1815.5,0.0,0.0,1.1562445332706695
2022-01-28,1790.2,0.0,0.0,1.1562445332706695
2022-01-31,1790.6,0.0,0.0,1.1562445332706695
2022-02-01,1806.5,0.0,0.0,1.1562445332706695
2022-02-02,1802.0,0.0,0.0,1.1562445332706695
2022-02-03,1803.75,0.0,0.0,1.1562445332706695
2022-02-04,1814.55,0.0,0.0,1.1562445332706695
2022-02-07,1811.15,0.0,0.0,1.1562445332706695
2022-02-08,1821.0,0.0,0.0,1.1562445332706695
2022-02-09,1828.1,0.0,0.0,1.1562445332706695
2022-02-10,1832.3,0.0,0.0,1.1562445332706695
2022-02-11,1826.25,0.0,0.0,1.1562445332706695
2022-02-14,1855.8,0.0,0.0,1.1562445332706695
2022-02-15,1855.1,0.0,0.0,1.1562445332706695
2022-02-16,1854.4,0.6,0.0,1.1562445332706695
2022-02-17,1886.55,0.6,0.6,1.1675783733964744
2022-02-18,1886.95,0.6,0.6,1.1677269084523252
2022-02-21,1895.45,0.6,0.6,1.1708830107513297
2022-02-22,1895.0,0.6,0.6,1.1707162226994672
2022-02-23,1895.7,0.0,0.6,1.170975695424287
2022-02-24,1968.35,0.0,0.6,1.197901279938474
2022-02-25,1912.15,0.0,0.6,1.1773799137385985
2022-02-28,1903.3,0.0,0.0,1.1766734857903554
2022-03-01,1920.45,0.0,0.0,1.1766734857903554
2022-03-02,1926.0,0.0,0.0,1.1766734857903554
2022-03-03,1935.4,0.0,0.0,1.1766734857903554
2022-03-04,1943.8,0.0,0.0,1.1766734857903554
2022-03-07,1999.25,0.0,0.0,1.1766734857903554
2022-03-08,2007.0,0.0,0.0,1.1766734857903554
2022-03-09,2017.15,0.0,0.0,1.1766734857903554
2022-03-10,1997.65,0.0,0.0,1.1766734857903554
2022-03-11,1991.45,0.3851691265382508,0.0,1.1766734857903554
2022-03-14,1961.6,0.0,0.3851691265382508,1.1694269429203372
2022-03-15,1928.75,0.0,0.3851691265382508,1.1618838495200572
2022-03-16,1918.75,0.0,0.3851691265382508,1.1595635810173557
2022-03-17,1941.4,0.0,0.3851691265382508,1.164835829239498
2022-03-18,1932.9,0.0,0.3851691265382508,1.1628714737276389
2022-03-21,1925.05,0.0,0.3851691265382508,1.161052428670976
2022-03-22,1929.35,0.0,0.3851691265382508,1.1620513464467273
2022-03-23,1932.15,0.0,0.0,1.1616037601446236
2022-03-24,1945.9,0.0,0.0,1.1616037601446236
2022-03-25,1956.65,0.0,0.0,1.1616037601446236
2022-03-28,1927.0,0.0,0.0,1.1616037601446236
2022-03-29,1911.05,0.0,0.0,1.1616037601446236
2022-03-30,1917.8,0.0,0.0,1.1616037601446236
2022-03-31,1924.1,0.0,0.0,1.1616037601446236
2022-04-01,1933.35,0.0,0.0,1.1616037601446236
2022-04-04,1927.1,0.0,0.0,1.1616037601446236
2022-04-05,1929.45,0.0,0.0,1.1616037601446236
2022-04-06,1929.0,0.0,0.0,1.1616037601446236
2022-04-07,1926.4,0.0,0.0,1.1616037601446236
2022-04-08,1931.2,0.0,0.0,1.1616037601446236
2022-04-11,1956.85,0.0,0.0,1.1616037601446236
2022-04-12,1951.4,0.0,0.0,1.1616037601446236
2022-04-13,1975.25,0.0,0.0,1.1616037601446236
2022-04-14,1970.6,0.0,0.0,1.1616037601446236
2022-04-19,1975.95,0.0,0.0,1.1616037601446236
2022-04-20,1947.55,0.0,0.0,1.1616037601446236
2022-04-21,1945.95,0.0,0.0,1.1616037601446236
2022-04-22,1942.0,0.0,0.0,1.1616037601446236
2022-04-25,1918.7,0.0,0.0,1.1616037601446236
2022-04-26,1903.4,0.0,0.0,1.1616037601446236
2022-04-27,1896.15,0.0,0.0,1.1616037601446236
2022-04-28,1890.0,0.0,0.0,1.1616037601446236
2022-04-29,1915.45,0.0,0.0,1.1616037601446236
2022-05-03,1857.9,0.0,0.0,1.1616037601446236
2022-05-04,1868.7,0.0,0.0,1.1616037601446236
2022-05-05,1895.2,0.0,0.0,1.1616037601446236
2022-05-06,1884.3,0.0,0.0,1.1616037601446236
2022-05-09,1865.4,0.0,0.0,1.1616037601446236
2022-05-10,1862.25,0.0,0.0,1.1616037601446236
2022-05-11,1851.75,0.0,0.0,1.1616037601446236
2022-05-12,1850.75,0.0,0.0,1.1616037601446236
2022-05-13,1824.2,0.0,0.0,1.1616037601446236
2022-05-16,1805.8,0.0,0.0,1.1616037601446236
2022-05-17,1828.05,0.0,0.0,1.1616037601446236
2022-05-18,1818.5,0.0,0.0,1.1616037601446236
2022-05-19,1825.55,0.0,0.0,1.1616037601446236
2022-05-20,1846.3,0.0,0.0,1.1616037601446236
2022-05-23,1864.3,0.0,0.0,1.1616037601446236
2022-05-24,1858.6,0.0,0.0,1.1616037601446236
2022-05-25,1859.05,0.0,0.0,1.1616037601446236
2022-05-26,1845.15,0.0,0.0,1.1616037601446236
2022-05-27,1858.95,0.0,0.0,1.1616037601446236
2022-05-30,1857.25,0.0,0.0,1.1616037601446236
2022-05-31,1854.4,0.0,0.0,1.1616037601446236
2022-06-01,1829.7,0.0,0.0,1.1616037601446236
2022-06-06,1851.5,0.0,0.0,1.1616037601446236
2022-06-07,1846.8,0.0,0.0,1.1616037601446236
2022-06-08,1848.35,0.0,0.0,1.1616037601446236
2022-06-09,1849.25,0.0,0.0,1.1616037601446236
2022-06-10,1843.35,0.0,0.0,1.1616037601446236
2022-06-13,1855.95,0.0,0.0,1.1616037601446236
2022-06-14,1823.65,0.0,0.0,1.1616037601446236
2022-06-15,1823.15,0.0,0.0,1.1616037601446236
2022-06-16,1831.55,0.0,0.0,1.1616037601446236
2022-06-17,1849.85,0.0,0.0,1.1616037601446236
2022-06-20,1841.2,0.0,0.0,1.1616037601446236
2022-06-21,1836.5,0.0,0.0,1.1616037601446236
2022-06-22,1827.3,0.0,0.0,1.1616037601446236
2022-06-23,1831.4,0.0,0.0,1.1616037601446236
2022-06-24,1826.5,0.0,0.0,1.1616037601446236
2022-06-27,1838.05,0.0,0.0,1.1616037601446236
2022-06-28,1827.0,0.0,0.0,1.1616037601446236
2022-06-29,1811.85,0.0,0.0,1.1616037601446236
2022-06-30,1813.6,0.0,0.0,1.1616037601446236
2022-07-01,1795.65,0.0,0.0,1.1616037601446236
2022-07-04,1807.05,0.0,0.0,1.1616037601446236
2022-07-05,1804.4,0.0,0.0,1.1616037601446236
2022-07-06,1766.65,0.0,0.0,1.1616037601446236
2022-07-07,1743.45,0.0,0.0,1.1616037601446236
2022-07-08,1737.05,0.0,0.0,1.1616037601446236
2022-07-11,1737.4,0.0,0.0,1.1616037601446236
2022-07-12,1734.35,0.0,0.0,1.1616037601446236
2022-07-13,1728.9,0.0,0.0,1.1616037601446236
2022-07-14,1716.15,0.0,0.0,1.1616037601446236
2022-07-15,1702.55,0.0,0.0,1.1616037601446236
2022-07-18,1723.65,0.0,0.0,1.1616037601446236
2022-07-19,1712.95,0.0,0.0,1.1616037601446236
2022-07-21,1686.55,0.0,0.0,1.1616037601446236
2022-07-22,1725.0,0.0,0.0,1.1616037601446236
2022-07-25,1731.95,0.0,0.0,1.1616037601446236
2022-07-26,1719.85,0.0,0.0,1.1616037601446236
2022-07-27,1723.95,0.0,0.0,1.1616037601446236
2022-07-28,1746.6,0.0,0.0,1.1616037601446236
2022-07-29,1758.9,0.0,0.0,1.1616037601446236
2022-08-01,1766.75,0.0,0.0,1.1616037601446236
2022-08-02,1772.9,0.0,0.0,1.1616037601446236
2022-08-03,1766.6,0.0,0.0,1.1616037601446236
2022-08-04,1777.9,0.0,0.0,1.1616037601446236
2022-08-05,1786.75,0.0,0.0,1.1616037601446236
2022-08-08,1775.7,0.0,0.0,1.1616037601446236
2022-08-09,1790.6,0.0,0.0,1.1616037601446236
2022-08-10,1793.5,0.0,0.0,1.1616037601446236
2022-08-11,1789.7,0.0,0.0,1.1616037601446236
2022-08-12,1788.45,0.0,0.0,1.1616037601446236
2022-08-15,1781.45,0.0,0.0,1.1616037601446236
2022-08-16,1776.15,0.0,0.0,1.1616037601446236
2022-08-17,1773.65,0.0,0.0,1.1616037601446236
2022-08-18,1765.6,0.0,0.0,1.1616037601446236
2022-08-19,1752.9,0.0,0.0,1.1616037601446236
2022-08-22,1732.8,0.0,0.0,1.1616037601446236
2022-08-23,1739.45,0.0,0.0,1.1616037601446236
2022-08-24,1752.0,0.0,0.0,1.1616037601446236
2022-08-25,1762.4,0.0,0.0,1.1616037601446236
2022-08-26,1752.1,0.0,0.0,1.1616037601446236
2022-08-30,1734.0,0.0,0.0,1.1616037601446236
2022-08-31,1712.4,0.0,0.0,1.1616037601446236
2022-09-01,1706.0,0.0,0.0,1.1616037601446236
2022-09-02,1706.9,0.0,0.0,1.1616037601446236
2022-09-05,1711.95,0.0,0.0,1.1616037601446236
2022-09-06,1712.5,0.0,0.0,1.1616037601446236
2022-09-07,1705.05,0.0,0.0,1.1616037601446236
2022-09-08,1720.25,0.0,0.0,1.1616037601446236
2022-09-09,1726.95,0.0,0.0,1.1616037601446236
2022-09-12,1726.5,0.0,0.0,1.1616037601446236
2022-09-13,1727.05,0.0,0.0,1.1616037601446236
2022-09-14,1703.8,0.0,0.0,1.1616037601446236
2022-09-15,1689.0,0.0,0.0,1.1616037601446236
2022-09-16,1664.3,0.0,0.0,1.1616037601446236
2022-09-20,1667.9,0.0,0.0,1.1616037601446236
2022-09-21,1674.45,0.0,0.0,1.1616037601446236
2022-09-22,1671.85,0.0,0.0,1.1616037601446236
2022-09-23,1661.45,0.0,0.0,1.1616037601446236
2022-09-26,1643.35,0.0,0.0,1.1616037601446236
2022-09-27,1632.6,0.0,0.0,1.1616037601446236
2022-09-28,1618.2,0.0,0.0,1.1616037601446236
2022-09-29,1646.6,0.0,0.0,1.1616037601446236
2022-09-30,1672.75,0.0,0.0,1.1616037601446236
2022-10-04,1709.15,0.0,0.0,1.1616037601446236
2022-10-05,1712.15,0.0,0.0,1.1616037601446236
2022-10-06,1716.0,0.0,0.0,1.1616037601446236
2022-10-07,1711.5,0.0,0.0,1.1616037601446236
2022-10-10,1680.05,0.0,0.0,1.1616037601446236
2022-10-11,1664.15,0.0,0.0,1.1616037601446236
2022-10-12,1672.3,0.0,0.0,1.1616037601446236
2022-10-13,1676.4,0.0,0.0,1.1616037601446236
2022-10-14,1655.15,0.0,0.0,1.1616037601446236
2022-10-17,1658.0,0.0,0.0,1.1616037601446236
2022-10-18,1652.25,0.0,0.0,1.1616037601446236
2022-10-19,1640.7,0.0,0.0,1.1616037601446236
2022-10-20,1633.2,0.0,0.0,1.1616037601446236
2022-10-21,1624.55,0.0,0.0,1.1616037601446236
2022-10-24,1646.35,0.0,0.0,1.1616037601446236
2022-10-25,1642.85,0.0,0.0,1.1616037601446236
2022-10-26,1670.8,0.0,0.0,1.1616037601446236
2022-10-27,1663.3,0.0,0.0,1.1616037601446236
2022-10-28,1649.25,0.0,0.0,1.1616037601446236
2022-10-31,1638.85,0.0,0.0,1.1616037601446236
2022-11-01,1652.55,0.0,0.0,1.1616037601446236
2022-11-02,1656.45,0.0,0.0,1.1616037601446236
2022-11-03,1620.65,0.0,0.0,1.1616037601446236
2022-11-04,1648.8,0.0,0.0,1.1616037601446236
2022-11-07,1679.9,0.0,0.0,1.1616037601446236
2022-11-08,1670.8,0.0,0.0,1.1616037601446236
2022-11-09,1705.15,0.0,0.0,1.1616037601446236
2022-11-10,1705.65,0.0,0.0,1.1616037601446236
2022-11-11,1764.75,0.0,0.0,1.1616037601446236
2022-11-14,1757.35,0.0,0.0,1.1616037601446236
2022-11-15,1775.1,0.0,0.0,1.1616037601446236
2022-11-16,1783.2,0.0,0.0,1.1616037601446236
2022-11-17,1764.55,0.0,0.0,1.1616037601446236
2022-11-18,1764.75,0.0,0.0,1.1616037601446236
2022-11-21,1739.65,0.0,0.0,1.1616037601446236
2022-11-22,1747.0,0.0,0.0,1.1616037601446236
2022-11-23,1735.75,0.0,0.0,1.1616037601446236
2022-11-24,1755.25,0.0,0.0,1.1616037601446236
2022-11-25,1753.55,0.0,0.0,1.1616037601446236
2022-11-28,1762.9,0.0,0.0,1.1616037601446236
2022-11-29,1755.35,0.0,0.0,1.1616037601446236
2022-11-30,1759.65,0.0,0.0,1.1616037601446236
2022-12-01,1779.6,0.0,0.0,1.1616037601446236
2022-12-02,1800.75,0.4551523864627325,0.0,1.1616037601446236
2022-12-05,1794.35,0.0,0.4551523864627325,1.159195990235872
2022-12-06,1773.35,0.0,0.4551523864627325,1.1530211485115642
2022-12-07,1771.85,0.0,0.4551523864627325,1.1525772426322507
2022-12-08,1782.45,0.0,0.4551523864627325,1.1557156244338744
2022-12-09,1793.0,0.0,0.4551523864627325,1.1588290817223406
2022-12-12,1790.6,0.0,0.4551523864627325,1.1581230777218297
2022-12-13,1785.15,0.0,0.4551523864627325,1.1565186895109492
2022-12-14,1808.2,0.6,0.0,1.1559922972694294
2022-12-15,1775.95,0.0,0.6,1.1429281394797397
2022-12-16,1780.15,0.0,0.6,1.1445499074976957
2022-12-19,1796.5,0.6,0.6,1.1508572605817349
2022-12-20,1806.35,1.0,0.6,1.1546432702728218
2022-12-21,1813.5,1.0,1.0,1.158751789349384
2022-12-22,1815.2,0.6,1.0,1.159838019314586
2022-12-23,1797.4,1.0,1.0,1.1484645526201174
2022-12-28,1802.65,1.0,1.0,1.1518190863361826
2022-12-29,1805.4,0.6,1.0,1.1535762230445978
2022-12-30,1812.35,0.6,0.6,1.1557792507641405
2023-01-03,1835.05,0.6,0.6,1.1644650528417786
2023-01-04,1857.55,0.6,0.6,1.1730317285254732
2023-01-05,1850.25,1.0,0.6,1.1702657846903455
2023-01-06,1834.5,1.0,1.0,1.159835950983483
2023-01-09,1873.8,0.9866783195881477,1.0,1.1846828045532027
2023-01-10,1875.2,0.9889205016456547,0.9866783195881477,1.1855403608169597
2023-01-11,1884.25,0.9909450814500002,0.9889205016456547,1.1911959080235803
2023-01-12,1883.1,0.9926350098560794,0.9909450814500002,1.1904730658442344
2023-01-13,1904.05,0.9822273220173204,0.9926350098560794,1.203617846473417
2023-01-16,1915.1,1.0,0.9822273220173204,1.2104662743969972
2023-01-17,1904.95,1.0,1.0,1.2040293088773175
2023-01-18,1911.55,1.0,1.0,1.2082008584920527
2023-01-19,1907.5,1.0,1.0,1.205641043955738
2023-01-20,1938.75,1.0,1.0,1.2253926993285384
2023-01-23,1927.2,1.0,1.0,1.2180924875027515
2023-01-24,1936.5,1.0,1.0,1.223970580141697
2023-01-25,1925.8,1.0,1.0,1.21720761334205
2023-01-26,1936.45,1.0,1.0,1.2239389774931004
2023-01-27,1928.25,1.0,1.0,1.2187561431232776
2023-01-30,1926.75,1.0,1.0,1.2178080636653832
2023-01-31,1905.2,1.0,1.0,1.2041873221203
2023-02-01,1925.6,1.0,1.0,1.2170812027476643
2023-02-02,1954.9,0.999284105835284,1.0,1.2356003548252021
2023-02-03,1910.0,0.8584671775704344,0.999284105835284,1.207240608314723
2023-02-06,1873.5,0.8602248454105088,0.8584671775704344,1.1872655089372877
2023-02-07,1873.8,0.8603326383574814,0.8602248454105088,1.18742696339813
2023-02-08,1880.75,0.8624017164676657,0.8603326383574814,1.1912159250044645
2023-02-09,1882.1,0.8623650296795792,0.8624017164676657,1.1919508597214532
2023-02-10,1864.1,0.8740427286512552,0.8623650296795792,1.1821202324458402
2023-02-13,1858.5,0.5308230673085431,0.8740427286512552,1.1790024893052273
2023-02-14,1860.5,0.8871646526985743,0.5308230673085431,1.1792713236917964
2023-02-15,1835.45,0.8608382416787851,0.8871646526985743,1.1647648297870508
2023-02-16,1837.3,0.8590278127104756,0.8608382416787851,1.1657447882269736
2023-02-17,1824.5,0.5643528344252339,0.8590278127104756,1.1587661294766223
2023-02-20,1844.2,0.538056107834324,0.5643528344252339,1.1654857131768455
2023-02-21,1833.2,0.0,0.538056107834324,1.1617146549073474
2023-02-22,1833.45,0.0,0.35634158539003113,1.1615600086678142
2023-02-23,1826.95,0.5545157540778867,0.35634158539003113,1.1600925953881538
2023-02-24,1824.1,0.0,0.5545157540778867,1.158859177983416
2023-02-27,1809.05,0.5508118230042273,0.19817416868785553,1.1565514187107122
2023-02-28,1810.2,0.0,0.5508118230042273,1.1565485382471223
2023-03-01,1833.5,0.0,0.5508118230042273,1.1647482102080953
2023-03-02,1831.75,0.6,0.5508118230042273,1.16413587047602
2023-03-03,1845.55,0.6,0.6,1.1693408143000423
2023-03-06,1851.7,0.6,0.6,1.1716787989684432
2023-03-07,1843.05,0.0,0.6,1.1683947826771184
2023-03-08,1813.35,0.0,0.40182583131214444,1.1605975774892645
2023-03-09,1817.5,0.0,0.049188176995772714,1.160318956911315
2023-03-10,1834.95,0.0,0.049188176995772714,1.16086692986879
2023-03-13,1882.1,0.0,0.049188176995772714,1.1623341680801327
2023-03-14,1901.45,0.0,0.0,1.162276994981345
2023-03-15,1906.0,0.5773546298599378,0.0,1.162276994981345
2023-03-16,1919.4,0.9552851741652637,0.5773546298599378,1.1663236910845163
2023-03-17,1930.9,0.5876448030586962,0.9552851741652637,1.172558412260847
2023-03-20,1981.95,0.8551581360278269,0.9552851741652637,1.2021728497792097
2023-03-21,1965.95,0.8458341227890429,0.9552851741652637,1.192901835675499
2023-03-22,1941.85,0.8022281447483768,0.9552851741652637,1.1789322888140257
2023-03-23,1977.55,0.7736577309132503,0.9552851741652637,1.1996372507655153
2023-03-24,1996.15,0.7749704869600015,0.9552851741652637,1.2104160020732486
2023-03-27,1960.25,0.7264380212358313,0.7749704869600015,1.1933275127108174
2023-03-28,1949.85,0.7169520398007664,0.7264380212358313,1.1886704208664398
2023-03-29,1965.85,0.7250709839596275,0.7169520398007664,1.1956522548494641
2023-03-30,1968.1,0.7269835073301076,0.7250709839596275,1.196634789297212
2023-03-31,1978.8,0.7285543361468558,0.7269835073301076,1.2013620831402743
2023-04-03,1963.1,0.7126393790648944,0.7285543361468558,1.1944158137477654
2023-04-04,1982.25,0.7155421848276096,0.7126393790648944,1.2027001235521082
2023-04-05,2022.3,0.7399900016192547,0.7155421848276096,1.2200841142984058
2023-04-06,2017.25,0.7328514625627117,0.7399900016192547,1.21779972786226
2023-04-11,2001.5,0.4290818231420812,0.7328514625627117,1.210822961972909
2023-04-12,2008.9,0.7824988916866551,0.4290818231420812,1.2123760159283357
2023-04-13,2027.1,0.7850358867544527,0.7824988916866551,1.2205423091229362
2023-04-14,2035.65,0.7850386025203476,0.7850358867544527,1.22458062613213
2023-04-17,2009.8,0.0,0.7850386025203476,1.2123728669598184
2023-04-18,1999.3,0.4471380744646794,0.3804045961699115,1.2094728468811011
2023-04-19,1976.1,0.4960776168628621,0.4471380744646794,1.2031166423543447
2023-04-20,1994.05,0.4954086653269437,0.4960776168628621,1.2084791804724702
2023-04-21,1986.1,0.0,0.4954086653269437,1.2060914740819397
2023-04-24,1986.15,0.5584954401659297,0.11821273152664313,1.2056401306121591
2023-04-25,1990.2,0.9543935131854299,0.5584954401659297,1.2064823389924126
2023-04-26,1999.05,1.0,0.9543935131854299,1.2111249901181762
2023-04-27,1997.65,1.0,1.0,1.2102215645787686
2023-04-28,1982.7,0.0,1.0,1.2011645163518758
2023-05-02,1980.9,0.0,0.8817872684733569,1.2000609513953542
2023-05-03,2016.9,0.973139132802764,0.8817872684733569,1.2192921820783609
2023-05-04,2036.05,0.9802624164472533,0.973139132802764,1.2304467298049986
2023-05-05,2038.9,1.0,0.9802624164472533,1.2321263115133916
2023-05-09,2025.6,0.6,1.0,1.2240646781071942
2023-05-10,2029.6,1.0,0.6,1.2250253658356045
2023-05-11,2025.75,1.0,1.0,1.2222115738315313
2023-05-12,2006.65,1.0,1.0,1.2106878216112762
2023-05-15,2015.3,1.0,1.0,1.215906693690083
2023-05-16,2009.9,1.0,1.0,1.2126486695021577
2023-05-17,1985.75,1.0,1.0,1.1980780613283792
2023-05-19,1965.55,0.6,1.0,1.1858906375142872
2023-05-22,1981.2,0.6,0.6,1.1910816233193966
2023-05-23,1959.65,1.0,0.6,1.1833082105445532
2023-05-24,1976.8,0.6,1.0,1.1931906833519021
2023-05-25,1962.3,0.6,0.6,1.1874621125899123
2023-05-26,1953.5,0.6,0.6,1.1842669844471845
2023-05-30,1949.5,1.0,0.6,1.1828120365266965
2023-05-31,1959.0,1.0,1.0,1.188102807247866
2023-06-01,1958.75,1.0,1.0,1.1879511861647565
2023-06-02,1981.0,1.0,1.0,1.2014454625615227
2023-06-05,1942.5,0.6,1.0,1.1780958157626238
2023-06-06,1961.9,0.6,0.6,1.1846840550659081
2023-06-07,1963.05,1.0,0.6,1.1851007083091902
2023-06-08,1947.25,1.0,1.0,1.1750881482778799
2023-06-09,1963.55,1.0,1.0,1.1849245518300324
2023-06-12,1964.15,0.6,1.0,1.1852866280344063
2023-06-13,1964.0,0.6,0.6,1.1847582019525364
2023-06-14,1951.9,0.6,0.6,1.180378698619453
2023-06-15,1934.65,0.6,0.6,1.174119710182181
2023-06-16,1964.1,0.5862296062879838,0.6,1.1848434562235421
2023-06-19,1954.35,0.6,0.5862296062879838,1.1813791207333546
2023-06-20,1953.85,0.6,0.6,1.1811815065850635
2023-06-21,1935.25,0.6,0.6,1.1744348343157034
2023-06-22,1927.95,0.0,0.6,1.1717767671025254
2023-06-23,1919.35,0.0,0.01377039371201616,1.1710178598392373
2023-06-26,1930.55,0.6,0.01377039371201616,1.1711119563938557
2023-06-27,1923.95,0.6,0.6,1.1680231971740742
2023-06-28,1909.85,0.0,0.6,1.1628871612853595
2023-06-29,1904.05,0.0,0.5862296062879838,1.1608008441721869
2023-06-30,1903.55,0.0,0.5862296062879838,1.1606221472309675
2023-07-03,1913.75,0.0,0.5862296062879838,1.164267961029968
2023-07-04,1929.75,0.0,0.5862296062879838,1.1699742724993516
2023-07-05,1928.3,0.0,0.5862296062879838,1.169458912137727
2023-07-06,1919.15,0.0,0.0,1.1687733407000946
2023-07-07,1915.65,0.0,0.0,1.1687733407000946
2023-07-10,1925.05,0.6,0.0,1.1687733407000946
2023-07-11,1936.2,0.0,0.6,1.1721338380261772
2023-07-12,1935.75,0.6,0.6,1.1719703858330839
2023-07-13,1959.6,0.6,0.6,1.1806341576121213
2023-07-14,1956.5,0.6,0.6,1.1795135311918528
2023-07-17,1955.05,0.6,0.6,1.178989035013914
2023-07-18,1961.95,0.6,0.6,1.181485653824153
2023-07-19,1978.15,0.6,0.6,1.1873390346723758
2023-07-20,1981.5,0.6,0.6,1.1885454909369115
2023-07-21,1963.8,0.6,0.6,1.1821753909552057
2023-07-24,1964.75,0.6,0.6,1.182518521606415
2023-07-25,1963.1,0.6,0.6,1.181922673108443
2023-07-26,1972.0,0.6,0.6,1.185137724340881
2023-07-27,1975.2,0.0,0.6,1.1862916109690425
2023-07-28,1950.15,0.6,0.0,1.185579836002461
2023-07-31,1955.55,0.0,0.6,1.1868382230795267
2023-08-01,1956.75,0.0,0.6,1.1872751965757897
2023-08-02,1949.7,0.0,0.6,1.1847086070362391
2023-08-03,1936.9,0.0,0.6,1.180041959807415
2023-08-04,1934.0,0.0,0.6,1.178981877712281
2023-08-07,1936.9,0.6,0.6,1.18004259563742
2023-08-08,1934.8,0.6,0.6,1.1792749495687003
2023-08-09,1928.4,0.0,0.6,1.1769344410890932
2023-08-10,1920.1,0.0,0.0,1.1762282804244397
2023-08-11,1918.05,0.6,0.0,1.1762282804244397
2023-08-14,1913.5,0.6,0.6,1.1738483935614696
2023-08-15,1904.1,0.0,0.6,1.1703885007265145
2023-08-16,1906.8,0.0,0.6,1.1713842621734851
2023-08-17,1893.95,0.0,0.6,1.1666478594771574
2023-08-18,1891.75,0.0,0.6,1.1658347571383894
2023-08-21,1890.1,0.0,0.6,1.1652246467064786
2023-08-22,1901.85,0.0,0.6,1.1695708896350436
2023-08-23,1904.55,0.0,0.0,1.1688691471012627
2023-08-24,1920.7,0.0,0.0,1.1688691471012627
2023-08-25,1917.85,0.0,0.0,1.1688691471012627
2023-08-29,1923.5,0.6,0.0,1.1688691471012627
2023-08-30,1938.35,0.6,0.6,1.173582238974412
2023-08-31,1944.2,0.6,0.6,1.175707383380118
2023-09-01,1944.3,0.0,0.6,1.1757436669121635
2023-09-04,1942.05,0.0,0.6,1.1749273042364798
2023-09-05,1931.8,0.0,0.6,1.171206595232564
2023-09-06,1923.45,0.0,0.6,1.1681691456818264
2023-09-07,1919.85,0.0,0.6,1.1668573125930157
2023-09-08,1925.55,0.0,0.0,1.16615719820546
2023-09-11,1926.6,0.0,0.0,1.16615719820546
2023-09-12,1918.9,0.0,0.0,1.16615719820546
2023-09-13,1912.15,0.0,0.0,1.16615719820546
2023-09-14,1906.45,0.0,0.0,1.16615719820546
2023-09-15,1918.7,0.0,0.0,1.16615719820546
2023-09-18,1926.4,0.0,0.0,1.16615719820546
2023-09-19,1935.0,0.0,0.0,1.16615719820546
2023-09-20,1930.15,0.0,0.0,1.16615719820546
2023-09-21,1923.4,0.0,0.0,1.16615719820546
2023-09-22,1926.2,0.0,0.0,1.16615719820546
2023-09-25,1922.55,0.0,0.0,1.16615719820546
2023-09-26,1912.3,0.0,0.0,1.16615719820546
2023-09-27,1895.55,0.0,0.0,1.16615719820546
2023-09-28,1874.1,0.0,0.0,1.16615719820546
2023-09-29,1871.6,0.0,0.0,1.16615719820546
2023-10-02,1831.85,0.0,0.0,1.16615719820546
2023-10-04,1823.25,0.0,0.0,1.16615719820546
2023-10-05,1822.75,0.0,0.0,1.16615719820546
2023-10-06,1821.9,0.0,0.0,1.16615719820546
2023-10-09,1852.3,0.0,0.0,1.16615719820546
2023-10-10,1859.7,0.0,0.0,1.16615719820546
2023-10-11,1870.0,0.0,0.0,1.16615719820546
2023-10-12,1881.15,0.0,0.0,1.16615719820546
2023-10-13,1887.0,0.0,0.0,1.16615719820546
2023-10-16,1914.65,0.0,0.0,1.16615719820546
2023-10-17,1923.45,0.0,0.0,1.16615719820546
2023-10-18,1943.85,0.0,0.0,1.16615719820546
2023-10-19,1948.65,0.0,0.0,1.16615719820546
2023-10-20,1984.2,0.0,0.0,1.16615719820546
2023-10-23,1980.95,0.0,0.0,1.16615719820546
2023-10-24,1967.4,0.0,0.0,1.16615719820546
2023-10-25,1970.15,0.0,0.0,1.16615719820546
2023-10-26,1991.45,0.0,0.0,1.16615719820546
2023-10-27,1987.6,0.0,0.0,1.16615719820546
2023-10-30,1996.15,0.0,0.0,1.16615719820546
2023-10-31,1997.6,0.0,0.0,1.16615719820546
2023-11-01,1982.5,0.0,0.0,1.16615719820546
2023-11-02,1986.7,0.0,0.0,1.16615719820546
2023-11-03,1988.5,0.0,0.0,1.16615719820546
2023-11-06,1987.1,0.0,0.0,1.16615719820546
2023-11-07,1967.8,0.0,0.0,1.16615719820546
2023-11-08,1960.1,0.0,0.0,1.16615719820546
2023-11-09,1946.75,0.0,0.0,1.16615719820546
2023-11-10,1953.45,0.0,0.0,1.16615719820546
2023-11-13,1937.45,0.0,0.0,1.16615719820546
2023-11-14,1946.55,0.0,0.0,1.16615719820546
2023-11-15,1973.4,0.0,0.0,1.16615719820546
2023-11-16,1966.5,0.0,0.0,1.16615719820546
2023-11-17,1992.15,0.0,0.0,1.16615719820546
2023-11-20,1976.05,0.6,0.0,1.16615719820546
2023-11-21,1988.55,0.6,0.6,1.1698835958308402
2023-11-22,1999.9,0.0,0.6,1.1738899860586989
2023-11-23,1992.6,0.0,0.6,1.1713190384418495
2023-11-24,1995.2,0.6,0.6,1.172236060272608
2023-11-27,2011.7,0.6,0.6,1.1780525884385558
2023-11-28,2014.0,0.6,0.6,1.1788607171714907
2023-11-29,2037.6,0.6,0.6,1.1871490328393892
2023-11-30,2037.85,0.6,0.6,1.1872364260249635
2023-12-01,2044.55,0.6,0.6,1.1895784484665666
2023-12-04,2066.95,0.6,0.6,1.1973982300064607
2023-12-05,2023.45,0.6,0.6,1.1822783220245703
2023-12-06,2021.4,0.6,0.6,1.181559647317466
2023-12-07,2033.3,0.6,0.6,1.1857331586867381
2023-12-08,2030.0,0.6,0.6,1.1845785077969533
2023-12-11,1991.95,0.5632113866386689,0.6,1.1712563761058181
2023-12-12,1986.9,0.5628025998135231,0.5632113866386689,1.169540901914613
2023-12-13,1981.55,0.9865963885658485,0.5628025998135231,1.167768074668752
2023-12-14,2034.1,0.8291437219598804,0.9865963885658485,1.197826881420224
2023-12-15,2043.65,0.8538166606288145,0.8291437219598804,1.2023011679505056
2023-12-18,2020.95,0.8403197800121865,0.8538166606288145,1.1908690784572182
2023-12-19,2026.0,0.8454866106421651,0.8403197800121865,1.1933536065192574
2023-12-20,2036.35,0.8465761459767862,0.8454866106421651,1.19850182493494
2023-12-21,2034.3,0.8502351221775252,0.8465761459767862,1.1974790948782383
2023-12-22,2055.6,0.8333267756097595,0.8502351221775252,1.2081350663320944
2023-12-27,2061.7,0.8421992063063158,0.8333267756097595,1.2111022360248374
2023-12-28,2077.8,0.8341536490714544,0.8421992063063158,1.2190566787523938
2023-12-29,2062.4,0.8419071251664821,0.8341536490714544,1.2115100717988356
2024-01-02,2074.9,0.8364779676960734,0.8419071251664821,1.217682668794041
2024-01-03,2054.05,0.8161129008856921,0.8364779676960734,1.2074408298415866
2024-01-04,2049.05,0.8381978861641519,0.8161129008856921,1.2050175448746288
2024-01-05,2037.7,0.9348376551565464,0.8381978861641519,1.199396149203158
2024-01-08,2028.0,0.928306555978247,0.9348376551565464,1.1939428326458443
2024-01-09,2038.15,0.9308295560136542,0.928306555978247,1.1994822248936623
2024-01-10,2036.25,0.9313791122098324,0.9308295560136542,1.1984383646755723
2024-01-11,2031.85,1.0,0.9313791122098324,1.196025781192398
2024-01-12,2039.55,1.0,1.0,1.2004762277356733
2024-01-15,2053.85,1.0,1.0,1.2088931873868807
2024-01-16,2039.75,1.0,1.0,1.2005939474510747
2024-01-17,2027.55,0.6,1.0,1.1934130448115832
2024-01-18,2012.2,1.0,0.6,1.1875146866994193
2024-01-19,2029.5,1.0,1.0,1.1972494035560286
2024-01-22,2023.9,1.0,1.0,1.1939458328933463
2024-01-23,2026.85,1.0,1.0,1.1956861067245808
2024-01-24,2030.5,1.0,1.0,1.1978393268886505
2024-01-25,2018.15,1.0,1.0,1.1905537737307708
2024-01-26,2021.1,1.0,1.0,1.192294047562005
2024-01-29,2027.35,1.0,1.0,1.1959810683908914
2024-01-30,2036.8,1.0,1.0,1.2015558438841678
2024-01-31,2037.9,1.0,1.0,1.202204759550052
2024-02-01,2037.55,1.0,1.0,1.2019982863836343
2024-02-02,2054.2,1.0,1.0,1.2118205098717878
2024-02-05,2024.5,1.0,1.0,1.1942997868929193
2024-02-06,2025.05,1.0,1.0,1.1946242447258613
2024-02-07,2033.2,1.0,1.0,1.1994321198867295
2024-02-08,2037.05,1.0,1.0,1.2017033247173234
2024-02-09,2031.65,1.0,1.0,1.1985177387211656
2024-02-12,2021.0,1.0,1.0,1.1922350552287428
2024-02-13,2026.2,0.6,1.0,1.1953026565583766
2024-02-14,1990.8,0.6,0.6,1.1822945639108653
2024-02-15,1996.9,0.6,0.6,1.1844681615117865
2024-02-16,2005.4,0.6,0.6,1.1874932442018111
2024-02-19,2020.35,0.6,0.6,1.1928048101739315
2024-02-20,2026.8,0.0,0.6,1.1950896393448045
2024-02-21,2028.8,0.0,0.0,1.1943725855611975
2024-02-22,2030.9,0.6,0.0,1.1943725855611975
2024-02-23,2019.3,0.6,0.6,1.1895627849969572
2024-02-26,2035.15,0.6,0.6,1.1951650937600538
2024-02-27,2036.0,0.6,0.6,1.1954645970879743
2024-02-28,2025.25,0.6,0.6,1.1916773934282407
2024-02-29,2032.8,0.6,0.6,1.1943428908197875
2024-03-01,2050.3,1.0,0.6,1.200512017321956
2024-03-04,2083.15,1.0,1.0,1.219266470745055
2024-03-05,2126.25,0.6,1.0,1.2444928754154394
2024-03-06,2127.35,1.0,0.6,1.244381375877395
2024-03-07,2156.85,1.0,1.0,1.2611394818309964
2024-03-08,2168.65,1.0,1.0,1.2680391020575332
2024-03-11,2178.45,0.6,1.0,1.2737692951270299
2024-03-12,2176.4,0.0,0.8,1.2725556109992318
2024-03-13,2160.85,0.0,0.4,1.2684097132262457
2024-03-14,2169.8,0.0,0.4,1.2705111579231707
2024-03-15,2170.35,0.0,0.4,1.2706399773787624
2024-03-18,2155.3,0.0,0.0,1.270131721387811
2024-03-19,2154.3,0.0,0.0,1.270131721387811
2024-03-20,2153.4,0.0,0.0,1.270131721387811
2024-03-21,2210.65,0.0,0.0,1.270131721387811
2024-03-22,2166.25,0.0,0.0,1.270131721387811
2024-03-25,2168.35,0.0,0.0,1.270131721387811
2024-03-26,2193.45,0.0,0.0,1.270131721387811
2024-03-27,2192.05,0.0,0.0,1.270131721387811
2024-03-28,2207.0,0.0,0.0,1.270131721387811
2024-04-02,2264.55,0.0,0.0,1.270131721387811
2024-04-03,2270.75,0.0,0.0,1.270131721387811
2024-04-04,2292.5,0.0,0.0,1.270131721387811
2024-04-05,2288.45,0.0,0.0,1.270131721387811
2024-04-08,2336.9,0.0,0.0,1.270131721387811
2024-04-09,2364.2,0.0,0.0,1.270131721387811
2024-04-10,2346.85,0.0,0.0,1.270131721387811
2024-04-11,2331.75,0.0,0.0,1.270131721387811
2024-04-12,2394.8,0.0,0.0,1.270131721387811
2024-04-15,2347.15,0.0,0.0,1.270131721387811
2024-04-16,2369.0,0.0,0.0,1.270131721387811
2024-04-17,2393.75,0.0,0.0,1.270131721387811
2024-04-18,2379.85,0.0,0.0,1.270131721387811
2024-04-19,2381.8,0.0,0.0,1.270131721387811
2024-04-22,2361.45,0.0,0.0,1.270131721387811
2024-04-23,2298.15,0.0,0.0,1.270131721387811
2024-04-24,2312.3,0.0,0.0,1.270131721387811
2024-04-25,2325.65,0.0,0.0,1.270131721387811
2024-04-26,2349.8,0.0,0.0,1.270131721387811
2024-04-29,2337.6,0.0,0.0,1.270131721387811
2024-04-30,2314.8,0.0,0.0,1.270131721387811
2024-05-01,2288.5,0.0,0.0,1.270131721387811
2024-05-02,2300.55,0.0,0.0,1.270131721387811
2024-05-03,2301.1,0.0,0.0,1.270131721387811
2024-05-07,2315.0,0.0,0.0,1.270131721387811
2024-05-08,2308.55,0.0,0.0,1.270131721387811
2024-05-09,2308.7,0.0,0.0,1.270131721387811
2024-05-10,2371.05,0.0,0.0,1.270131721387811
2024-05-13,2340.3,0.0,0.0,1.270131721387811
2024-05-14,2347.4,0.0,0.0,1.270131721387811
2024-05-15,2371.8,0.0,0.0,1.270131721387811
2024-05-16,2383.65,0.0,0.0,1.270131721387811
2024-05-17,2831.75,0.0,0.0,1.270131721387811
2024-05-20,2444.35,0.0,0.0,1.270131721387811
2024-05-21,2417.05,0.0,0.0,1.270131721387811
2024-05-22,2414.25,0.0,0.0,1.270131721387811
2024-05-23,2361.8,0.0,0.0,1.270131721387811
2024-05-24,2339.75,0.0,0.0,1.270131721387811
2024-05-28,2344.7,0.0,0.0,1.270131721387811
2024-05-29,2340.9,0.0,0.0,1.270131721387811
2024-05-31,2342.9,0.0,0.0,1.270131721387811
2024-06-03,2324.7,0.0,0.0,1.270131721387811
2024-06-04,2330.5,0.0,0.0,1.270131721387811
2024-06-05,2332.25,0.0,0.0,1.270131721387811
2024-06-06,2360.85,0.0,0.0,1.270131721387811
2024-06-07,2338.0,0.0,0.0,1.270131721387811
2024-06-10,2297.65,0.0,0.0,1.270131721387811
2024-06-11,2302.5,0.0,0.0,1.270131721387811
2024-06-12,2314.9,0.0,0.0,1.270131721387811
2024-06-13,2316.35,0.0,0.0,1.270131721387811
2024-06-14,2316.9,0.0,0.0,1.270131721387811
2024-06-17,2320.7,0.0,0.0,1.270131721387811
2024-06-18,2312.05,0.0,0.0,1.270131721387811
2024-06-19,2328.6,0.0,0.0,1.270131721387811
2024-06-20,2332.95,0.0,0.0,1.270131721387811
2024-06-21,2364.0,0.0,0.0,1.270131721387811
2024-06-24,2327.2,0.0,0.0,1.270131721387811
2024-06-25,2332.4,0.0,0.0,1.270131721387811
2024-06-26,2316.1,0.0,0.0,1.270131721387811
2024-06-27,2310.55,0.0,0.0,1.270131721387811
2024-06-28,2327.6,0.0,0.0,1.270131721387811
2024-07-01,2327.8,0.0,0.0,1.270131721387811
2024-07-02,2329.0,0.0,0.0,1.270131721387811
2024-07-03,2342.55,0.0,0.0,1.270131721387811
2024-07-04,2357.2,0.0,0.0,1.270131721387811
2024-07-05,2365.35,0.0,0.0,1.270131721387811
2024-07-08,2371.65,1.0,0.0,1.270131721387811
2024-07-09,2362.4,1.0,1.0,1.2639077733685558
2024-07-10,2372.9,1.0,1.0,1.269525379032444
2024-07-11,2383.55,1.0,1.0,1.2752232362058165
2024-07-12,2404.15,1.0,1.0,1.286244443508302
2024-07-15,2408.5,1.0,1.0,1.2885717372833416
2024-07-16,2439.35,1.0,1.0,1.3050767977339086
2024-07-17,2470.35,0.6,1.0,1.3216621096939598
2024-07-18,2466.95,0.6,0.6,1.3200420243210982
2024-07-19,2415.8,0.6,0.6,1.3036200904649544
2024-07-22,2401.4,1.0,0.6,1.2989577518683746
2024-07-23,2404.45,1.0,1.0,1.300087965196043
2024-07-24,2411.3,0.6,1.0,1.3037917654670377
2024-07-25,2371.25,0.6,0.6,1.2902772092700479
2024-07-26,2374.55,0.6,0.6,1.2913545941406244
2024-07-29,2392.1,0.6,0.6,1.2970811376441516
2024-07-30,2389.15,0.6,0.6,1.296121381106536
2024-07-31,2419.6,0.6,0.6,1.3060329135062665
2024-08-01,2434.0,0.6,0.6,1.310696545665588
2024-08-02,2461.75,0.5913051625083708,0.6,1.3196624854705723
2024-08-05,2421.75,0.538050093591675,0.5913051625083708,1.3069718481783463
2024-08-06,2414.15,0.539086119930505,0.538050093591675,1.304695393203076
2024-08-07,2392.85,0.5277795485625859,0.539086119930505,1.2984884578932254
2024-08-08,2396.3,0.5299603220245163,0.5277795485625859,1.2994618613603857
2024-08-09,2423.45,0.5228830012707161,0.5299603220245163,1.3072615591812473
2024-08-12,2442.1,0.5164296051799029,0.5228830012707161,1.3125126226924912
2024-08-13,2460.55,0.5299606918485568,0.5164296051799029,1.3176250672858563
2024-08-14,2472.0,0.9166242544758783,0.5299606918485568,1.3208566804572766
2024-08-15,2456.25,0.9068226097935681,0.9166242544758783,1.3126319622061964
2024-08-16,2462.15,1.0,0.9068226097935681,1.3154782977261983
2024-08-19,2500.05,0.9956552368273879,1.0,1.3356049491401967
2024-08-20,2521.55,0.9826974381010921,0.9956552368273879,1.3470352152643388
2024-08-21,2507.65,0.964216041746502,0.9826974381010921,1.3397207330449235
2024-08-22,2505.1,1.0,0.964216041746502,1.338382376912784
2024-08-23,2500.3,1.0,1.0,1.335770021633835
2024-08-27,2510.3,1.0,1.0,1.3411124606276912
2024-08-28,2509.55,1.0,1.0,1.340711777703152
2024-08-29,2517.05,1.0,1.0,1.344718606948544
2024-08-30,2524.15,1.0,1.0,1.3485117386341818
2024-09-02,2502.0,1.0,1.0,1.3366782362627905
2024-09-03,2503.25,1.0,1.0,1.3373460411370224
2024-09-04,2474.45,1.0,1.0,1.3219598168347166
2024-09-05,2516.85,1.0,1.0,1.3446117581686665
2024-09-06,2517.7,1.0,1.0,1.3450658654831442
2024-09-09,2496.65,1.0,1.0,1.3338200314010773
2024-09-10,2502.35,1.0,1.0,1.3368652216275752
2024-09-11,2521.9,1.0,1.0,1.3473096898605639
2024-09-12,2516.55,1.0,1.0,1.344451484998851
2024-09-13,2571.35,1.0,1.0,1.373728050685182
2024-09-16,2587.45,0.6,1.0,1.38232937746529
2024-09-17,2575.5,0.6,0.6,1.3779459169557091
2024-09-18,2568.35,1.0,0.6,1.3756506779793005
2024-09-19,2590.6,1.0,1.0,1.3870178851814048
2024-09-20,2606.45,1.0,1.0,1.3955040403115386
2024-09-23,2617.25,1.0,1.0,1.4012864046904312
2024-09-24,2628.55,1.0,1.0,1.4073364711239023
2024-09-25,2653.8,1.0,1.0,1.4208554248801095
2024-09-26,2668.9,1.0,1.0,1.428940026928376
2024-09-27,2660.55,1.0,1.0,1.4244694026169176
2024-09-30,2650.15,1.0,1.0,1.4189011998816876
2024-10-01,2648.85,1.0,1.0,1.418205174539784
2024-10-02,2655.1,1.0,1.0,1.4215514502220132
2024-10-03,2644.5,1.0,1.0,1.415876166664952
2024-10-04,2657.5,1.0,1.0,1.4228364200839894
2024-10-07,2651.6,0.6,1.0,1.4196775358399647
2024-10-08,2639.5,1.0,0.6,1.415222630993151
2024-10-09,2617.55,0.6,1.0,1.4028875945074144
2024-10-10,2617.25,0.6,0.6,1.4022299676669672
2024-10-11,2637.05,0.6,0.6,1.4085948514250657
2024-10-14,2659.0,1.0,0.6,1.4156296798102945
2024-10-15,2653.25,0.6,1.0,1.4120021753400593
2024-10-16,2679.4,1.0,0.8,1.422852945736279
2024-10-17,2678.45,0.6,1.0,1.4220638926889508
2024-10-18,2711.6,1.0,0.6,1.432055223500515
2024-10-21,2734.3,0.6,1.0,1.443470767532026
2024-10-22,2733.55,0.6,1.0,1.4430748332615915
2024-10-23,2751.0,0.0,1.0,1.4522869039537005
2024-10-24,2740.0,0.0,0.6,1.4482217676122957
2024-10-25,2719.25,0.0,0.6,1.441641343887196
2024-10-28,2730.4,0.0,0.4,1.443717535391789
2024-10-29,2749.5,0.0,0.4,1.447757237256129
2024-10-30,2783.95,0.0,0.0,1.4471781343612264
2024-10-31,2779.4,0.0,0.0,1.4471781343612264
2024-11-01,2747.35,0.0,0.0,1.4471781343612264
2024-11-04,2741.35,0.0,0.0,1.4471781343612264
2024-11-05,2738.75,0.0,0.0,1.4471781343612264
2024-11-06,2726.2,0.0,0.0,1.4471781343612264
2024-11-07,2667.05,0.0,0.0,1.4471781343612264
2024-11-08,2685.2,0.0,0.0,1.4471781343612264
2024-11-11,2670.55,0.0,0.0,1.4471781343612264
2024-11-12,2590.75,0.0,0.0,1.4471781343612264
2024-11-13,2609.75,0.0,0.0,1.4471781343612264
2024-11-14,2548.45,0.0,0.0,1.4471781343612264
2024-11-15,2566.7,0.0,0.0,1.4471781343612264
2024-11-18,2590.1,0.0,0.0,1.4471781343612264
2024-11-19,2635.95,0.0,0.0,1.4471781343612264
2024-11-20,2624.3,0.0,0.0,1.4471781343612264
2024-11-21,2669.7,0.0,0.0,1.4471781343612264
2024-11-22,2706.25,0.0,0.0,1.4471781343612264
2024-11-25,2670.4,0.0,0.0,1.4471781343612264
2024-11-26,2630.3,0.0,0.0,1.4471781343612264
2024-11-27,2648.0,0.0,0.0,1.4471781343612264
2024-11-28,2646.4,0.0,0.0,1.4471781343612264
2024-11-29,2664.3,0.0,0.0,1.4471781343612264
2024-12-02,2637.25,0.0,0.0,1.4471781343612264
2024-12-03,2645.35,0.0,0.0,1.4471781343612264
2024-12-04,2642.05,0.0,0.0,1.4471781343612264
2024-12-05,2649.15,0.0,0.0,1.4471781343612264
2024-12-06,2636.5,0.0,0.0,1.4471781343612264
2024-12-09,2655.85,0.0,0.0,1.4471781343612264
2024-12-10,2670.45,0.0,0.0,1.4471781343612264
2024-12-11,2697.45,0.0,0.0,1.4471781343612264
2024-12-12,2713.6,0.0,0.0,1.4471781343612264
2024-12-13,2669.55,0.0,0.0,1.4471781343612264
2024-12-16,2660.95,0.0,0.0,1.4471781343612264
2024-12-17,2641.6,0.0,0.0,1.4471781343612264
2024-12-18,2648.35,0.0,0.0,1.4471781343612264
2024-12-19,2621.3,0.0,0.0,1.4471781343612264
2024-12-20,2606.15,0.0,0.0,1.4471781343612264
2024-12-23,2620.55,0.0,0.0,1.4471781343612264
2024-12-24,2613.75,0.0,0.0,1.4471781343612264
2024-12-27,2625.55,0.0,0.0,1.4471781343612264
2024-12-30,2610.3,0.0,0.0,1.4471781343612264
2024-12-31,2610.85,0.0,0.0,1.4471781343612264
2025-01-02,2644.6,0.0,0.0,1.4471781343612264
2025-01-03,2654.3,0.0,0.0,1.4471781343612264
2025-01-06,2631.8,0.0,0.0,1.4471781343612264
2025-01-07,2644.4,0.0,0.0,1.4471781343612264
2025-01-08,2653.45,0.0,0.0,1.4471781343612264
2025-01-09,2666.35,0.0,0.0,1.4471781343612264
2025-01-10,2679.45,0.0,0.0,1.4471781343612264
2025-01-13,2679.8,0.0,0.0,1.4471781343612264
2025-01-14,2666.4,0.0,0.0,1.4471781343612264
2025-01-15,2686.6,0.0,0.0,1.4471781343612264
2025-01-16,2707.45,0.0,0.0,1.4471781343612264
2025-01-17,2705.1,0.0,0.0,1.4471781343612264
2025-01-20,2707.5,0.0,0.0,1.4471781343612264
2025-01-21,2721.4,0.0,0.0,1.4471781343612264
2025-01-22,2760.15,0.0,0.0,1.4471781343612264
2025-01-23,2747.2,0.0,0.0,1.4471781343612264
2025-01-24,2771.05,0.0,0.0,1.4471781343612264
2025-01-27,2767.1,0.0,0.0,1.4471781343612264
2025-01-28,2743.7,0.0,0.0,1.4471781343612264
2025-01-29,2759.4,0.0,0.0,1.4471781343612264
2025-01-30,2778.15,0.0,0.0,1.4471781343612264
2025-01-31,2791.5,0.0,0.0,1.4471781343612264
2025-02-03,2794.15,0.0,0.0,1.4471781343612264
2025-02-04,2831.2,0.0,0.0,1.4471781343612264
2025-02-05,2873.8,0.0,0.0,1.4471781343612264
2025-02-06,2861.2,0.0,0.0,1.4471781343612264
2025-02-07,2866.45,0.6,0.0,1.4471781343612264
2025-02-10,2895.55,0.6,0.6,1.4551248182273337
2025-02-11,2906.85,0.6,0.6,1.45853202800357
2025-02-12,2883.35,0.0,0.6,1.451457255794873
2025-02-13,2917.45,0.0,0.6,1.4617566698283975
2025-02-14,2938.05,0.6,0.6,1.467949513729434
2025-02-17,2898.2,1.0,0.6,1.4560032660912825
2025-02-18,2908.85,0.0,1.0,1.4607712321797368
2025-02-19,2944.4,0.6,0.4,1.4670357931857565
2025-02-20,2953.5,0.6,0.6,1.4694628096892557
2025-02-21,2929.7,0.6,0.6,1.4623580428287977
2025-02-24,2940.6,0.6,0.6,1.4656224800067
2025-02-25,2942.05,0.0,0.6,1.4660560961250453
2025-02-26,2913.55,0.0,0.6,1.4575349767546273
2025-02-27,2891.65,0.0,0.19999999999999996,1.4547608202751452
2025-02-28,2861.4,0.0,0.19999999999999996,1.451717124474248
2025-03-03,2868.25,0.0,0.0,1.451426781049353
2025-03-04,2911.6,0.0,0.0,1.451426781049353
2025-03-05,2917.7,0.0,0.0,1.451426781049353
2025-03-06,2901.65,0.0,0.0,1.451426781049353
2025-03-07,2918.5,0.0,0.0,1.451426781049353
2025-03-10,2902.1,0.6,0.0,1.451426781049353
2025-03-11,2913.45,0.6,0.6,1.4539618091263233
2025-03-12,2913.6,0.6,0.6,1.4540067237680099
2025-03-13,2944.65,0.6,0.6,1.4633038631364192
2025-03-14,2999.85,0.5982777895254144,0.6,1.4797623977490484
2025-03-17,2996.15,0.6,0.6,1.4786673188207677
2025-03-18,3021.7,0.6,0.6,1.4862330181340604
2025-03-19,3034.0,0.6,0.6,1.4898628952475494
2025-03-20,3026.2,0.6,0.6,1.4875647547235682
2025-03-21,3031.3,1.0,0.6,1.4890689342719967
2025-03-24,3030.25,1.0,1.0,1.4879575140083576
2025-03-25,3021.35,1.0,1.0,1.4835873063110803
2025-03-26,3021.85,1.0,1.0,1.4838328235974443
2025-03-27,3051.7,1.0,1.0,1.4984902055933684
2025-03-28,3070.4,1.0,1.0,1.507672552103378
2025-03-31,3120.2,1.0,1.0,1.5321260738252214
2025-04-01,3131.5,1.0,1.0,1.5376747644970452
2025-04-02,3127.05,1.0,1.0,1.5354896606484068
2025-04-03,3128.75,0.6,1.0,1.536324419422044
2025-04-04,3090.3,0.6,0.6,1.5243817220614453
2025-04-07,3025.1,0.5936429167564612,0.6,1.5050846269680744
2025-04-08,3002.7,0.5783288005112256,0.5936429167564612,1.498459074310091
2025-04-09,3044.7,0.5540041747044266,0.5783288005112256,1.5105576459132295
2025-04-10,3106.65,0.0,0.5540041747044266,1.52754825534792
2025-04-11,3213.75,0.0,0.0,1.5267019872373948
2025-04-14,3220.65,0.4436355372809178,0.0,1.5267019872373948
2025-04-15,3227.35,0.44552980240356765,0.4436355372809178,1.5274336908275616
2025-04-16,3304.4,0.4155575789172569,0.44552980240356765,1.5436775177156805
2025-04-17,3324.35,0.4188904825420669,0.44552980240356765,1.5478297689782037
2025-04-22,3454.7,0.3586017802262385,0.44552980240356765,1.5748696171736203
2025-04-23,3332.85,0.30324738753997277,0.44552980240356765,1.5501218194145128
2025-04-24,3331.05,0.3040943900749933,0.44552980240356765,1.5497488275780278
2025-04-25,3299.35,0.2993617454953344,0.44552980240356765,1.5431780587637036
2025-04-28,3278.65,0.2974701355097823,0.2993617454953344,1.5400541222671233
2025-04-29,3314.95,0.49386500857350907,0.2974701355097823,1.5451233454635986
2025-04-30,3284.3,0.4941420220206458,0.49386500857350907,1.5377644380892415
2025-05-01,3225.25,0.4784246184206085,0.4941420220206458,1.524101873630103
2025-05-02,3263.05,0.2852121788915518,0.4784246184206085,1.5326237818193564
2025-05-06,3377.35,0.2654671026343797,0.2852121788915518,1.547639455634664
2025-05-07,3375.75,0.4500426966009563,0.2654671026343797,1.547414260817483
2025-05-08,3341.1,0.278667292511609,0.4500426966009563,1.5399805021908057
2025-05-09,3324.45,0.27979743003435414,0.38124748047744006,1.5369487431861524
2025-05-12,3222.6,0.25934857985906323,0.27979743003435414,1.523618010497891
2025-05-13,3254.1,0.2637150510799917,0.25934857985906323,1.5274493154012376
2025-05-14,3230.95,0.28317904205946576,0.2637150510799917,1.5245770045503086
2025-05-15,3171.5,0.27637627022781297,0.28317904205946576,1.5166034608086638
2025-05-16,3210.0,0.45574723216185553,0.27637627022781297,1.5216813979989003
2025-05-19,3239.05,0.28363326268080125,0.45574723216185553,1.5276845383932527
2025-05-20,3238.4,0.2846845897706319,0.28363326268080125,1.5273346491471833
2025-05-21,3310.25,0.3119893927972605,0.2846845897706319,1.5369800915422887
2025-05-22,3305.9,0.35169255951207445,0.3119893927972605,1.536307985350727
2025-05-23,3330.1,0.3494693401894431,0.35169255951207445,1.5402021769709127
2025-05-27,3295.75,0.34883112546549916,0.3494693401894431,1.5346466655548798
2025-05-28,3321.65,0.3483983416122438,0.34883112546549916,1.5388526533845666
2025-05-29,3278.9,0.34639498031485105,0.3483983416122438,1.5319518876826494
2025-05-30,3293.55,0.3488813912673141,0.34639498031485105,1.5343197892307252
2025-06-02,3345.1,0.3550953520934023,0.3488813912673141,1.5426943166020963
2025-06-03,3358.2,0.35915863379662055,0.3550953520934023,1.544830025543447
2025-06-04,3363.1,0.4249196338827905,0.35915863379662055,1.545633322432951
2025-06-05,3385.6,0.42178643354548845,0.4249196338827905,1.549925639117365
2025-06-06,3356.05,0.42391631336620056,0.42178643354548845,1.544214867748021
2025-06-09,3317.8,0.4164687876774097,0.42391631336620056,1.5367506846476462
2025-06-10,3327.65,0.5054294817941506,0.4164687876774097,1.538639319723087
2025-06-11,3338.1,0.5136207487648278,0.5054294817941506,1.5409446121706436
2025-06-12,3360.45,0.5203637908567602,0.5136207487648278,1.546231158916751
2025-06-13,3420.2,0.0,0.5203637908567602,1.560526855832638
2025-06-16,3417.3,0.5635327666722965,0.10602488300006263,1.559739979217795
2025-06-17,3380.55,0.0,0.5635327666722965,1.5495739092099607
2025-06-18,3381.35,0.5416615283304382,0.5614028868515843,1.5497764771425862
2025-06-19,3370.45,0.6,0.5614028868515843,1.5469718180650451
2025-06-20,3355.15,0.6,0.6,1.542698665727299
2025-06-23,3363.0,0.6,0.6,1.5448643247039693
2025-06-24,3319.5,0.6,0.6,1.5328747443070698
2025-06-25,3322.4,0.6,0.6,1.5336782394283512
2025-06-26,3340.2,0.6,0.6,1.5386083151558658
2025-06-27,3286.25,0.5948700149026925,0.6,1.5236976058685192
2025-06-30,3277.25,0.6,0.5948700149026925,1.5212074407009513
2025-07-01,3343.15,0.5670786618992602,0.6,1.5395529948378541
2025-07-02,3338.5,0.5673608507315471,0.5670786618992602,1.538287985406288
2025-07-03,3350.0,0.5735605279187445,0.5673608507315471,1.5412939285451386
2025-07-04,3333.7,0.5825419911176998,0.5735605279187445,1.536982995898794
2025-07-07,3306.0,0.593924557978756,0.5825419911176998,1.5295295921087861
2025-07-08,3322.25,0.5908563608806547,0.593924557978756,1.5339773694581595
2025-07-09,3288.05,0.9581189961397685,0.5908563608806547,1.524642383196866
2025-07-10,3326.05,0.9311758009673942,0.9581189961397685,1.5409647782540477
2025-07-11,3336.05,1.0,0.9311758009673942,1.545237413500201
2025-07-14,3363.55,1.0,1.0,1.557868891105003
2025-07-15,3359.5,1.0,1.0,1.5559930845883834
2025-07-16,3339.4,1.0,1.0,1.5466835263207166
2025-07-17,3329.3,1.0,1.0,1.54200558908174
2025-07-18,3351.6,1.0,1.0,1.5523341039757181
2025-07-21,3362.6,1.0,1.0,1.5574288871072772
2025-07-22,3385.6,1.0,1.0,1.568081615473264
2025-07-23,3430.15,0.6,1.0,1.5887154871560778
2025-07-24,3361.55,0.5378257778123696,0.6,1.5690162488071278
2025-07-25,3346.6,0.5797686774577498,0.5378257778123696,1.5651657646408563
2025-07-28,3338.2,0.966781311782377,0.5797686774577498,1.5628224482768525
2025-07-29,3325.0,1.0,0.966781311782377,1.5562431451269474
2025-07-30,3331.7,0.6,1.0,1.5593273372139307
2025-07-31,3306.8,0.6,0.6,1.5517112749112822
2025-08-01,3294.9,0.6,0.6,1.5483608398977142
2025-08-04,3359.05,0.9788523554865675,0.6,1.566448311058497
2025-08-05,3363.25,0.9843401448963821,0.9788523554865675,1.5677720525136933
2025-08-06,3362.7,1.0,0.9843401448963821,1.567511082439962
2025-08-07,3375.95,1.0,1.0,1.573662977541355
2025-08-08,3397.1,1.0,1.0,1.5835218237846347
2025-08-11,3358.1,1.0,1.0,1.5653423909956086
2025-08-12,3347.55,1.0,1.0,1.5604246213565258
2025-08-13,3362.5,1.0,1.0,1.5673934039256523
2025-08-14,3356.7,1.0,1.0,1.5646897959724124
2025-08-15,3344.35,1.0,1.0,1.558932975589221
2025-08-18,3348.45,1.0,1.0,1.56084414672858
2025-08-19,3337.9,1.0,1.0,1.5559263770894975
2025-08-20,3327.25,1.0,1.0,1.5509619935201866
2025-08-21,3339.7,1.0,1.0,1.5567654278336063
2025-08-22,3328.4,1.0,1.0,1.5514980537178116
2025-08-26,3372.9,1.0,1.0,1.5722412526693927
2025-08-27,3381.9,1.0,1.0,1.5764365063899373
2025-08-28,3397.85,1.0,1.0,1.5838714282613464
2025-08-29,3407.5,1.0,1.0,1.5883696725283747
2025-09-01,3468.8,1.0,1.0,1.6169440117583058
2025-09-02,3478.0,1.0,1.0,1.6212324933393067
2025-09-03,3536.9,1.0,1.0,1.648688098243759
2025-09-04,3539.45,1.0,1.0,1.6498767534645797
2025-09-05,3548.6,1.0,1.0,1.6541419280804668
2025-09-08,3610.5,1.0,1.0,1.6829959508917673
2025-09-09,3654.1,1.0,1.0,1.7033196244712938
2025-09-10,3646.4,1.0,1.0,1.6997303518437168
2025-09-11,3617.95,1.0,1.0,1.6864686886937732
2025-09-12,3645.35,1.0,1.0,1.69924090557632
2025-09-15,3638.2,1.0,1.0,1.6959080095649985
2025-09-16,3695.4,1.0,1.0,1.7225711776555703
2025-09-17,3669.7,1.0,1.0,1.7105913975869043
2025-09-18,3672.45,1.0,1.0,1.7118732806681818
2025-09-19,3657.85,0.6,1.0,1.7050676468548542
2025-09-22,3721.25,1.0,0.6,1.722117558854947
2025-09-23,3788.4,0.5976728643107455,1.0,1.752504343427538
2025-09-24,3768.05,0.5762539596495827,0.5976728643107455,1.7461728553094076
2025-09-25,3752.4,0.0,0.5762539596495827,1.7419561994932338
2025-09-26,3748.75,0.5560807041024964,0.4,1.7409714049732867
2025-09-29,3812.85,0.5597852517270626,0.5560807041024964,1.757253599108972
2025-09-30,3806.55,0.5539531777457785,0.5597852517270626,1.755621739925312
2025-10-01,3886.1,0.5367431770173773,0.5597852517270626,1.7761598769756064
2025-10-02,3877.5,0.532165430030239,0.5367431770173773,1.7740091905044364
2025-10-03,3860.7,0.5220384825753333,0.532165430030239,1.7699107239787006
2025-10-06,3941.95,0.5082681321679162,0.5220384825753333,1.7893379455161722
2025-10-07,3962.3,0.5158390957036266,0.5082681321679162,1.7940083376865572
2025-10-08,4034.75,0.4984860760053996,0.5158390957036266,1.8109159003105224
2025-10-09,4040.6,0.5179529947933394,0.4984860760053996,1.8121933274773956
2025-10-10,3998.05,0.0,0.5179529947933394,1.8022736890682156
2025-10-13,4070.9,0.0,0.02703788232365023,1.802276847543499
2025-10-14,4143.8,0.0,0.02703788232365023,1.8031494798177674
2025-10-15,4191.25,0.0,0.02703788232365023,1.8037077466613827
2025-10-16,4225.55,0.0,0.02703788232365023,1.8041068537097706
2025-10-17,4338.25,0.0,0.019466918787939824,1.8050298940722556
2025-10-20,4252.75,0.41575089596313913,0.019466918787939824,1.8043373727409389
2025-10-21,4275.1,0.42502862379671646,0.41575089596313913,1.8075647239283361
2025-10-22,4081.5,0.5242491893029133,0.42502862379671646,1.7727566174389289
2025-10-23,4125.7,0.525975039966669,0.5242491893029133,1.7826451574101654
2025-10-24,4069.65,0.5118459817351482,0.525975039966669,1.769903882370904
2025-10-27,4029.7,0.307190519177591,0.5118459817351482,1.7609858668798186
2025-10-28,3910.2,0.47182447035126046,0.5065081211787291,1.7345257484873375
2025-10-29,4024.5,0.2751462674427936,0.5065081211787291,1.7602068958725556
2025-10-30,3986.4,0.2730163675562178,0.2751462674427936,1.755214640081381
2025-10-31,4013.2,0.2732903537510118,0.2730163675562178,1.75843251070031
2025-11-03,3994.15,0.2801461062348806,0.2732903537510118,1.7561508771281762
2025-11-04,3992.7,0.2805371964077802,0.2801461062348806,1.755960233858827
2025-11-05,3964.84,0.28674772685570543,0.2805371964077802,1.7525222303154304
2025-11-06,4004.3,0.0,0.28674772685570543,1.757512784736985
2025-11-07,4006.4,0.28685853291400115,0.013731359299487655,1.7570456112208526
2025-11-10,4077.6,0.2872132631023619,0.28685853291400115,1.7655230014278749
2025-11-11,4137.5,0.2895535469242887,0.2872132631023619,1.7729714111395238
2025-11-12,4120.1,0.2924029632220094,0.2895535469242887,1.7708083154672571
2025-11-13,4234.3,0.2770340670800032,0.2924029632220094,1.785155244692013
2025-11-14,4161.2,0.2872751792604948,0.284882134370447,1.7763621738191233
2025-11-17,4083.2,0.0,0.2872751792604948,1.766792467884657
2025-11-18,4041.05,0.0,0.28106464881256954,1.7616553760868108
2025-11-19,4110.65,0.0,0.007937475198056043,1.7614150544388747
2025-11-20,4062.55,0.0,0.007582745009695302,1.7612581426560936
2025-11-21,4034.3,0.0,0.005242461187768499,1.7611898144637812
2025-11-24,4067.95,0.0,0.0023930448900477685,1.7612199500312473
2025-11-25,4130.15,0.3713454443340259,0.0023930448900477685,1.7612843935461835
2025-11-26,4155.95,0.4111929342914745,0.3713454443340259,1.7647202163471103
2025-11-27,4154.0,0.419529529997762,0.4111929342914745,1.7643094212266612
2025-11-28,4159.4,0.0,0.419529529997762,1.765256911128279
2025-12-01,4254.1,0.0,0.4171364851077142,1.7820177574934242
2025-12-02,4185.7,0.0,0.4171364851077142,1.7700658117786532
2025-12-03,4200.9,0.0,0.4171364851077142,1.7727470974114619
2025-12-04,4199.5,0.0,0.4171364851077142,1.7725006577222338
2025-12-05,4224.05,0.0,0.04818408566373611,1.7723459690854906
2025-12-08,4204.15,0.0,0.008336595706287475,1.7722057372086684
2025-12-09,4204.85,0.0,0.0,1.772190963045929
2025-12-10,4191.4,0.0,0.0,1.772190963045929
2025-12-11,4213.55,0.0,0.0,1.772190963045929
2025-12-12,4319.5,0.0,0.0,1.772190963045929
2025-12-15,4337.5,0.0,0.0,1.772190963045929
2025-12-16,4276.25,0.0,0.0,1.772190963045929
2025-12-17,4314.85,0.0,0.0,1.772190963045929
2025-12-18,4321.6,0.5141513211802106,0.0,1.772190963045929
2025-12-19,4327.55,0.0,0.5141513211802106,1.7725342979845824
2025-12-22,4406.1,0.0,0.5141513211802106,1.7890763620525931
2025-12-23,4481.85,0.0,0.5141513211802106,1.8048905946221112
2025-12-24,4480.8,0.0,0.5141513211802106,1.8046731874737236
2025-12-29,4457.75,0.0,0.5141513211802106,1.7999000395673546
2025-12-30,4389.45,0.0,0.5141513211802106,1.7857210808635602
2026-01-05,4436.7,0.0,0.5141513211802106,1.7956042513754826
2026-01-06,4452.75,0.0,0.0,1.7946810390773211
2026-01-07,4459.55,0.5344499108993183,0.0,1.7946810390773211
2026-01-08,4432.1,0.5244830004034297,0.5344499108993183,1.7878178822073343
2026-01-09,4471.2,0.0,0.5344499108993183,1.796247298311874
2026-01-12,4587.7,0.47160176384548047,0.5344499108993183,1.8212608271843098
2026-01-13,4582.8,0.0,0.5344499108993183,1.8202211937807777
2026-01-14,4633.0,0.0,0.5344499108993183,1.8308774336674465
2026-01-15,4611.1,0.0,0.5344499108993183,1.8262520464539185
2026-01-16,4607.25,0.0,0.5344499108993183,1.8254371096844921
2026-01-19,4664.95,0.0,0.0,1.8244615049838688
2026-01-20,4723.95,0.0,0.0,1.8244615049838688
2026-01-21,4860.75,0.4719887832887295,0.0,1.8244615049838688
2026-01-22,4825.55,0.4576146614912201,0.4719887832887295,1.8173643845802776
2026-01-23,4926.2,0.44090140074218925,0.4719887832887295,1.8352556331654268
2026-01-26,5093.55,0.3990412063864736,0.4719887832887295,1.8646823574702378
2026-01-27,5088.1,0.0,0.4719887832887295,1.8637406576918285
2026-01-28,5277.8,0.0,0.4719887832887295,1.8965372597276429
2026-01-29,5501.7,0.0,0.4719887832887295,1.9345119483920645
2026-01-30,5063.45,0.0,0.4719887832887295,1.8617795156810057
2026-02-02,4685.45,0.1688766084994327,0.0,1.8609007766326477
2026-02-03,4923.65,0.0,0.1688766084994327,1.8765630699881164
2026-02-04,5051.75,0.0,0.1688766084994327,1.8848081451748646
2026-02-05,4859.1,0.0,0.1688766084994327,1.8726696790210144
2026-02-06,4870.1,0.0,0.1688766084994327,1.8733856040167052
2026-02-09,4992.5,0.15229447973067675,0.1688766084994327,1.8813369420351205
2026-02-10,5047.95,0.15230331674768824,0.1688766084994327,1.8848656812104543
2026-02-11,5070.3,0.15240835095308433,0.1688766084994327,1.8862750102103727
2026-02-12,5063.25,0.15259182711906866,0.15240835095308433,1.8858442142538647
2026-02-13,4969.3,0.15090129561276092,0.15259182711906866,1.8805043201844054
2026-02-16,5005.4,0.2518219736937549,0.15090129561276092,1.8825626219112646
2026-02-17,4922.3,0.25014144788406534,0.2518219736937549,1.8745020786584277
2026-02-18,4916.85,0.15243461738547046,0.25014144788406534,1.8739797699616956
2026-02-19,4991.05,0.15210742728038465,0.15243461738547046,1.8781075445284297
2026-02-20,5032.3,0.15316811231566832,0.15210742728038465,1.8804679676683183
2026-02-23,5147.55,0.15523293150925366,0.15316811231566832,1.8870623993212279
2026-02-24,5167.25,0.15522728910166764,0.15523293150925366,1.8881795807302224
2026-02-25,5171.75,0.1602339437046987,0.15522728910166764,1.8884348192880989
2026-02-26,5174.75,0.28041664977967107,0.1602339437046987,1.8886008900609363
2026-02-27,5174.1,0.34326645451203264,0.28041664977967107,1.88830739048601
2026-03-02,5390.45,0.2626424768544288,0.34326645451203264,1.9152922582746437
2026-03-03,5267.6,0.2874195907186819,0.2626424768544288,1.9036734707610121
2026-03-04,5183.7,0.4871948726860048,0.2874195907186819,1.8949114917602339
2026-03-05,5153.75,0.3379128520207167,0.4871948726860048,1.889198989388567
2026-03-06,5087.75,0.0,0.41259156124194096,1.8790760243437408
2026-03-09,5094.55,0.0,0.4075849066389099,1.8800902525608203
2026-03-10,5173.95,0.34540376894644353,0.28740220056393756,1.8882856820234197
2026-03-11,5183.6,0.0,0.34540376894644353,1.8893926241649934
2026-03-12,5181.65,0.0,0.28255396421408197,1.889073047057291
2026-03-13,5082.85,0.0,0.2577768503498289,1.8797412492680865
2026-03-16,4986.9,0.33291050968424013,0.058001568382505975,1.8773075806751147
2026-03-17,5005.85,0.34304029694125204,0.33291050968424013,1.8791663710738218
2026-03-18,4983.25,0.0,0.34304029694125204,1.876237013943997
2026-03-19,4682.85,0.0,0.34304029694125204,1.837438053289883
2026-03-20,4650.7,0.0,0.28503872855874607,1.8337357470515403
2026-03-23,4263.55,0.0,0.28503872855874607,1.7902244969126977
2026-03-24,4419.4,0.0,0.28503872855874607,1.8088774163236698
2026-03-25,4555.75,0.0,0.28503872855874607,1.8247850228330573
2026-03-26,4442.8,0.0,0.010129787257011913,1.823825085221921
2026-03-27,4429.85,0.0,0.0,1.8238066102618138
2026-03-30,4528.05,0.0,0.0,1.8238066102618138
2026-03-31,4553.95,0.0,0.0,1.8238066102618138
2026-04-01,4719.7,0.0,0.0,1.8238066102618138
2026-04-02,4625.65,0.0,0.0,1.8238066102618138
2026-04-07,4682.5,0.0,0.0,1.8238066102618138
2026-04-08,4798.05,0.0,0.0,1.8238066102618138
2026-04-09,4729.05,0.17604481119876067,0.0,1.8238066102618138
2026-04-10,4748.35,0.17588676099399733,0.17604481119876067,1.8247958828528728
2026-04-13,4716.75,0.17592380271180744,0.17604481119876067,1.8226580099591578
2026-04-14,4771.85,0.2933177653918815,0.17604481119876067,1.826406334258071
2026-04-15,4798.15,0.29524442599113154,0.2933177653918815,1.8291447470212718
2026-04-16,4812.95,0.29530615038372,0.29524442599113154,1.8308070030048216
2026-04-17,4795.85,0.2953485613048574,0.29530615038372,1.8288860118445154
2026-04-20,4787.1,0.3331756125279462,0.2953485613048574,1.8279004176438496
2026-04-21,4782.9,0.0,0.3331756125279462,1.8272969522113656
2026-04-22,4756.15,0.0,0.15713080132918553,1.825369423590319
2026-04-23,4700.9,0.0,0.15713080132918553,1.8220375475448112
2026-04-24,4679.8,0.35445705492966506,0.03985784713606472,1.82149790559454
2026-04-27,4701.6,0.0,0.35445705492966506,1.8239324736672213
2026-04-28,4610.75,0.0,0.35246866993782655,1.8115063606061212
2026-04-29,4565.3,0.0,0.3524262590166891,1.80521309969175
2026-04-30,4625.8,0.0,0.31459920779360034,1.8126709513998438
2026-05-01,4568.3,0.4542946056268571,0.31459920779360034,1.805582398370141
2026-05-05,4554.15,0.0,0.4542946056268571,1.8027894473471346
2026-05-06,4699.3,0.0,0.4542946056268571,1.8288925599312003
2026-05-07,4734.15,0.0,0.13969539783325674,1.8302118893740333
2026-05-08,4710.1,0.0,0.13969539783325674,1.8289130467346946
2026-05-11,4651.65,0.0,0.13969539783325674,1.8257425336883304
2026-05-12,4698.65,0.0,0.13969539783325674,1.828319522066751
2026-05-13,4686.75,0.0,0.13969539783325674,1.827672665396491
2026-05-15,4553.35,0.0,0.0,1.8274173479363895
2026-05-18,4541.4,0.0,0.0,1.8274173479363895
2026-05-19,4541.0,0.0,0.0,1.8274173479363895
2026-05-20,4474.3,0.0,0.0,1.8274173479363895
2026-05-21,4537.7,0.0,0.0,1.8274173479363895
2026-05-22,4515.1,0.0,0.0,1.8274173479363895
2026-05-26,4516.85,0.0,0.0,1.8274173479363895
2026-05-27,4487.45,0.0,0.0,1.8274173479363895
2026-05-28,4391.9,0.0,0.0,1.8274173479363895
2026-05-29,4525.75,0.0,0.0,1.8274173479363895
2026-06-01,4490.4,0.0,0.0,1.8274173479363895
2026-06-02,4523.8,0.0,0.0,1.8274173479363895
2026-06-03,4441.25,0.0,0.0,1.8274173479363895
2026-06-04,4464.95,0.0,0.0,1.8274173479363895
2026-06-05,4463.1,0.0,0.0,1.8274173479363895
2026-06-08,4280.6,0.0,0.0,1.8274173479363895
2026-06-09,4326.75,0.0,0.0,1.8274173479363895
2026-06-10,4166.4,0.0,0.0,1.8274173479363895
2026-06-11,4079.85,0.0,0.0,1.8274173479363895
2026-06-12,4223.5,0.0,0.0,1.8274173479363895
2026-06-15,4337.55,0.0,0.0,1.8274173479363895
2026-06-16,4343.3,0.0,0.0,1.8274173479363895
2026-06-17,4331.85,0.0,0.0,1.8274173479363895
2026-06-18,4264.9,0.0,0.0,1.8274173479363895
2026-06-19,4164.55,0.0,0.0,1.8274173479363895
2026-06-22,4207.75,0.0,0.0,1.8274173479363895
2026-06-23,4112.75,0.0,0.0,1.8274173479363895
2026-06-24,4069.55,0.0,0.0,1.8274173479363895
2026-06-25,3994.5,0.0,0.0,1.8274173479363895
2026-06-26,4047.95,0.0,0.0,1.8274173479363895
2026-06-29,4042.85,0.0,0.0,1.8274173479363895
2026-06-30,4016.7,0.0,0.0,1.8274173479363895
2026-07-01,3978.55,0.0,0.0,1.8274173479363895
2026-07-02,4064.2,0.0,0.0,1.8274173479363895
2026-07-03,4171.25,0.0,0.0,1.8274173479363895
2026-07-06,4137.55,0.0,0.0,1.8274173479363895
2026-07-07,4124.15,0.0,0.0,1.8274173479363895
2026-07-08,4055.4,0.0,0.0,1.8274173479363895
2026-07-09,4107.05,0.0,0.0,1.8274173479363895
2026-07-10,4102.2,0.0,0.0,1.8274173479363895
2026-07-13,4070.95,0.0,0.0,1.8274173479363895
2026-07-14,4015.9,0.0,0.0,1.8274173479363895
2026-07-15,4027.35,0.0,0.0,1.8274173479363895
2026-07-16,4030.95,0.0,0.0,1.8274173479363895
2026-07-17,3998.8,0.0,0.0,1.8274173479363895
2026-07-20,4014.8,0.0,0.0,1.8274173479363895
2026-07-21,4063.2,0.0,0.0,1.8274173479363895
2026-07-22,4118.65,0.0,0.0,1.8274173479363895
2026-07-23,4090.1,0.0,0.0,1.8274173479363895
2026-07-24,4051.85,0.0,0.0,1.8274173479363895
2026-07-27,4091.1,0.0,0.0,1.8274173479363895
2026-07-28,4037.7,0.0,0.0,1.8274173479363895
2026-07-29,4031.6,0.0,0.0,1.8274173479363895
2026-07-30,4061.5,0.0,0.0,1.8274173479363895
2026-07-31,4052.2,0.0,0.0,1.8274173479363895
2026-08-03,4045.65,0.0,0.0,1.8274173479363895
2026-08-04,4049.2,0.0,0.0,1.8274173479363895
2026-08-05,4156.45,0.0,0.0,1.8274173479363895
2026-08-06,4281.1,0.0,0.0,1.8274173479363895
2026-08-07,4301.85,0.0,0.0,1.8274173479363895
2026-08-10,4340.5,0.0,0.0,1.8274173479363895
2026-08-11,4372.2,0.0,0.0,1.8274173479363895
2026-08-12,4413.2,0.0,0.0,1.8274173479363895
2026-08-13,4380.45,0.0,0.0,1.8274173479363895
2026-08-14,4349.9,0.0,0.0,1.8274173479363895
2026-08-17,4393.6,0.0,0.0,1.8274173479363895
2026-08-18,4388.75,0.0,0.0,1.8274173479363895
2026-08-19,4355.75,0.0,0.0,1.8274173479363895
2026-08-20,4487.6,0.0,0.0,1.8274173479363895
2026-08-21,4581.95,0.41983701015048047,0.0,1.8274173479363895
2026-08-24,4634.2,0.4188232661950692,0.41983701015048047,1.8353990498501294
2026-08-25,4625.65,0.44243484976975855,0.41983701015048047,1.8339773675223459
2026-08-26,4621.05,0.44312170258567773,0.44243484976975855,1.8331290075290043
2026-08-27,4594.95,0.43141786046584113,0.44312170258567773,1.8285398278706007
2026-08-28,4602.0,0.4353574829424707,0.44312170258567773,1.8297830129012302
