variant,ma,risk_target,cap,two_vote_fraction,selection_score,train_return_pct,train_annualized_return_pct,train_max_drawdown_pct,train_average_weight_pct,train_days_in_gold_pct,train_last_weight_pct,blind_return_pct,blind_annualized_return_pct,blind_max_drawdown_pct,blind_average_weight_pct,blind_days_in_gold_pct,blind_last_weight_pct,full_return_pct,full_annualized_return_pct,full_max_drawdown_pct,full_average_weight_pct,full_days_in_gold_pct,full_last_weight_pct
ma200_risk0.14_cap1.00_two0.60,200,0.14,1.0,0.6,1.0013931708389798,44.71781343612265,7.677853051247174,-10.983664514821367,36.636143382857625,53.42902711323764,0.0,26.437994705391542,15.268181426946503,-7.4585970688522245,34.90685699897304,69.54436450839329,44.312170258567775,82.97830129012303,9.506759156595113,-10.983664514821367,36.20459794774101,57.450628366247756,44.312170258567775
ma200_risk0.12_cap1.00_two0.60,200,0.12,1.0,0.6,0.9848951100395965,42.287291735844335,7.313461651125164,-10.577712851769705,33.994587533165344,54.385964912280706,0.0,24.4220740090207,14.151443404643604,-6.30710699183169,31.577430202132494,69.7841726618705,37.98186022162952,77.0367994290032,8.964767181338074,-10.577712851769705,33.39138310046594,58.22860562537403,37.98186022162952
ma200_risk0.10_cap1.00_two0.60,200,0.1,1.0,0.6,0.9840197054210583,37.58314279881121,6.593820099319414,-9.37392614989837,29.837625903011322,55.02392344497608,0.0,21.097611515045166,12.294115246310744,-4.892489935063493,26.948840590296086,70.02398081534771,31.651550184691263,66.60989977669412,7.975083020968388,-9.37392614989837,29.116726157109312,58.7672052663076,31.651550184691263
ma200_risk0.10_cap1.00_two0.40,200,0.1,1.0,0.4,0.9835611184325239,35.55142663999593,6.276909067585645,-8.851023866140617,26.622698804765328,54.78468899521531,0.0,20.58330531370549,12.004993820340658,-3.718313283590202,23.012686593103137,68.5851318944844,21.101033456460843,63.45239064238963,7.665002059819392,-8.851023866140617,25.721816044583917,58.22860562537403,21.101033456460843
ma200_risk0.14_cap1.00_two0.40,200,0.14,1.0,0.4,0.9747542433340367,41.809915590168934,7.241307774363048,-10.5831260092209,32.82772409725051,53.34928229665071,0.0,24.908563528079995,14.421587879772503,-5.263367618857362,29.730909413300356,68.82494004796163,29.541446839045182,77.1327285040629,8.973639901779862,-10.5831260092209,32.054910378993654,57.21125074805505,29.541446839045182
ma200_risk0.12_cap1.00_two0.40,200,0.12,1.0,0.4,0.9733448948572743,39.94226702269559,6.957138153620979,-10.113434665611065,30.445685932914856,54.14673046251993,0.0,23.46899504645115,13.620994641966156,-4.4553443461572755,27.012190310471606,68.82494004796163,25.32124014775301,72.78531073814382,8.56737249476498,-10.113434665611065,29.588853093561873,57.809694793536806,25.32124014775301
ma200_risk0.10_cap0.75_two0.60,200,0.1,0.75,0.6,0.9661201705072804,32.18339064479962,5.743085136541537,-8.141838368549259,26.96779113633834,53.66826156299841,0.0,19.35974326297414,11.315197120102226,-4.892489935063537,25.654749944355125,69.30455635491607,31.651550184691263,57.773755709926775,7.094295044040444,-8.141838368549259,26.640120174604647,57.57031717534411,31.651550184691263
ma200_risk0.10_cap1.00_two0.25,200,0.1,1.0,0.25,0.9500337094074032,33.3303397672438,5.9260824524427935,-8.61643968351643,24.37150502675205,54.78468899521531,0.0,19.978283533106445,11.664252742444493,-2.9343783394113143,20.684519675114434,68.5851318944844,13.188145910288027,59.96745308159812,7.3168007350755015,-8.61643968351643,23.451413529664748,58.22860562537403,13.188145910288027
ma200_risk0.16_cap1.00_two0.60,200,0.16,1.0,0.6,0.9430284670319278,43.828298677882515,7.545066183919724,-11.548234367185984,38.12553736086184,51.59489633173844,0.0,27.540793969590858,15.876116002372441,-8.500603006174579,37.00046792153958,69.54436450839329,50.64248029550602,83.43975408672597,9.548224735293708,-11.548234367185984,37.84477496936132,56.07420706163973,50.64248029550602
ma200_risk0.10_cap0.75_two0.40,200,0.1,0.75,0.4,0.942726795486031,30.215644333293113,5.426148322576241,-7.838665440994442,24.157655878248715,53.42902711323764,0.0,18.306847556235972,10.719380597540695,-3.718313283590158,21.94830105964645,68.5851318944844,21.101033456460843,54.054023835759324,6.710924074920577,-7.838665440994442,23.60630880502481,57.21125074805505,21.101033456460843
ma200_risk0.12_cap1.00_two0.25,200,0.12,1.0,0.25,0.9313431887955729,37.406702466899766,6.5664475731661565,-9.951917132020128,27.968334788107853,54.14673046251993,0.0,22.791284427415647,13.24282316855907,-3.4686341927777087,24.242149313466847,68.82494004796163,15.825775092345632,68.72345484846359,8.179864921044476,-9.951917132020128,27.03846085457985,57.809694793536806,15.825775092345632
ma200_risk0.16_cap1.00_two0.40,200,0.16,1.0,0.4,0.9217615298719934,40.867203588113846,7.098247318066631,-11.040264255452549,34.16554251015543,51.355661881977674,0.0,25.457639641961038,14.725988455440199,-6.005137069238565,31.262144219894754,68.82494004796163,33.761653530337355,76.72866865128385,8.936239732348472,-11.040264255452549,33.440996078654116,55.71514063435069,33.761653530337355
ma200_risk0.16_cap0.75_two0.40,200,0.16,0.75,0.4,0.9175842877245726,30.17848804803924,5.420126965441052,-8.081397346975228,26.369360361079604,50.63795853269537,0.0,17.84961893253534,10.459991662752198,-5.891937127994296,25.46980238731857,66.90647482014388,30.000000000000004,53.41485209675045,6.644258111045387,-8.081397346975228,26.144874618974068,54.69778575703172,30.000000000000004
ma200_risk0.16_cap0.75_two0.60,200,0.16,0.75,0.6,0.9138790998627437,31.93162084632004,5.702745019539268,-8.62032768241071,29.536468060623765,50.79744816586922,0.0,19.131518149364513,11.18622472997217,-7.81138146879532,30.24433136169447,67.62589928057554,44.99999999999999,57.17214283328427,7.032814558578426,-8.62032768241071,29.71311617345829,54.99700777977259,44.99999999999999
ma200_risk0.14_cap1.00_two0.25,200,0.14,1.0,0.25,0.9123890375448437,38.89038278082353,6.795752229794183,-10.615732680482514,30.21740366061627,53.18979266347688,0.0,24.097807947258953,13.97114921719773,-4.041178132647493,26.54494725893412,68.82494004796163,18.46340427440324,72.35992048055905,8.527154658350767,-10.615732680482514,29.300937879945145,57.09156193895871,18.46340427440324
ma200_risk0.12_cap0.75_two0.60,200,0.12,0.75,0.6,0.9008786903286723,31.73690120132551,5.671503583193438,-8.710388494488896,28.594153020646385,51.59489633173844,0.0,20.250957181231776,11.817902961043147,-6.307106991831713,27.805672436159167,69.54436450839329,37.98186022162952,58.41488465548734,7.159594922074186,-8.710388494488896,28.39738677065765,56.07420706163973,37.98186022162952
ma200_risk0.10_cap0.75_two0.25,200,0.1,0.75,0.25,0.8965752194563885,28.35456403162391,5.1228469640825836,-7.771405843165646,22.230810278878558,53.42902711323764,0.0,17.68630468092882,10.367246230975912,-2.934378339411303,19.644219888904107,68.5851318944844,13.188145910288027,51.05574329813465,6.396140822557594,-7.771405843165646,21.58532362859768,57.21125074805505,13.188145910288027
ma200_risk0.14_cap0.75_two0.60,200,0.14,0.75,0.6,0.8817034494896885,31.4688054166699,5.628428954467157,-8.853905467770328,29.268156038283244,51.355661881977674,0.0,19.790004793208738,11.558078261132753,-7.288132952409643,29.21607417109491,68.10551558752998,44.312170258567775,57.48648831020316,7.064963288382153,-8.853905467770328,29.255158947548637,55.53560742070617,44.312170258567775
ma200_risk0.12_cap0.75_two0.40,200,0.12,0.75,0.4,0.8804895531243301,29.649571657030172,5.334264068078798,-8.325534447374661,25.624156882616578,51.355661881977674,0.0,18.73612149629782,10.962551136090525,-4.455344346157231,23.50910991897395,68.82494004796163,25.32124014775301,53.94087292212091,6.699139513895069,-8.325534447374661,25.096344444651898,55.71514063435069,25.32124014775301
ma200_risk0.14_cap0.75_two0.40,200,0.14,0.75,0.4,0.8781467083463204,29.593117993372896,5.325082989403773,-8.334763809875856,26.165217991184207,51.196172248803826,0.0,18.340484234837096,10.738447293604004,-5.170057179983489,24.59952564489467,67.38609112709833,29.541446839045182,53.3611233683811,6.638643428426461,-8.334763809875856,25.774497639058097,55.23638539796529,29.541446839045182
ma200_risk0.10_cap1.00_two0.00,200,0.1,1.0,0.0,0.8616756304025811,30.009055182585698,5.392652104468243,-8.649880536435484,20.818369420720256,31.33971291866029,0.0,18.148094430815952,10.629363728098351,-2.037520910121493,16.928623527765524,30.215827338129497,0.0,53.60322128573305,6.663929610089259,-8.649880536435484,19.84767879393263,31.05924596050269,0.0
ma200_risk0.16_cap1.00_two0.25,200,0.16,1.0,0.25,0.8515512807632221,37.6852227217696,6.609643712603264,-11.143465845424394,31.455798708665757,51.355661881977674,0.0,24.478590412609424,14.182847950543032,-4.6078257355046,27.746006066276713,68.82494004796163,21.101033456460843,71.38862445052052,8.435007949800832,-11.143465845424394,30.5300156255561,55.71514063435069,21.101033456460843
ma200_risk0.16_cap0.75_two0.25,200,0.16,0.75,0.25,0.8274583459728975,27.68466191383585,5.012811442250276,-8.325194450020524,24.23625446680425,50.63795853269537,0.0,17.43995550600954,10.227249575401732,-4.607825735504612,22.529569399333855,66.90647482014388,18.75,49.952810139607465,6.279009524535573,-8.325194450020524,23.81034921657376,54.69778575703172,18.75
ma200_risk0.12_cap1.00_two0.00,200,0.12,1.0,0.0,0.8265988169067154,33.46298343796852,5.947164611604427,-10.191853047890708,24.068559518468984,31.259968102073366,0.0,21.155442109236255,12.326594878917696,-2.433638213666356,19.656019549037254,30.69544364508393,0.0,61.69766763644744,7.4904740204299936,-10.191853047890708,22.96740501981367,31.119090365050866,0.0
ma200_risk0.12_cap0.75_two0.25,200,0.12,0.75,0.25,0.8136421386210897,27.42881203887695,4.970664659485768,-8.407823134353698,23.59184903149932,51.355661881977674,0.0,18.02378995523961,10.558846783965903,-3.4686341927776865,20.870196617980827,68.82494004796163,15.825775092345632,50.39631346322133,6.326197208870998,-8.407823134353698,22.91265749563025,55.71514063435069,15.825775092345632
ma200_risk0.14_cap0.75_two0.25,200,0.14,0.75,0.25,0.801930143478492,27.252234751257866,4.941537152047659,-8.493542314409208,24.066818296786437,51.196172248803826,0.0,17.744384140501058,10.400235106661082,-4.041178132647493,21.757862205004976,67.38609112709833,18.46340427440324,49.832360112893404,6.26617345692726,-8.493542314409208,23.490615609609375,55.23638539796529,18.46340427440324
ma150_risk0.14_cap1.00_two0.40,150,0.14,1.0,0.4,0.7985562854653551,39.72467016435037,6.9238330275501525,-12.69339252534758,32.144387935713475,53.42902711323764,0.0,24.908563528079995,14.421587879772503,-5.263367618857362,29.730909413300356,68.82494004796163,29.541446839045182,74.52807839663802,8.731266279913342,-12.69339252534758,31.54210155399817,57.27109515260324,29.541446839045182
ma150_risk0.12_cap1.00_two0.40,150,0.12,1.0,0.4,0.794203298439005,37.71759301809736,6.614659537428014,-12.106827754868178,29.866541504737537,54.30622009569378,0.0,23.46899504645115,13.620994641966156,-4.4553443461572755,27.012190310471606,68.82494004796163,25.32124014775301,70.03852810160663,8.306184676843365,-12.106827754868178,29.154234833277997,57.92938360263315,25.32124014775301
ma100_risk0.12_cap1.00_two0.60,100,0.12,1.0,0.6,0.7923037545410758,42.058742094420396,7.278941303709363,-13.587790039847292,32.260116580731264,51.91387559808612,0.0,24.914299854177035,14.424770747341608,-6.30710699183169,31.010599392167137,67.86570743405275,37.98186022162952,77.45168306889627,9.003111482115923,-13.587790039847292,31.94829810818115,55.894673847995215,37.98186022162952
ma150_risk0.12_cap1.00_two0.25,150,0.12,1.0,0.25,0.7893870355947811,35.60299884797789,6.285000247007999,-11.48201239193214,27.237581984186438,54.30622009569378,0.0,22.791284427415647,13.24282316855907,-3.4686341927777087,24.242149313466847,68.82494004796163,15.825775092345632,66.50866400752555,7.965219026499382,-11.48201239193214,26.49006826564062,57.92938360263315,15.825775092345632
ma150_risk0.10_cap1.00_two0.00,150,0.1,1.0,0.0,0.7884925364844082,29.09592989715466,5.244086660841929,-9.291482798617833,19.974966254441803,29.74481658692185,0.0,18.148094430815952,10.629363728098351,-2.037520910121493,16.928623527765524,30.215827338129497,0.0,52.52438116123035,6.550986980901086,-9.291482798617833,19.21474787202169,29.862357869539196,0.0
ma150_risk0.14_cap1.00_two0.60,150,0.14,1.0,0.6,0.7864117173583811,41.417775239253984,7.181891527486317,-13.49287657906737,36.10834211732226,53.50877192982456,0.0,26.437994705391542,15.268181426946503,-7.4585970688522245,34.90685699897304,69.54436450839329,44.312170258567775,78.80579916949031,9.127733558991258,-13.49287657906737,35.80851010394607,57.51047277079593,44.312170258567775
ma100_risk0.14_cap1.00_two0.60,100,0.14,1.0,0.6,0.7863732035850681,44.305207767299,7.616340645800701,-14.459005278760051,34.702895894842676,50.63795853269537,0.0,27.023863687746697,15.59140960563492,-7.4585970688522245,34.24555438734679,67.62589928057554,44.312170258567775,83.30205040865333,9.535860139495833,-14.459005278760051,34.58876578794514,54.877318970676235,44.312170258567775
ma150_risk0.10_cap1.00_two0.25,150,0.1,1.0,0.25,0.7863024040601317,31.374721021497585,5.613295872282631,-10.098773326423338,23.751979703651585,55.183413078149925,0.0,19.978283533106445,11.664252742444493,-2.9343783394113143,20.684519675114434,68.5851318944844,13.188145910288027,57.62113527800001,7.078717221456299,-10.098773326423338,22.98649147390892,58.52782764811491,13.188145910288027
ma100_risk0.12_cap1.00_two0.40,100,0.12,1.0,0.4,0.7795106158070952,39.43206759674509,6.878982149871105,-12.959575105289545,28.991774865639307,51.674641148325364,0.0,23.761800277890522,13.784130546517815,-4.4553443461572755,26.63417109556498,66.90647482014388,25.32124014775301,72.56363702241732,8.546425221548738,-12.959575105289545,28.403432093574082,55.475763016157984,25.32124014775301
ma150_risk0.14_cap1.00_two0.25,150,0.14,1.0,0.25,0.7747133451761864,37.11328421265962,6.520865059951886,-12.258249099261187,29.365097932001937,53.2695374800638,0.0,24.097807947258953,13.97114921719773,-4.041178132647493,26.54494725893412,68.82494004796163,18.46340427440324,70.15458011240563,8.317292185185487,-12.258249099261187,28.661326040518226,57.151406343506885,18.46340427440324
ma150_risk0.10_cap1.00_two0.40,150,0.1,1.0,0.4,0.7738782963975576,32.94932898063736,5.865431802567644,-10.835667594664988,26.125851255215487,55.183413078149925,0.0,20.58330531370549,12.004993820340658,-3.718313283590202,23.012686593103137,68.5851318944844,21.101033456460843,60.31469527724455,7.351783358075026,-10.835667594664988,25.348957380828384,58.52782764811491,21.101033456460843
ma100_risk0.10_cap1.00_two0.40,100,0.1,1.0,0.4,0.7731470575050864,34.7357071558565,6.148601947769761,-11.466438711276982,25.299041231323503,52.312599681020735,0.0,20.894783804706375,12.180151922043226,-3.718313283590202,22.698000601338585,65.94724220623502,21.101033456460843,62.88844187381499,7.60908499515951,-11.466438711276982,24.649948506785076,55.71514063435069,21.101033456460843
ma100_risk0.10_cap1.00_two0.60,100,0.1,1.0,0.6,0.7710993546905878,36.798814509580694,6.471925502518228,-12.217108619785666,28.224376636738246,52.551834130781494,0.0,21.569610235214288,12.559027424836211,-4.892489935063493,26.476811602649253,67.38609112709833,31.651550184691263,66.30578560569107,7.945436046123744,-12.217108619785666,27.788269743132552,56.25374027528426,31.651550184691263
ma150_risk0.10_cap0.75_two0.40,150,0.1,0.75,0.4,0.7704857858664684,28.76529286540732,5.190084728023692,-9.431912958208022,23.67263021963471,53.50877192982456,0.0,18.306847556235972,10.719380597540695,-3.718313283590158,21.94830105964645,68.5851318944844,21.101033456460843,52.33815873561787,6.531422896880468,-9.431912958208022,23.242321865526325,57.27109515260324,21.101033456460843
ma200_risk0.10_cap0.75_two0.00,200,0.1,0.75,0.0,0.7693264091972296,25.267361621750872,4.6118755643726805,-8.222803824328285,19.181674947547897,30.063795853269536,0.0,16.45241150121319,9.664876354516473,-2.037520910121493,15.850614158769972,29.256594724220626,0.0,45.876863432473904,5.8396940104511685,-8.222803824328285,18.350404840474052,29.862357869539196,0.0
ma150_risk0.12_cap1.00_two0.60,150,0.12,1.0,0.6,0.7690739388048062,38.86184437606084,6.791360106279787,-12.969637576614579,33.55152192805602,54.54545454545454,0.0,24.4220740090207,14.151443404643604,-6.30710699183169,31.577430202132494,69.7841726618705,37.98186022162952,72.77478677987337,8.56637853955251,-12.969637576614579,33.0588850341541,58.34829443447038,37.98186022162952
ma200_risk0.14_cap1.00_two0.00,200,0.14,1.0,0.0,0.7616720737311563,34.158135637491306,6.05737765072456,-11.466511618478892,26.044537151679748,29.98405103668261,0.0,22.44003906774794,13.046499881365548,-2.8177032854762696,21.27563946653718,29.496402877697843,0.0,64.26327368710662,7.745116709231326,-11.466511618478892,24.854453169211492,29.862357869539196,0.0
ma100_risk0.10_cap0.75_two0.60,100,0.1,0.75,0.6,0.7605874166578671,32.00808303350047,5.715002770712463,-10.72586011086859,25.576598836192865,50.95693779904307,0.0,19.824968343427862,11.577799940449474,-4.892489935063537,25.182720956708295,66.66666666666666,31.651550184691263,58.17864370565786,7.1355596231291285,-10.72586011086859,25.478306151725445,54.877318970676235,31.651550184691263
ma100_risk0.14_cap1.00_two0.40,100,0.14,1.0,0.4,0.7598657012284463,41.08193179942927,7.130900411857133,-13.931852190856775,31.182789984668247,50.558213716108455,0.0,25.255135491523784,14.613784074408965,-5.263367618857362,29.2898869959093,66.90647482014388,29.541446839045182,76.71236482943459,8.934729110475615,-13.931852190856775,30.710413834870227,54.637941352483544,29.541446839045182
ma150_risk0.10_cap0.75_two0.25,150,0.1,0.75,0.25,0.759438291380836,27.125253330164046,4.9205707972915125,-9.010168942893248,21.6212829518499,53.50877192982456,0.0,17.68630468092882,10.367246230975912,-2.934378339411303,19.644219888904107,68.5851318944844,13.188145910288027,49.6090129605393,6.242348671668996,-9.010168942893248,21.12790455732662,57.27109515260324,13.188145910288027
ma150_risk0.10_cap0.75_two0.60,150,0.1,0.75,0.6,0.7589134992771874,29.949087760979488,5.382921056970491,-10.02239350616133,26.594994451039998,53.74800637958532,0.0,19.35974326297414,11.315197120102226,-4.892489935063537,25.654749944355125,69.30455635491607,31.651550184691263,55.106897524082065,6.820228694344088,-10.02239350616133,26.360355337163522,57.63016157989228,31.651550184691263
ma150_risk0.12_cap1.00_two0.00,150,0.12,1.0,0.0,0.7547719533600141,32.34569107024336,5.769057348976991,-10.943686661708874,23.056475718934838,29.665071770334926,0.0,21.155442109236255,12.326594878917696,-2.433638213666356,19.656019549037254,30.69544364508393,0.0,60.34400712867767,7.354733408222147,-10.943686661708874,22.207887913520537,29.922202274087372,0.0
ma150_risk0.16_cap1.00_two0.40,150,0.16,1.0,0.4,0.7469535446978421,38.60848619356154,6.752336031922734,-13.3319799609265,33.38167128057857,51.43540669856459,0.0,25.457639641961038,14.725988455440199,-6.005137069238565,31.262144219894754,68.82494004796163,33.761653530337355,73.89493512189593,8.671885565297476,-13.3319799609265,32.85274082916915,55.77498503889886,33.761653530337355
ma100_risk0.10_cap1.00_two0.25,100,0.1,1.0,0.25,0.7466684856483483,31.864554132462985,5.691988789985425,-10.909561909300901,23.24148189974543,52.312599681020735,0.0,20.171117583470632,11.772927987954862,-2.9343783394113143,20.487840930261587,65.94724220623502,13.188145910288027,58.46310839744133,7.164497491760269,-10.909561909300901,22.55430758240566,55.71514063435069,13.188145910288027
ma100_risk0.12_cap1.00_two0.25,100,0.12,1.0,0.25,0.7402017355822106,35.91356877684995,6.333673683579777,-12.497700140867307,26.696572446875315,51.674641148325364,0.0,22.938330060256582,13.324946338728271,-3.4686341927777087,24.005738794854274,66.90647482014388,15.825775092345632,67.08987177955738,8.021780311665626,-12.497700140867307,26.02507176890238,55.475763016157984,15.825775092345632
ma100_risk0.10_cap0.75_two0.40,100,0.1,0.75,0.4,0.7380950280615857,29.79677434407657,5.3581886610917895,-10.299834825866528,22.983798927734806,50.717703349282296,0.0,18.612445733827897,10.892528203425588,-3.718313283590158,21.633615067881895,65.94724220623502,21.101033456460843,53.95512853312692,6.700624627490104,-10.299834825866528,22.646858969890005,54.51825254338719,21.101033456460843
ma150_risk0.10_cap1.00_two0.60,150,0.1,1.0,0.6,0.7303812256530423,33.60226979714096,5.969284516783091,-11.840761169043146,29.449293986592235,55.422647527910684,0.0,21.097611515045166,12.294115246310744,-4.892489935063493,26.948840590296086,70.02398081534771,31.651550184691263,61.78915765422439,7.499613458891363,-11.840761169043146,28.825302923602703,59.06642728904848,31.651550184691263
ma150_risk0.16_cap1.00_two0.60,150,0.16,1.0,0.6,0.7272173020389325,40.219794256242494,6.9995561014750685,-14.353194932588176,37.51382526335654,51.674641148325364,0.0,27.540793969590858,15.876116002372441,-8.500603006174579,37.00046792153958,69.54436450839329,50.64248029550602,78.83743889693855,9.13063582739506,-14.353194932588176,37.38571633963561,56.134051466187906,50.64248029550602
ma150_risk0.16_cap1.00_two0.25,150,0.16,1.0,0.25,0.7145197395758385,35.71968959935046,6.303298813278357,-12.95436339893843,30.489053128137094,51.43540669856459,0.0,24.478590412609424,14.182847950543032,-4.6078257355046,27.746006066276713,68.82494004796163,21.101033456460843,68.94195652564008,8.200910984852893,-12.95436339893843,29.804522532807482,55.77498503889886,21.101033456460843
ma100_risk0.14_cap1.00_two0.25,100,0.14,1.0,0.25,0.711718288604621,37.137146648945496,6.524575001467103,-13.553513251800497,28.76310458236816,50.398724082934606,0.0,24.271551205187603,14.06777474618126,-4.041178132647493,26.26913498721945,66.90647482014388,18.46340427440324,70.42245941917788,8.342906749689384,-13.553513251800497,28.14073155952135,54.51825254338719,18.46340427440324
ma150_risk0.12_cap0.75_two0.40,150,0.12,0.75,0.4,0.710593230723334,28.078142054567113,5.077498759552901,-10.109733737922234,25.036253460433933,51.43540669856459,0.0,18.73612149629782,10.962551136090525,-4.455344346157231,23.50910991897395,68.82494004796163,25.32124014775301,52.07501836011181,6.503743323097866,-10.109733737922234,24.655153007538168,55.77498503889886,25.32124014775301
ma100_risk0.16_cap1.00_two0.40,100,0.16,1.0,0.4,0.6988343472031361,39.68522486455988,6.917791133826157,-14.834951182735212,32.320626983446225,48.165869218500795,0.0,25.85659101103421,14.946832466616012,-6.005137069238565,30.758118600019262,66.90647482014388,33.761653530337355,75.80306216063289,8.850290080959656,-14.834951182735212,31.930701192968037,52.842609216038305,33.761653530337355
ma150_risk0.10_cap0.75_two0.00,150,0.1,0.75,0.0,0.6984527834248683,24.3875398649092,4.46441073270305,-8.867405681762508,18.33827178126944,28.4688995215311,0.0,16.45241150121319,9.664876354516473,-2.037520910121493,15.850614158769972,29.256594724220626,0.0,44.852289779719754,5.7276241349299095,-8.867405681762508,17.717473918563112,28.6654697785757,0.0
ma150_risk0.16_cap0.75_two0.40,150,0.16,0.75,0.4,0.6976345683826392,28.19569871008394,5.096793987961479,-10.377226107927907,25.713375464505035,50.47846889952153,0.0,17.84961893253534,10.459991662752198,-5.891937127994296,25.46980238731857,66.90647482014388,30.000000000000004,51.078142417735094,6.398512066176076,-10.377226107927907,25.65259151885168,54.57809694793537,30.000000000000004
ma100_risk0.10_cap0.75_two0.25,100,0.1,0.75,0.25,0.6961073876291045,27.153113660334192,4.925172349633344,-9.993099767582637,21.197528053632787,50.717703349282296,0.0,17.875454968261838,10.474659187995506,-2.934378339411303,19.447541144051257,65.94724220623502,13.188145910288027,49.88231123342985,6.27149769056492,-9.993099767582637,20.76081677817169,54.51825254338719,13.188145910288027
ma150_risk0.12_cap0.75_two0.60,150,0.12,0.75,0.6,0.6918439756989874,29.24392582933626,5.268222547765533,-10.895377774535886,28.13536894751741,51.674641148325364,0.0,20.250957181231776,11.817902961043147,-6.307106991831713,27.805672436159167,69.54436450839329,37.98186022162952,55.41705790837843,6.852307930193291,-10.895377774535886,28.053092798363377,56.134051466187906,37.98186022162952
ma150_risk0.14_cap1.00_two0.00,150,0.14,1.0,0.0,0.691560907346792,32.850517052857,5.849679868685875,-12.329433827557546,24.871659879415862,28.38915470494418,0.0,22.44003906774794,13.046499881365548,-2.8177032854762696,21.27563946653718,29.496402877697843,0.0,62.662224981223204,7.5866087355913825,-12.329433827557546,23.97426878894883,28.6654697785757,0.0
ma100_risk0.12_cap0.75_two0.60,100,0.12,0.75,0.6,0.6906236492850045,31.274803683340103,5.5972150912013685,-11.724511722999287,26.98437721865493,48.72408293460925,0.0,20.726681681894732,12.085642810587306,-6.307106991831713,27.23884162619381,67.62589928057554,37.98186022162952,58.48371437131827,7.166591970061775,-11.724511722999287,27.047879108507537,53.44105326152005,37.98186022162952
ma150_risk0.14_cap0.75_two0.40,150,0.14,0.75,0.4,0.6881655625264286,27.747682488408,5.023182607633991,-10.366463533900717,25.510331984877403,51.355661881977674,0.0,18.340484234837096,10.738447293604004,-5.170057179983489,24.59952564489467,67.38609112709833,29.541446839045182,51.17722605556414,6.408997800167637,-10.366463533900717,25.28303919985479,55.356074207061646,29.541446839045182
ma150_risk0.12_cap0.75_two0.25,150,0.12,0.75,0.25,0.680361394290412,26.051351341269992,4.742581846323257,-9.819478820419715,22.86678984610282,51.43540669856459,0.0,18.02378995523961,10.558846783965903,-3.4686341927776865,20.870196617980827,68.82494004796163,15.825775092345632,48.770582142761555,6.152641441061757,-9.819478820419715,22.368537676068787,55.77498503889886,15.825775092345632
ma100_risk0.16_cap0.75_two0.60,100,0.16,0.75,0.6,0.6790718382258114,31.26310571683053,5.59533177043694,-11.954772630427712,27.816194279673844,48.08612440191388,0.0,19.881030649222133,11.609417932720545,-7.81138146879532,29.59632131425377,65.70743405275779,44.99999999999999,57.35956399551427,7.051989058098829,-11.954772630427712,28.260427058500788,52.48354278874925,44.99999999999999
ma200_risk0.16_cap1.00_two0.00,200,0.16,1.0,0.0,0.6725300494692339,32.50888986383587,5.7951476478455,-12.60129191267393,27.007740021759002,28.947368421052634,0.0,22.461240832332518,13.058356579330077,-3.2151228609689886,21.9147371761283,29.496402877697843,0.0,62.27203074040224,7.5477776668582575,-12.60129191267393,25.73677521827127,29.084380610412925,0.0
ma100_risk0.14_cap0.75_two0.60,100,0.14,0.75,0.6,0.66799080979551,30.924304026454962,5.54072786127211,-12.04860763086868,27.53179747640156,48.5645933014354,0.0,20.35735416960598,11.877819858984417,-7.288132952409643,28.561980729585684,66.18705035971223,44.312170258567775,57.57702829121234,7.074212876053831,-12.04860763086868,27.78888090942237,52.96229802513464,44.312170258567775
ma100_risk0.16_cap0.75_two0.40,100,0.16,0.75,0.4,0.6641532802679585,29.069045272109495,5.2396998120306515,-11.358969226755033,24.887582944114584,47.60765550239234,0.0,18.30157623276165,10.716392394109198,-5.891937127994296,25.037619678007367,64.98800959232614,30.000000000000004,52.69071498548232,6.568444462956036,-11.358969226755033,24.92502478614528,51.94494314781568,30.000000000000004
ma100_risk0.12_cap0.75_two0.40,100,0.12,0.75,0.4,0.6627681301407402,28.821099732657007,5.199207266867822,-11.283446691047894,24.24047023758467,48.165869218500795,0.0,19.01770277524044,11.12187007365122,-4.455344346157231,23.13109070406733,66.90647482014388,25.32124014775301,53.31991359160979,6.634335850643769,-11.283446691047894,23.963623280387345,52.842609216038305,25.32124014775301
ma150_risk0.14_cap0.75_two0.60,150,0.14,0.75,0.6,0.6611521899746099,28.7523136993989,5.187962619274034,-11.28711163542463,28.734391622124487,51.515151515151516,0.0,19.790004793208738,11.558078261132753,-7.288132952409643,29.21607417109491,68.10551558752998,44.312170258567775,54.23240275187704,6.729487143291446,-11.28711163542463,28.854596064327165,55.65529622980251,44.312170258567775
ma150_risk0.16_cap0.75_two0.25,150,0.16,0.75,0.25,0.6605494085527237,25.952382737887604,4.726117784828765,-10.125369071149448,23.44498400213893,50.47846889952153,0.0,17.43995550600954,10.227249575401732,-4.607825735504612,22.529569399333855,66.90647482014388,18.75,47.918422246134206,6.061024010869542,-10.125369071149448,23.216541219751306,54.57809694793537,18.75
ma150_risk0.16_cap0.75_two0.60,150,0.16,0.75,0.6,0.6588142980900057,29.01136653112044,5.2302857238280875,-11.443108036396222,29.00105530906335,50.63795853269537,0.0,19.131518149364513,11.18622472997217,-7.81138146879532,30.24433136169447,67.62589928057554,44.99999999999999,53.693199533764904,6.673318855345856,-11.443108036396222,29.311316298858188,54.877318970676235,44.99999999999999
ma150_risk0.14_cap0.75_two0.25,150,0.14,0.75,0.25,0.6522752229396266,25.604949547531074,4.668237998944824,-10.12873994046286,23.276234638538472,51.355661881977674,0.0,17.744384140501058,10.400235106661082,-4.041178132647493,21.757862205004976,67.38609112709833,18.46340427440324,47.89277429472754,6.058259602635885,-10.12873994046286,22.89732302586135,55.356074207061646,18.46340427440324
ma100_risk0.10_cap1.00_two0.00,100,0.1,1.0,0.0,0.6503532716815021,27.236157369135405,4.9388834837352125,-10.86070901152365,20.00074660469043,29.42583732057416,0.0,18.148094430815952,10.629363728098351,-2.037520910121493,16.928623527765524,30.215827338129497,0.0,50.327095358627695,6.318840362655287,-10.86070901152365,19.234094705780986,29.622980251346497,0.0
ma200_risk0.12_cap0.75_two0.00,200,0.12,0.75,0.0,0.6463590167056332,23.81866353414197,4.368618012528636,-9.469301695244104,20.255805016319254,28.947368421052634,0.0,16.59432074096152,9.74580427236873,-2.433638213666278,16.493383375582425,29.496402877697843,0.0,44.365529698169496,5.674145184249579,-9.469301695244104,19.316888305255663,29.084380610412925,0.0
ma100_risk0.14_cap0.75_two0.40,100,0.14,0.75,0.4,0.6462619053352717,28.568620055536577,5.1579101312909215,-11.51471500054283,24.672717386931343,48.08612440191388,0.0,18.67696305115294,10.929060306710392,-5.170057179983489,24.163309340914957,65.46762589928058,29.541446839045182,52.58133371868623,6.556966228011385,-11.51471500054283,24.545594014586143,52.42369838420108,29.541446839045182
ma100_risk0.16_cap1.00_two0.25,100,0.16,1.0,0.25,0.6442392713316877,35.42742819658618,6.257444831917636,-14.507348388842534,29.80767642391165,48.165869218500795,0.0,24.67818132175681,14.293709943037825,-4.6078257355046,27.430792041459945,66.90647482014388,21.101033456460843,68.84845448633152,8.191907708684543,-14.507348388842534,29.214522152527827,52.842609216038305,21.101033456460843
ma200_risk0.16_cap0.75_two0.00,200,0.16,0.75,0.0,0.6285319277062242,23.53779260787523,4.321192469101698,-9.661196210265066,20.683545184826187,28.07017543859649,0.0,16.422954842147774,9.648072956041908,-3.2151228609689775,17.658142451907676,29.496402877697843,0.0,43.82634850085272,5.614727725395041,-9.661196210265066,19.928552402284584,28.426092160383003,0.0
ma100_risk0.16_cap1.00_two0.60,100,0.16,1.0,0.6,0.6260650536601925,43.17296228678127,7.446816621732166,-15.409249015659155,35.979169624873236,48.72408293460925,0.0,28.21885072299757,16.248876158245217,-8.500603006174579,36.24469350825244,67.62589928057554,50.64248029550602,83.57472679018171,9.560336462032492,-15.409249015659155,36.04543141982784,53.44105326152005,50.64248029550602
ma100_risk0.12_cap1.00_two0.00,100,0.12,1.0,0.0,0.6215622644936076,30.06404322289775,5.401571981749043,-12.727634043602809,23.087412139233194,29.346092503987244,0.0,21.155442109236255,12.326594878917696,-2.433638213666356,19.656019549037254,30.69544364508393,0.0,57.57966659185006,7.074482337805588,-12.727634043602809,22.231104114031687,29.682824655894674,0.0
ma200_risk0.14_cap0.75_two0.00,200,0.14,0.75,0.0,0.6208651557874002,23.41894587027158,4.3010990203687705,-9.748104612000041,20.564267731229652,28.149920255183414,0.0,16.4578090722167,9.667955189234823,-2.817703285476225,17.047097667001953,29.496402877697843,0.0,43.73100034054347,5.604200724771746,-9.748104612000041,19.68655383728414,28.48593656493118,0.0
ma100_risk0.12_cap0.75_two0.25,100,0.12,0.75,0.25,0.6117565667489796,25.84497019508609,4.708237306091756,-11.032704979300178,22.355757317933733,48.165869218500795,0.0,18.165126394264377,10.6390235469086,-3.4686341927776865,20.633786099368255,66.90647482014388,15.825775092345632,48.70486809184762,6.145592279762169,-11.032704979300178,21.926037390859044,52.842609216038305,15.825775092345632
ma150_risk0.16_cap1.00_two0.00,150,0.16,1.0,0.0,0.6029512436313907,30.97288781722709,5.548564938412026,-13.614390691412803,25.70768047699718,27.591706539074963,0.0,22.461240832332518,13.058356579330077,-3.2151228609689886,21.9147371761283,29.496402877697843,0.0,60.391023574915216,7.359464355630019,-13.614390691412803,24.7611470500299,28.067025733093953,0.0
ma100_risk0.16_cap0.75_two0.25,100,0.16,0.75,0.25,0.6023754352686409,25.82089529798237,4.704227992632726,-11.223866201443233,22.906435447229825,47.60765550239234,0.0,17.67662121614024,10.361745441610903,-4.607825735504612,22.259257193619774,64.98800959232614,18.75,48.061778370563026,6.076467840615729,-11.223866201443233,22.744931358806493,51.94494314781568,18.75
ma100_risk0.14_cap0.75_two0.25,100,0.14,0.75,0.25,0.5895351582549421,25.443677277250565,4.641327711346843,-11.331138738042867,22.730297285157107,48.08612440191388,0.0,17.914307178833134,10.49671381507078,-4.041178132647493,21.4850537541724,65.46762589928058,18.46340427440324,47.916042961121505,6.060767581988147,-11.331138738042867,22.41954530884315,52.42369838420108,18.46340427440324
ma150_risk0.12_cap0.75_two0.00,150,0.12,0.75,0.0,0.5779933057782507,22.729179999829995,4.184173584606876,-10.265883586354663,19.28076035774788,27.591706539074963,0.0,16.59432074096152,9.74580427236873,-2.433638213666278,16.493383375582425,29.496402877697843,0.0,43.095253771753896,5.533858468407571,-10.265883586354663,18.585167179074634,28.067025733093953,0.0
ma100_risk0.10_cap0.75_two0.00,100,0.1,0.75,0.0,0.5754819690870894,22.595597007741517,4.161468581160199,-10.252766290155114,18.364052131518072,28.149920255183414,0.0,16.45241150121319,9.664876354516473,-2.037520910121493,15.850614158769972,29.256594724220626,0.0,42.76552910982425,5.49727140809424,-10.252766290155114,17.736820752322405,28.426092160383003,0.0
ma100_risk0.14_cap1.00_two0.00,100,0.14,1.0,0.0,0.5740042097561171,30.229746380705947,5.42843326832434,-14.058929908812534,24.879850566684304,28.07017543859649,0.0,22.44003906774794,13.046499881365548,-2.8177032854762696,21.27563946653718,29.496402877697843,0.0,59.45335234636546,7.2648894232606676,-14.058929908812534,23.98041548065118,28.426092160383003,0.0
ma150_risk0.16_cap0.75_two0.00,150,0.16,0.75,0.0,0.5486204033829761,22.199870041531632,4.094090816792151,-10.639571504620605,19.66679877334293,26.71451355661882,0.0,16.422954842147774,9.648072956041908,-3.2151228609689775,17.658142451907676,29.496402877697843,0.0,42.26869951561567,5.442006140592337,-10.639571504620605,19.165536244295353,27.408737283064035,0.0
ma150_risk0.14_cap0.75_two0.00,150,0.14,0.75,0.0,0.5422120444483655,22.082310422055016,4.074041110421733,-10.725538682544977,19.5475213197464,26.794258373205743,0.0,16.4578090722167,9.667955189234823,-2.817703285476225,17.047097667001953,29.496402877697843,0.0,42.17438398226783,5.431496355752086,-10.725538682544977,18.923537679294913,27.468581687612208,0.0
ma100_risk0.12_cap0.75_two0.00,100,0.12,0.75,0.0,0.4803773284338371,20.866938674997716,3.8658499810810154,-11.627471595278237,19.228680262783513,27.352472089314194,0.0,16.59432074096152,9.74580427236873,-2.433638213666278,16.493383375582425,29.496402877697843,0.0,40.92398614850807,5.291598940047981,-11.627471595278237,18.54608373258432,27.88749251944943,0.0
ma100_risk0.16_cap0.75_two0.00,100,0.16,0.75,0.0,0.4636321272903463,20.494364720721702,3.8016934075549624,-11.88674702303083,19.60699016090274,26.6347687400319,0.0,16.422954842147774,9.648072956041908,-3.2151228609689775,17.658142451907676,29.496402877697843,0.0,40.28309982613867,5.219485801407853,-11.88674702303083,19.120652940884224,27.34889287851586,0.0
ma100_risk0.14_cap0.75_two0.00,100,0.14,0.75,0.0,0.45841661288947727,20.37844584404165,3.7817000202527096,-11.971514383972682,19.48771270730621,26.71451355661882,0.0,16.4578090722167,9.667955189234823,-2.817703285476225,17.047097667001953,29.496402877697843,0.0,40.19010062515576,5.20899819597187,-11.971514383972682,18.87865437588378,27.408737283064035,0.0
ma100_risk0.16_cap1.00_two0.00,100,0.16,1.0,0.0,0.4140718953217787,28.33679479637898,5.119934195796572,-15.353074976345605,25.638240350378016,27.352472089314194,0.0,22.461240832332518,13.058356579330077,-3.2151228609689886,21.9147371761283,29.496402877697843,0.0,57.1628313520901,7.03186142224661,-15.353074976345605,24.70903578804281,27.88749251944943,0.0
