date,London gold (USD/oz),Shanghai gold proxy (CNY/g),Strategy A — CMB gold proxy,Strategy A — CCB Shanghai Gold ETF A
2021-01-31,95.95504454112286,94.72696035709738,100.0,100.0
2021-02-28,91.41806505075616,90.32362534907512,100.0,100.0
2021-03-31,87.28765278640978,87.808813444961,100.0,100.0
2021-04-30,91.60969546302051,90.75698934724798,100.0,100.0
2021-05-31,98.01377667288172,95.76299962109178,100.0,100.0
2021-06-30,91.03998342655893,90.07968571393646,93.31338580391014,94.4006351430055
2021-07-31,94.68873006007873,93.57687374314175,94.10491833111912,95.6070328230055
2021-08-31,93.96623161383883,93.00383653823937,94.10491833111912,95.6070328230055
2021-09-30,89.64936813755958,88.79295228612474,94.10491833111912,95.6070328230055
2021-10-31,93.03397555417443,91.01719308523685,94.10491833111912,95.6070328230055
2021-11-30,93.10130515848353,91.03460470866901,94.10491833111912,95.6070328230055
2021-12-31,94.26662523306402,91.9590240405821,95.8713059432988,97.41251043061008
2022-01-31,92.71804433395484,90.37454188109865,94.21941439860709,95.9615960386101
2022-02-28,98.57571990884607,95.31601948237841,99.37111965384243,100.6320576946101
2022-03-31,99.65299357779158,96.81840485307913,100.82786715047341,102.2333589346101
2022-04-30,99.20499274911954,100.62198791302308,103.78005858983738,104.2399254526101
2022-05-31,96.04309094675783,97.92954240032627,101.48683474608443,102.75746380726612
2022-06-30,93.92997721151853,96.34293576783548,100.79865501855323,102.8647966552661
2022-07-31,91.0969546302051,94.07866382600812,100.79865501855323,102.8647966552661
2022-08-31,88.6886264760721,93.83180526739052,100.79865501855323,102.8647966552661
2022-09-30,86.63507354464471,94.48554635812056,100.79865501855323,102.8647966552661
2022-10-31,84.87932463227678,94.2274843860672,100.79865501855323,102.8647966552661
2022-11-30,91.13579863269112,99.88941044113831,100.79865501855323,102.8647966552661
2022-12-31,93.86523720737517,100.06016880401374,99.90057628323517,102.9147612978662
2023-01-31,98.67412471514399,101.93405383428731,101.36801891944098,104.68654333887469
2023-02-28,93.75388440024861,99.66589124014392,98.66990169763505,102.9669832804623
2023-03-31,102.48601615910505,107.79545522091034,106.28945501441756,109.0650488784623
2023-04-30,102.68800497203232,108.82381438767526,107.18551502726629,109.76350288646233
2023-05-31,101.46053449347421,109.95699879999503,108.24155818522236,110.9362038964623
2023-06-30,98.58866790967474,109.45274047635377,107.44729501592704,110.5650043945512
2023-07-31,101.28185208203853,110.13238226131254,108.11448370693996,112.07470237055117
2023-08-31,100.69401284441683,112.28029545654228,110.2230406333237,113.94142351655118
2023-09-30,97.06339341205718,108.59598898498075,107.32671419149047,114.34944999655119
2023-10-31,103.45970582142117,115.81563082654216,107.32671419149047,114.34944999655119
2023-11-30,105.54433395483738,114.38116403542806,105.95672363125135,113.62077912143984
2023-12-31,106.81582763621297,116.21862615237188,107.65885107228954,114.96451998143986
2024-01-31,105.54692355500312,114.62958095480471,106.18684388863791,115.00433452543986
2024-02-29,105.2827843380982,115.98513763280864,107.44255969264631,114.87493725743985
2024-03-31,114.30495131551687,126.44591446553015,117.13286848179692,126.11259230143985
2024-04-30,119.88812927284029,132.8405240179834,122.7563722570834,130.12092217743984
2024-05-31,121.34348456598303,134.37508991989006,125.83315525931427,133.49153792543981
2024-06-30,120.5510669152683,134.11951989608818,125.83315525931427,133.49153792543981
2024-07-31,125.3159312202196,139.10413550139765,125.83315525931427,133.49153792543981
2024-08-31,130.73078516677026,142.00861542317574,125.83315525931427,133.49153792543981
2024-09-30,137.25657758442097,147.30707259237326,130.65734881306773,138.50067429550077
2024-10-31,143.95069401284442,156.7943025397891,139.072255701639,147.45009798350074
2024-11-30,137.98943443132382,153.0072948854605,135.71328612104378,143.46496073950078
2024-12-31,135.2211518541537,151.08044669735082,134.1477940568812,143.62162456350072
2025-01-31,143.31365237207373,158.9153596182748,139.70728264408078,148.81503351150073
2025-02-28,148.19763828464886,165.28845844673376,144.39734381351894,153.7432910847409
2025-03-31,161.60140874249015,179.68137397085124,156.97110978332753,166.45396710074087
2025-04-30,170.10047648643052,189.29276797131058,165.3677003561613,178.15203235674088
2025-05-31,170.57955251709137,188.12062484078035,166.1615770019262,177.68140762074088
2025-06-30,169.73534286306196,186.3684708906926,165.56276386836376,177.2397454067409
2025-07-31,171.265796561011,188.1616475595865,166.15900221488548,177.43783677640138
2025-08-31,176.48125129480007,193.259393208166,169.449689929893,180.0956170275686
2025-09-30,197.14885021752644,214.877757978731,188.40465384673456,200.67213724756866
2025-10-31,207.85166770250672,226.2375602659444,198.3649188687109,211.38320256756865
2025-11-30,215.42365858711415,233.35803671256463,202.17770732444927,214.60818737156865
2025-12-31,227.33840894965817,243.82148444208264,207.15908557424962,217.78632398956864
2026-01-31,262.246219183758,278.9477496623317,228.8565742643177,247.2269628816555
2026-02-28,267.9770043505283,280.64970237853186,223.54209425106274,235.70636417853552
2026-03-31,235.8581934949244,249.56483475309454,214.24225292167657,225.33149365036738
2026-04-30,239.57944893308473,250.7845206161519,214.24225292167657,225.33149365036738
2026-05-31,234.39765900145017,243.27907458849225,214.24225292167657,225.33149365036738
2026-06-30,208.03293971410812,216.36444922718132,214.24225292167657,225.33149365036738
2026-07-31,209.87155583177957,217.03649258830063,214.24225292167657,225.33149365036738
2026-08-31,238.34679925419516,245.29796474432862,214.24225292167657,225.33149365036738
2026-09-30,231.31603480422623,237.9382104490072,214.24225292167657,225.33149365036738
