date,nav,acc_nav,daily_return_pct,subscription_status,redemption_status
2020-08-05,1.0000,1.0000,,封闭期,封闭期
2020-08-07,1.0000,1.0000,,封闭期,封闭期
2020-08-11,0.9998,0.9998,,封闭期,封闭期
2020-08-12,0.9992,0.9992,-0.06,开放申购,开放赎回
2020-08-13,0.9993,0.9993,0.01,开放申购,开放赎回
2020-08-14,0.9994,0.9994,0.01,开放申购,开放赎回
2020-08-17,0.9998,0.9998,0.04,开放申购,开放赎回
2020-08-18,1.0008,1.0008,0.10,开放申购,开放赎回
2020-08-19,0.9999,0.9999,-0.09,开放申购,开放赎回
2020-08-20,0.9983,0.9983,-0.16,开放申购,开放赎回
2020-08-21,0.9983,0.9983,0.00,开放申购,开放赎回
2020-08-24,0.9979,0.9979,-0.04,开放申购,开放赎回
2020-08-25,0.9981,0.9981,0.02,开放申购,开放赎回
2020-08-26,0.9979,0.9979,-0.02,开放申购,开放赎回
2020-08-27,0.9989,0.9989,0.10,开放申购,开放赎回
2020-08-28,0.9989,0.9989,0.00,开放申购,开放赎回
2020-08-31,0.9993,0.9993,0.04,开放申购,开放赎回
2020-09-01,1.0001,1.0001,0.08,开放申购,开放赎回
2020-09-02,0.9995,0.9995,-0.06,开放申购,开放赎回
2020-09-03,0.9980,0.9980,-0.15,开放申购,开放赎回
2020-09-04,0.9983,0.9983,0.03,开放申购,开放赎回
2020-09-07,0.9982,0.9982,-0.01,开放申购,开放赎回
2020-09-08,0.9983,0.9983,0.01,开放申购,开放赎回
2020-09-09,0.9983,0.9983,0.00,开放申购,开放赎回
2020-09-10,0.9991,0.9991,0.08,开放申购,开放赎回
2020-09-11,0.9989,0.9989,-0.02,开放申购,开放赎回
2020-09-14,0.9989,0.9989,0.00,开放申购,开放赎回
2020-09-15,0.9992,0.9992,0.03,开放申购,开放赎回
2020-09-16,0.9989,0.9989,-0.03,开放申购,开放赎回
2020-09-17,0.9983,0.9983,-0.06,开放申购,开放赎回
2020-09-18,0.9986,0.9986,0.03,开放申购,开放赎回
2020-09-21,0.9986,0.9986,0.00,开放申购,开放赎回
2020-09-22,0.9961,0.9961,-0.25,开放申购,开放赎回
2020-09-23,0.9942,0.9942,-0.19,开放申购,开放赎回
2020-09-24,0.9926,0.9926,-0.16,开放申购,开放赎回
2020-09-25,0.9943,0.9943,0.17,开放申购,开放赎回
2020-09-28,0.9940,0.9940,-0.03,开放申购,开放赎回
2020-09-29,0.9960,0.9960,0.20,开放申购,开放赎回
2020-09-30,0.9960,0.9960,0.00,开放申购,开放赎回
2020-10-09,0.9965,0.9965,0.05,开放申购,开放赎回
2020-10-12,0.9990,0.9990,0.25,开放申购,开放赎回
2020-10-13,0.9979,0.9979,-0.11,开放申购,开放赎回
2020-10-14,0.9942,0.9942,-0.37,开放申购,开放赎回
2020-10-15,0.9939,0.9939,-0.03,开放申购,开放赎回
2020-10-16,0.9952,0.9952,0.13,开放申购,开放赎回
2020-10-19,0.9955,0.9955,0.03,开放申购,开放赎回
2020-10-20,0.9940,0.9940,-0.15,开放申购,开放赎回
2020-10-21,0.9955,0.9955,0.15,开放申购,开放赎回
2020-10-22,0.9955,0.9955,0.00,开放申购,开放赎回
2020-10-23,0.9942,0.9942,-0.13,开放申购,开放赎回
2020-10-26,0.9925,0.9925,-0.17,开放申购,开放赎回
2020-10-27,0.9958,0.9958,0.33,开放申购,开放赎回
2020-10-28,0.9961,0.9961,0.03,开放申购,开放赎回
2020-10-29,0.9907,0.9907,-0.54,开放申购,开放赎回
2020-10-30,0.9880,0.9880,-0.27,开放申购,开放赎回
2020-11-02,0.9917,0.9917,0.37,开放申购,开放赎回
2020-11-03,0.9935,0.9935,0.18,开放申购,开放赎回
2020-11-04,0.9954,0.9954,0.19,开放申购,开放赎回
2020-11-05,0.9951,0.9951,-0.03,开放申购,开放赎回
2020-11-06,0.9997,0.9997,0.46,开放申购,开放赎回
2020-11-09,0.9991,0.9991,-0.06,开放申购,开放赎回
2020-11-10,0.9831,0.9831,-1.60,开放申购,开放赎回
2020-11-11,0.9811,0.9811,-0.20,开放申购,开放赎回
2020-11-12,0.9801,0.9801,-0.10,开放申购,开放赎回
2020-11-13,0.9830,0.9830,0.30,开放申购,开放赎回
2020-11-16,0.9830,0.9830,0.00,开放申购,开放赎回
2020-11-17,0.9806,0.9806,-0.24,开放申购,开放赎回
2020-11-18,0.9758,0.9758,-0.49,开放申购,开放赎回
2020-11-19,0.9713,0.9713,-0.46,开放申购,开放赎回
2020-11-20,0.9714,0.9714,0.01,开放申购,开放赎回
2020-11-23,0.9722,0.9722,0.08,开放申购,开放赎回
2020-11-24,0.9523,0.9523,-2.05,开放申购,开放赎回
2020-11-25,0.9414,0.9414,-1.14,开放申购,开放赎回
2020-11-26,0.9419,0.9419,0.05,开放申购,开放赎回
2020-11-27,0.9417,0.9417,-0.02,开放申购,开放赎回
2020-11-30,0.9206,0.9206,-2.24,开放申购,开放赎回
2020-12-01,0.9260,0.9260,0.59,开放申购,开放赎回
2020-12-02,0.9390,0.9390,1.40,开放申购,开放赎回
2020-12-03,0.9482,0.9482,0.98,开放申购,开放赎回
2020-12-04,0.9493,0.9493,0.12,开放申购,开放赎回
2020-12-07,0.9487,0.9487,-0.06,开放申购,开放赎回
2020-12-08,0.9605,0.9605,1.24,开放申购,开放赎回
2020-12-09,0.9560,0.9560,-0.47,开放申购,开放赎回
2020-12-10,0.9472,0.9472,-0.92,开放申购,开放赎回
2020-12-11,0.9466,0.9466,-0.06,开放申购,开放赎回
2020-12-14,0.9461,0.9461,-0.05,开放申购,开放赎回
2020-12-15,0.9520,0.9520,0.62,开放申购,开放赎回
2020-12-16,0.9584,0.9584,0.67,开放申购,开放赎回
2020-12-17,0.9633,0.9633,0.51,开放申购,开放赎回
2020-12-18,0.9704,0.9704,0.74,开放申购,开放赎回
2020-12-21,0.9823,0.9823,1.23,开放申购,开放赎回
2020-12-22,0.9689,0.9689,-1.36,开放申购,开放赎回
2020-12-23,0.9658,0.9658,-0.32,开放申购,开放赎回
2020-12-24,0.9692,0.9692,0.35,开放申购,开放赎回
2020-12-25,0.9729,0.9729,0.38,开放申购,开放赎回
2020-12-28,0.9738,0.9738,0.09,开放申购,开放赎回
2020-12-29,0.9686,0.9686,-0.53,开放申购,开放赎回
2020-12-30,0.9685,0.9685,-0.01,开放申购,开放赎回
2020-12-31,0.9734,0.9734,0.51,开放申购,开放赎回
2021-01-04,0.9862,0.9862,1.31,开放申购,开放赎回
2021-01-05,0.9915,0.9915,0.54,开放申购,开放赎回
2021-01-06,0.9934,0.9934,0.19,开放申购,开放赎回
2021-01-07,0.9864,0.9864,-0.70,开放申购,开放赎回
2021-01-08,0.9799,0.9799,-0.66,开放申购,开放赎回
2021-01-11,0.9536,0.9536,-2.68,开放申购,开放赎回
2021-01-12,0.9611,0.9611,0.79,开放申购,开放赎回
2021-01-13,0.9597,0.9597,-0.15,开放申购,开放赎回
2021-01-14,0.9535,0.9535,-0.65,开放申购,开放赎回
2021-01-15,0.9566,0.9566,0.33,开放申购,开放赎回
2021-01-18,0.9543,0.9543,-0.24,开放申购,开放赎回
2021-01-19,0.9549,0.9549,0.06,开放申购,开放赎回
2021-01-20,0.9584,0.9584,0.37,开放申购,开放赎回
2021-01-21,0.9658,0.9658,0.77,开放申购,开放赎回
2021-01-22,0.9621,0.9621,-0.38,开放申购,开放赎回
2021-01-25,0.9580,0.9580,-0.43,开放申购,开放赎回
2021-01-26,0.9598,0.9598,0.19,开放申购,开放赎回
2021-01-27,0.9547,0.9547,-0.53,开放申购,开放赎回
2021-01-28,0.9511,0.9511,-0.38,开放申购,开放赎回
2021-01-29,0.9547,0.9547,0.38,开放申购,开放赎回
2021-02-01,0.9640,0.9640,0.97,开放申购,开放赎回
2021-02-02,0.9579,0.9579,-0.63,开放申购,开放赎回
2021-02-03,0.9484,0.9484,-0.99,开放申购,开放赎回
2021-02-04,0.9417,0.9417,-0.71,开放申购,开放赎回
2021-02-05,0.9319,0.9319,-1.04,开放申购,开放赎回
2021-02-08,0.9394,0.9394,0.80,开放申购,开放赎回
2021-02-09,0.9495,0.9495,1.08,开放申购,开放赎回
2021-02-10,0.9496,0.9496,0.01,开放申购,开放赎回
2021-02-18,0.9234,0.9234,-2.76,开放申购,开放赎回
2021-02-19,0.9198,0.9198,-0.39,开放申购,开放赎回
2021-02-22,0.9291,0.9291,1.01,开放申购,开放赎回
2021-02-23,0.9379,0.9379,0.95,开放申购,开放赎回
2021-02-24,0.9364,0.9364,-0.16,开放申购,开放赎回
2021-02-25,0.9280,0.9280,-0.90,开放申购,开放赎回
2021-02-26,0.9152,0.9152,-1.38,开放申购,开放赎回
2021-03-01,0.9104,0.9104,-0.52,开放申购,开放赎回
2021-03-02,0.8955,0.8955,-1.64,开放申购,开放赎回
2021-03-03,0.8993,0.8993,0.42,开放申购,开放赎回
2021-03-04,0.8917,0.8917,-0.85,开放申购,开放赎回
2021-03-05,0.8837,0.8837,-0.90,开放申购,开放赎回
2021-03-08,0.8929,0.8929,1.04,开放申购,开放赎回
2021-03-09,0.8893,0.8893,-0.40,开放申购,开放赎回
2021-03-10,0.8982,0.8982,1.00,开放申购,开放赎回
2021-03-11,0.9055,0.9055,0.81,开放申购,开放赎回
2021-03-12,0.8948,0.8948,-1.18,开放申购,开放赎回
2021-03-15,0.9017,0.9017,0.77,开放申购,开放赎回
2021-03-16,0.9035,0.9035,0.20,开放申购,开放赎回
2021-03-17,0.9061,0.9061,0.29,开放申购,开放赎回
2021-03-18,0.9130,0.9130,0.76,开放申购,开放赎回
2021-03-19,0.9088,0.9088,-0.46,开放申购,开放赎回
2021-03-22,0.9053,0.9053,-0.39,开放申购,开放赎回
2021-03-23,0.9081,0.9081,0.31,开放申购,开放赎回
2021-03-24,0.9067,0.9067,-0.15,开放申购,开放赎回
2021-03-25,0.9087,0.9087,0.22,开放申购,开放赎回
2021-03-26,0.9067,0.9067,-0.22,开放申购,开放赎回
2021-03-29,0.9071,0.9071,0.04,开放申购,开放赎回
2021-03-30,0.8967,0.8967,-1.15,开放申购,开放赎回
2021-03-31,0.8863,0.8863,-1.16,开放申购,开放赎回
2021-04-01,0.9033,0.9033,1.92,开放申购,开放赎回
2021-04-02,0.9142,0.9142,1.21,开放申购,开放赎回
2021-04-06,0.9100,0.9100,-0.46,开放申购,开放赎回
2021-04-07,0.9130,0.9130,0.33,开放申购,开放赎回
2021-04-08,0.9153,0.9153,0.25,开放申购,开放赎回
2021-04-09,0.9199,0.9199,0.50,开放申购,开放赎回
2021-04-12,0.9146,0.9146,-0.58,开放申购,开放赎回
2021-04-13,0.9067,0.9067,-0.86,开放申购,开放赎回
2021-04-14,0.9152,0.9152,0.94,开放申购,开放赎回
2021-04-15,0.9144,0.9144,-0.09,开放申购,开放赎回
2021-04-16,0.9226,0.9226,0.90,开放申购,开放赎回
2021-04-19,0.9299,0.9299,0.79,开放申购,开放赎回
2021-04-20,0.9216,0.9216,-0.89,开放申购,开放赎回
2021-04-21,0.9301,0.9301,0.92,开放申购,开放赎回
2021-04-22,0.9311,0.9311,0.11,开放申购,开放赎回
2021-04-23,0.9289,0.9289,-0.24,开放申购,开放赎回
2021-04-26,0.9248,0.9248,-0.44,开放申购,开放赎回
2021-04-27,0.9253,0.9253,0.05,开放申购,开放赎回
2021-04-28,0.9200,0.9200,-0.57,开放申购,开放赎回
2021-04-29,0.9228,0.9228,0.30,开放申购,开放赎回
2021-04-30,0.9192,0.9192,-0.39,开放申购,开放赎回
2021-05-06,0.9313,0.9313,1.32,开放申购,开放赎回
2021-05-07,0.9403,0.9403,0.97,开放申购,开放赎回
2021-05-10,0.9437,0.9437,0.36,开放申购,开放赎回
2021-05-11,0.9439,0.9439,0.02,开放申购,开放赎回
2021-05-12,0.9447,0.9447,0.08,开放申购,开放赎回
2021-05-13,0.9409,0.9409,-0.40,开放申购,开放赎回
2021-05-14,0.9451,0.9451,0.45,开放申购,开放赎回
2021-05-17,0.9552,0.9552,1.07,开放申购,开放赎回
2021-05-18,0.9618,0.9618,0.69,开放申购,开放赎回
2021-05-19,0.9626,0.9626,0.08,开放申购,开放赎回
2021-05-20,0.9642,0.9642,0.17,开放申购,开放赎回
2021-05-21,0.9642,0.9642,0.00,开放申购,开放赎回
2021-05-24,0.9678,0.9678,0.37,开放申购,开放赎回
2021-05-25,0.9646,0.9646,-0.33,开放申购,开放赎回
2021-05-26,0.9734,0.9734,0.91,开放申购,开放赎回
2021-05-27,0.9687,0.9687,-0.48,开放申购,开放赎回
2021-05-28,0.9621,0.9621,-0.68,开放申购,开放赎回
2021-05-31,0.9684,0.9684,0.65,开放申购,开放赎回
2021-06-01,0.9738,0.9738,0.56,开放申购,开放赎回
2021-06-02,0.9601,0.9601,-1.41,开放申购,开放赎回
2021-06-03,0.9541,0.9541,-0.62,开放申购,开放赎回
2021-06-04,0.9432,0.9432,-1.14,开放申购,开放赎回
2021-06-07,0.9503,0.9503,0.75,开放申购,开放赎回
2021-06-08,0.9548,0.9548,0.47,开放申购,开放赎回
2021-06-09,0.9550,0.9550,0.02,开放申购,开放赎回
2021-06-10,0.9525,0.9525,-0.26,开放申购,开放赎回
2021-06-11,0.9601,0.9601,0.80,开放申购,开放赎回
2021-06-15,0.9442,0.9442,-1.66,开放申购,开放赎回
2021-06-16,0.9432,0.9432,-0.11,开放申购,开放赎回
2021-06-17,0.9286,0.9286,-1.55,开放申购,开放赎回
2021-06-18,0.9176,0.9176,-1.18,开放申购,开放赎回
2021-06-21,0.9179,0.9179,0.03,开放申购,开放赎回
2021-06-22,0.9203,0.9203,0.26,开放申购,开放赎回
2021-06-23,0.9224,0.9224,0.23,开放申购,开放赎回
2021-06-24,0.9184,0.9184,-0.43,开放申购,开放赎回
2021-06-25,0.9172,0.9172,-0.13,开放申购,开放赎回
2021-06-28,0.9189,0.9189,0.19,开放申购,开放赎回
2021-06-29,0.9158,0.9158,-0.34,开放申购,开放赎回
2021-06-30,0.9077,0.9077,-0.88,开放申购,开放赎回
2021-07-01,0.9172,0.9172,1.05,开放申购,开放赎回
2021-07-02,0.9193,0.9193,0.23,开放申购,开放赎回
2021-07-05,0.9214,0.9214,0.23,开放申购,开放赎回
2021-07-06,0.9295,0.9295,0.88,开放申购,开放赎回
2021-07-07,0.9298,0.9298,0.03,开放申购,开放赎回
2021-07-08,0.9284,0.9284,-0.15,开放申购,开放赎回
2021-07-09,0.9306,0.9306,0.24,开放申购,开放赎回
2021-07-12,0.9293,0.9293,-0.14,开放申购,开放赎回
2021-07-13,0.9327,0.9327,0.37,开放申购,开放赎回
2021-07-14,0.9347,0.9347,0.21,开放申购,开放赎回
2021-07-15,0.9415,0.9415,0.73,开放申购,开放赎回
2021-07-16,0.9393,0.9393,-0.23,开放申购,开放赎回
2021-07-19,0.9318,0.9318,-0.80,开放申购,开放赎回
2021-07-20,0.9374,0.9374,0.60,开放申购,开放赎回
2021-07-21,0.9335,0.9335,-0.42,开放申购,开放赎回
2021-07-22,0.9276,0.9276,-0.63,开放申购,开放赎回
2021-07-23,0.9311,0.9311,0.38,开放申购,开放赎回
2021-07-26,0.9329,0.9329,0.19,开放申购,开放赎回
2021-07-27,0.9265,0.9265,-0.69,开放申购,开放赎回
2021-07-28,0.9349,0.9349,0.91,开放申购,开放赎回
2021-07-29,0.9375,0.9375,0.28,开放申购,开放赎回
2021-07-30,0.9405,0.9405,0.32,开放申购,开放赎回
2021-08-02,0.9312,0.9312,-0.99,开放申购,开放赎回
2021-08-03,0.9315,0.9315,0.03,开放申购,开放赎回
2021-08-04,0.9330,0.9330,0.16,开放申购,开放赎回
2021-08-05,0.9320,0.9320,-0.11,开放申购,开放赎回
2021-08-06,0.9271,0.9271,-0.53,开放申购,开放赎回
2021-08-09,0.9034,0.9034,-2.56,开放申购,开放赎回
2021-08-10,0.8987,0.8987,-0.52,开放申购,开放赎回
2021-08-11,0.8975,0.8975,-0.13,开放申购,开放赎回
2021-08-12,0.9061,0.9061,0.96,开放申购,开放赎回
2021-08-13,0.9080,0.9080,0.21,开放申购,开放赎回
2021-08-16,0.9158,0.9158,0.86,开放申购,开放赎回
2021-08-17,0.9251,0.9251,1.02,开放申购,开放赎回
2021-08-18,0.9254,0.9254,0.03,开放申购,开放赎回
2021-08-19,0.9220,0.9220,-0.37,开放申购,开放赎回
2021-08-20,0.9252,0.9252,0.35,开放申购,开放赎回
2021-08-23,0.9234,0.9234,-0.19,开放申购,开放赎回
2021-08-24,0.9298,0.9298,0.69,开放申购,开放赎回
2021-08-25,0.9255,0.9255,-0.46,开放申购,开放赎回
2021-08-26,0.9216,0.9216,-0.42,开放申购,开放赎回
2021-08-27,0.9294,0.9294,0.85,开放申购,开放赎回
2021-08-30,0.9322,0.9322,0.30,开放申购,开放赎回
2021-08-31,0.9324,0.9324,0.02,开放申购,开放赎回
2021-09-01,0.9325,0.9325,0.01,开放申购,开放赎回
2021-09-02,0.9317,0.9317,-0.09,开放申购,开放赎回
2021-09-03,0.9310,0.9310,-0.08,开放申购,开放赎回
2021-09-06,0.9371,0.9371,0.66,开放申购,开放赎回
2021-09-07,0.9333,0.9333,-0.41,开放申购,开放赎回
2021-09-08,0.9233,0.9233,-1.07,开放申购,开放赎回
2021-09-09,0.9194,0.9194,-0.42,开放申购,开放赎回
2021-09-10,0.9244,0.9244,0.54,开放申购,开放赎回
2021-09-13,0.9196,0.9196,-0.52,开放申购,开放赎回
2021-09-14,0.9205,0.9205,0.10,开放申购,开放赎回
2021-09-15,0.9233,0.9233,0.30,开放申购,开放赎回
2021-09-16,0.9163,0.9163,-0.76,开放申购,开放赎回
2021-09-17,0.9069,0.9069,-1.03,开放申购,开放赎回
2021-09-22,0.9175,0.9175,1.17,开放申购,开放赎回
2021-09-23,0.9102,0.9102,-0.80,开放申购,开放赎回
2021-09-24,0.9045,0.9045,-0.63,开放申购,开放赎回
2021-09-27,0.9064,0.9064,0.21,开放申购,开放赎回
2021-09-28,0.8994,0.8994,-0.77,开放申购,开放赎回
2021-09-29,0.8975,0.8975,-0.21,开放申购,开放赎回
2021-09-30,0.8929,0.8929,-0.51,开放申购,开放赎回
2021-10-08,0.9051,0.9051,1.37,开放申购,开放赎回
2021-10-11,0.9019,0.9019,-0.35,开放申购,开放赎回
2021-10-12,0.9060,0.9060,0.45,开放申购,开放赎回
2021-10-13,0.9057,0.9057,-0.03,开放申购,开放赎回
2021-10-14,0.9170,0.9170,1.25,开放申购,开放赎回
2021-10-15,0.9163,0.9163,-0.08,开放申购,开放赎回
2021-10-18,0.9048,0.9048,-1.26,开放申购,开放赎回
2021-10-19,0.9069,0.9069,0.23,开放申购,开放赎回
2021-10-20,0.9044,0.9044,-0.28,开放申购,开放赎回
2021-10-21,0.9085,0.9085,0.45,开放申购,开放赎回
2021-10-22,0.9116,0.9116,0.34,开放申购,开放赎回
2021-10-25,0.9104,0.9104,-0.13,开放申购,开放赎回
2021-10-26,0.9139,0.9139,0.38,开放申购,开放赎回
2021-10-27,0.9071,0.9071,-0.74,开放申购,开放赎回
2021-10-28,0.9153,0.9153,0.90,开放申购,开放赎回
2021-10-29,0.9116,0.9116,-0.40,开放申购,开放赎回
2021-11-01,0.9071,0.9071,-0.49,开放申购,开放赎回
2021-11-02,0.9122,0.9122,0.56,开放申购,开放赎回
2021-11-03,0.9059,0.9059,-0.69,开放申购,开放赎回
2021-11-04,0.9018,0.9018,-0.45,开放申购,开放赎回
2021-11-05,0.9134,0.9134,1.29,开放申购,开放赎回
2021-11-08,0.9228,0.9228,1.03,开放申购,开放赎回
2021-11-09,0.9260,0.9260,0.35,开放申购,开放赎回
2021-11-10,0.9265,0.9265,0.05,开放申购,开放赎回
2021-11-11,0.9398,0.9398,1.44,开放申购,开放赎回
2021-11-12,0.9412,0.9412,0.15,开放申购,开放赎回
2021-11-15,0.9378,0.9378,-0.36,开放申购,开放赎回
2021-11-16,0.9419,0.9419,0.44,开放申购,开放赎回
2021-11-17,0.9386,0.9386,-0.35,开放申购,开放赎回
2021-11-18,0.9418,0.9418,0.34,开放申购,开放赎回
2021-11-19,0.9400,0.9400,-0.19,开放申购,开放赎回
2021-11-22,0.9325,0.9325,-0.80,开放申购,开放赎回
2021-11-23,0.9154,0.9154,-1.83,开放申购,开放赎回
2021-11-24,0.9107,0.9107,-0.51,开放申购,开放赎回
2021-11-25,0.9099,0.9099,-0.09,开放申购,开放赎回
2021-11-26,0.9141,0.9141,0.46,开放申购,开放赎回
2021-11-29,0.9108,0.9108,-0.36,开放申购,开放赎回
2021-11-30,0.9081,0.9081,-0.30,开放申购,开放赎回
2021-12-01,0.9052,0.9052,-0.32,开放申购,开放赎回
2021-12-02,0.9014,0.9014,-0.42,开放申购,开放赎回
2021-12-03,0.8993,0.8993,-0.23,开放申购,开放赎回
2021-12-06,0.9055,0.9055,0.69,开放申购,开放赎回
2021-12-07,0.9040,0.9040,-0.17,开放申购,开放赎回
2021-12-08,0.9051,0.9051,0.12,开放申购,开放赎回
2021-12-09,0.9015,0.9015,-0.40,开放申购,开放赎回
2021-12-10,0.8994,0.8994,-0.23,开放申购,开放赎回
2021-12-13,0.9042,0.9042,0.53,开放申购,开放赎回
2021-12-14,0.9055,0.9055,0.14,开放申购,开放赎回
2021-12-15,0.8965,0.8965,-0.99,开放申购,开放赎回
2021-12-16,0.9039,0.9039,0.83,开放申购,开放赎回
2021-12-17,0.9146,0.9146,1.18,开放申购,开放赎回
2021-12-20,0.9139,0.9139,-0.08,开放申购,开放赎回
2021-12-21,0.9085,0.9085,-0.59,开放申购,开放赎回
2021-12-22,0.9064,0.9064,-0.23,开放申购,开放赎回
2021-12-23,0.9146,0.9146,0.90,开放申购,开放赎回
2021-12-24,0.9164,0.9164,0.20,开放申购,开放赎回
2021-12-27,0.9161,0.9161,-0.03,开放申购,开放赎回
2021-12-28,0.9182,0.9182,0.23,开放申购,开放赎回
2021-12-29,0.9144,0.9144,-0.41,开放申购,开放赎回
2021-12-30,0.9101,0.9101,-0.47,开放申购,开放赎回
2021-12-31,0.9198,0.9198,1.07,开放申购,开放赎回
2022-01-04,0.9132,0.9132,-0.72,开放申购,开放赎回
2022-01-05,0.9165,0.9165,0.36,开放申购,开放赎回
2022-01-06,0.9111,0.9111,-0.59,开放申购,开放赎回
2022-01-07,0.9065,0.9065,-0.50,开放申购,开放赎回
2022-01-10,0.9071,0.9071,0.07,开放申购,开放赎回
2022-01-11,0.9142,0.9142,0.78,开放申购,开放赎回
2022-01-12,0.9189,0.9189,0.51,开放申购,开放赎回
2022-01-13,0.9207,0.9207,0.20,开放申购,开放赎回
2022-01-14,0.9206,0.9206,-0.01,开放申购,开放赎回
2022-01-17,0.9162,0.9162,-0.48,开放申购,开放赎回
2022-01-18,0.9148,0.9148,-0.15,开放申购,开放赎回
2022-01-19,0.9142,0.9142,-0.07,开放申购,开放赎回
2022-01-20,0.9252,0.9252,1.20,开放申购,开放赎回
2022-01-21,0.9256,0.9256,0.04,开放申购,开放赎回
2022-01-24,0.9231,0.9231,-0.27,开放申购,开放赎回
2022-01-25,0.9246,0.9246,0.16,开放申购,开放赎回
2022-01-26,0.9262,0.9262,0.17,开放申购,开放赎回
2022-01-27,0.9123,0.9123,-1.50,开放申购,开放赎回
2022-01-28,0.9061,0.9061,-0.68,开放申购,开放赎回
2022-02-07,0.9114,0.9114,0.58,开放申购,开放赎回
2022-02-08,0.9163,0.9163,0.54,开放申购,开放赎回
2022-02-09,0.9203,0.9203,0.44,开放申购,开放赎回
2022-02-10,0.9225,0.9225,0.24,开放申购,开放赎回
2022-02-11,0.9183,0.9183,-0.46,开放申购,开放赎回
2022-02-14,0.9318,0.9318,1.47,开放申购,开放赎回
2022-02-15,0.9417,0.9417,1.06,开放申购,开放赎回
2022-02-16,0.9292,0.9292,-1.33,开放申购,开放赎回
2022-02-17,0.9379,0.9379,0.94,开放申购,开放赎回
2022-02-18,0.9450,0.9450,0.76,开放申购,开放赎回
2022-02-21,0.9447,0.9447,-0.03,开放申购,开放赎回
2022-02-22,0.9547,0.9547,1.06,开放申购,开放赎回
2022-02-23,0.9483,0.9483,-0.67,开放申购,开放赎回
2022-02-24,0.9665,0.9665,1.92,开放申购,开放赎回
2022-02-25,0.9565,0.9565,-1.03,开放申购,开放赎回
2022-02-28,0.9502,0.9502,-0.66,开放申购,开放赎回
2022-03-01,0.9499,0.9499,-0.03,开放申购,开放赎回
2022-03-02,0.9628,0.9628,1.36,开放申购,开放赎回
2022-03-03,0.9602,0.9602,-0.27,开放申购,开放赎回
2022-03-04,0.9636,0.9636,0.35,开放申购,开放赎回
2022-03-07,0.9831,0.9831,2.02,开放申购,开放赎回
2022-03-08,0.9986,0.9986,1.58,开放申购,开放赎回
2022-03-09,1.0127,1.0127,1.41,开放申购,开放赎回
2022-03-10,0.9865,0.9865,-2.59,开放申购,开放赎回
2022-03-11,0.9886,0.9886,0.21,开放申购,开放赎回
2022-03-14,0.9837,0.9837,-0.50,开放申购,开放赎回
2022-03-15,0.9661,0.9661,-1.79,开放申购,开放赎回
2022-03-16,0.9585,0.9585,-0.79,开放申购,开放赎回
2022-03-17,0.9670,0.9670,0.89,开放申购,开放赎回
2022-03-18,0.9689,0.9689,0.20,开放申购,开放赎回
2022-03-21,0.9661,0.9661,-0.29,开放申购,开放赎回
2022-03-22,0.9718,0.9718,0.59,开放申购,开放赎回
2022-03-23,0.9659,0.9659,-0.61,开放申购,开放赎回
2022-03-24,0.9762,0.9762,1.07,开放申购,开放赎回
2022-03-25,0.9826,0.9826,0.66,开放申购,开放赎回
2022-03-28,0.9739,0.9739,-0.89,开放申购,开放赎回
2022-03-29,0.9681,0.9681,-0.60,开放申购,开放赎回
2022-03-30,0.9657,0.9657,-0.25,开放申购,开放赎回
2022-03-31,0.9656,0.9656,-0.01,开放申购,开放赎回
2022-04-01,0.9696,0.9696,0.41,开放申购,开放赎回
2022-04-06,0.9655,0.9655,-0.42,开放申购,开放赎回
2022-04-07,0.9667,0.9667,0.12,开放申购,开放赎回
2022-04-08,0.9688,0.9688,0.22,开放申购,开放赎回
2022-04-11,0.9758,0.9758,0.72,开放申购,开放赎回
2022-04-12,0.9819,0.9819,0.63,开放申购,开放赎回
2022-04-13,0.9857,0.9857,0.39,开放申购,开放赎回
2022-04-14,0.9871,0.9871,0.14,开放申购,开放赎回
2022-04-15,0.9903,0.9903,0.32,开放申购,开放赎回
2022-04-18,0.9956,0.9956,0.54,开放申购,开放赎回
2022-04-19,0.9904,0.9904,-0.52,开放申购,开放赎回
2022-04-20,0.9798,0.9798,-1.07,开放申购,开放赎回
2022-04-21,0.9884,0.9884,0.88,开放申购,开放赎回
2022-04-22,0.9923,0.9923,0.39,开放申购,开放赎回
2022-04-25,0.9879,0.9879,-0.44,开放申购,开放赎回
2022-04-26,0.9812,0.9812,-0.68,开放申购,开放赎回
2022-04-27,0.9810,0.9810,-0.02,开放申购,开放赎回
2022-04-28,0.9795,0.9795,-0.15,开放申购,开放赎回
2022-04-29,0.9909,0.9909,1.16,开放申购,开放赎回
2022-05-05,0.9883,0.9883,-0.26,开放申购,开放赎回
2022-05-06,0.9862,0.9862,-0.21,开放申购,开放赎回
2022-05-09,0.9905,0.9905,0.44,开放申购,开放赎回
2022-05-10,0.9837,0.9837,-0.69,开放申购,开放赎回
2022-05-11,0.9782,0.9782,-0.56,开放申购,开放赎回
2022-05-12,0.9873,0.9873,0.93,开放申购,开放赎回
2022-05-13,0.9785,0.9785,-0.89,开放申购,开放赎回
2022-05-16,0.9693,0.9693,-0.94,开放申购,开放赎回
2022-05-17,0.9741,0.9741,0.50,开放申购,开放赎回
2022-05-18,0.9640,0.9640,-1.04,开放申购,开放赎回
2022-05-19,0.9676,0.9676,0.37,开放申购,开放赎回
2022-05-20,0.9737,0.9737,0.63,开放申购,开放赎回
2022-05-23,0.9736,0.9736,-0.01,开放申购,开放赎回
2022-05-24,0.9758,0.9758,0.23,开放申购,开放赎回
2022-05-25,0.9772,0.9772,0.14,开放申购,开放赎回
2022-05-26,0.9811,0.9811,0.40,开放申购,开放赎回
2022-05-27,0.9852,0.9852,0.42,开放申购,开放赎回
2022-05-30,0.9770,0.9770,-0.83,开放申购,开放赎回
2022-05-31,0.9742,0.9742,-0.29,开放申购,开放赎回
2022-06-01,0.9686,0.9686,-0.57,开放申购,开放赎回
2022-06-02,0.9754,0.9754,0.70,开放申购,开放赎回
2022-06-06,0.9728,0.9728,-0.27,开放申购,开放赎回
2022-06-07,0.9686,0.9686,-0.43,开放申购,开放赎回
2022-06-08,0.9729,0.9729,0.44,开放申购,开放赎回
2022-06-09,0.9748,0.9748,0.20,开放申购,开放赎回
2022-06-10,0.9720,0.9720,-0.29,开放申购,开放赎回
2022-06-13,0.9871,0.9871,1.55,开放申购,开放赎回
2022-06-14,0.9691,0.9691,-1.82,开放申购,开放赎回
2022-06-15,0.9639,0.9639,-0.54,开放申购,开放赎回
2022-06-16,0.9669,0.9669,0.31,开放申购,开放赎回
2022-06-17,0.9730,0.9730,0.63,开放申购,开放赎回
2022-06-20,0.9698,0.9698,-0.33,开放申购,开放赎回
2022-06-21,0.9678,0.9678,-0.21,开放申购,开放赎回
2022-06-22,0.9676,0.9676,-0.02,开放申购,开放赎回
2022-06-23,0.9690,0.9690,0.14,开放申购,开放赎回
2022-06-24,0.9622,0.9622,-0.70,开放申购,开放赎回
2022-06-27,0.9676,0.9676,0.56,开放申购,开放赎回
2022-06-28,0.9625,0.9625,-0.53,开放申购,开放赎回
2022-06-29,0.9610,0.9610,-0.16,开放申购,开放赎回
2022-06-30,0.9592,0.9592,-0.19,开放申购,开放赎回
2022-07-01,0.9512,0.9512,-0.83,开放申购,开放赎回
2022-07-04,0.9549,0.9549,0.39,开放申购,开放赎回
2022-07-05,0.9543,0.9543,-0.06,开放申购,开放赎回
2022-07-06,0.9360,0.9360,-1.92,开放申购,开放赎回
2022-07-07,0.9235,0.9235,-1.34,开放申购,开放赎回
2022-07-08,0.9222,0.9222,-0.14,开放申购,开放赎回
2022-07-11,0.9220,0.9220,-0.02,开放申购,开放赎回
2022-07-12,0.9220,0.9220,0.00,开放申购,开放赎回
2022-07-13,0.9164,0.9164,-0.61,开放申购,开放赎回
2022-07-14,0.9151,0.9151,-0.14,开放申购,开放赎回
2022-07-15,0.9118,0.9118,-0.36,开放申购,开放赎回
2022-07-18,0.9141,0.9141,0.25,开放申购,开放赎回
2022-07-19,0.9119,0.9119,-0.24,开放申购,开放赎回
2022-07-20,0.9119,0.9119,0.00,开放申购,开放赎回
2022-07-21,0.9048,0.9048,-0.78,开放申购,开放赎回
2022-07-22,0.9177,0.9177,1.43,开放申购,开放赎回
2022-07-25,0.9211,0.9211,0.37,开放申购,开放赎回
2022-07-26,0.9213,0.9213,0.02,开放申购,开放赎回
2022-07-27,0.9194,0.9194,-0.21,开放申购,开放赎回
2022-07-28,0.9274,0.9274,0.87,开放申购,开放赎回
2022-07-29,0.9398,0.9398,1.34,开放申购,开放赎回
2022-08-01,0.9401,0.9401,0.03,开放申购,开放赎回
2022-08-02,0.9464,0.9464,0.67,开放申购,开放赎回
2022-08-03,0.9427,0.9427,-0.39,开放申购,开放赎回
2022-08-04,0.9445,0.9445,0.19,开放申购,开放赎回
2022-08-05,0.9522,0.9522,0.82,开放申购,开放赎回
2022-08-08,0.9475,0.9475,-0.49,开放申购,开放赎回
2022-08-09,0.9512,0.9512,0.39,开放申购,开放赎回
2022-08-10,0.9537,0.9537,0.26,开放申购,开放赎回
2022-08-11,0.9498,0.9498,-0.41,开放申购,开放赎回
2022-08-12,0.9526,0.9526,0.29,开放申购,开放赎回
2022-08-15,0.9548,0.9548,0.23,开放申购,开放赎回
2022-08-16,0.9535,0.9535,-0.14,开放申购,开放赎回
2022-08-17,0.9499,0.9499,-0.38,开放申购,开放赎回
2022-08-18,0.9449,0.9449,-0.53,开放申购,开放赎回
2022-08-19,0.9441,0.9441,-0.08,开放申购,开放赎回
2022-08-22,0.9418,0.9418,-0.24,开放申购,开放赎回
2022-08-23,0.9446,0.9446,0.30,开放申购,开放赎回
2022-08-24,0.9488,0.9488,0.44,开放申购,开放赎回
2022-08-25,0.9519,0.9519,0.33,开放申购,开放赎回
2022-08-26,0.9536,0.9536,0.18,开放申购,开放赎回
2022-08-29,0.9461,0.9461,-0.79,开放申购,开放赎回
2022-08-30,0.9497,0.9497,0.38,开放申购,开放赎回
2022-08-31,0.9440,0.9440,-0.60,开放申购,开放赎回
2022-09-01,0.9375,0.9375,-0.69,开放申购,开放赎回
2022-09-02,0.9359,0.9359,-0.17,开放申购,开放赎回
2022-09-05,0.9445,0.9445,0.92,开放申购,开放赎回
2022-09-06,0.9491,0.9491,0.49,开放申购,开放赎回
2022-09-07,0.9434,0.9434,-0.60,开放申购,开放赎回
2022-09-08,0.9507,0.9507,0.77,开放申购,开放赎回
2022-09-09,0.9513,0.9513,0.06,开放申购,开放赎回
2022-09-13,0.9509,0.9509,-0.04,开放申购,开放赎回
2022-09-14,0.9446,0.9446,-0.66,开放申购,开放赎回
2022-09-15,0.9400,0.9400,-0.49,开放申购,开放赎回
2022-09-16,0.9366,0.9366,-0.36,开放申购,开放赎回
2022-09-19,0.9391,0.9391,0.27,开放申购,开放赎回
2022-09-20,0.9413,0.9413,0.23,开放申购,开放赎回
2022-09-21,0.9423,0.9423,0.11,开放申购,开放赎回
2022-09-22,0.9414,0.9414,-0.10,开放申购,开放赎回
2022-09-23,0.9458,0.9458,0.47,开放申购,开放赎回
2022-09-26,0.9384,0.9384,-0.78,开放申购,开放赎回
2022-09-27,0.9402,0.9402,0.19,开放申购,开放赎回
2022-09-28,0.9441,0.9441,0.41,开放申购,开放赎回
2022-09-29,0.9497,0.9497,0.59,开放申购,开放赎回
2022-09-30,0.9506,0.9506,0.09,开放申购,开放赎回
2022-10-10,0.9583,0.9583,0.81,开放申购,开放赎回
2022-10-11,0.9565,0.9565,-0.19,开放申购,开放赎回
2022-10-12,0.9570,0.9570,0.05,开放申购,开放赎回
2022-10-13,0.9576,0.9576,0.06,开放申购,开放赎回
2022-10-14,0.9563,0.9563,-0.14,开放申购,开放赎回
2022-10-17,0.9523,0.9523,-0.42,开放申购,开放赎回
2022-10-18,0.9538,0.9538,0.16,开放申购,开放赎回
2022-10-19,0.9518,0.9518,-0.21,开放申购,开放赎回
2022-10-20,0.9476,0.9476,-0.44,开放申购,开放赎回
2022-10-21,0.9467,0.9467,-0.09,开放申购,开放赎回
2022-10-24,0.9576,0.9576,1.15,开放申购,开放赎回
2022-10-25,0.9599,0.9599,0.24,开放申购,开放赎回
2022-10-26,0.9602,0.9602,0.03,开放申购,开放赎回
2022-10-27,0.9580,0.9580,-0.23,开放申购,开放赎回
2022-10-28,0.9576,0.9576,-0.04,开放申购,开放赎回
2022-10-31,0.9545,0.9545,-0.32,开放申购,开放赎回
2022-11-01,0.9551,0.9551,0.06,开放申购,开放赎回
2022-11-02,0.9567,0.9567,0.17,开放申购,开放赎回
2022-11-03,0.9545,0.9545,-0.23,开放申购,开放赎回
2022-11-04,0.9544,0.9544,-0.01,开放申购,开放赎回
2022-11-07,0.9606,0.9606,0.65,开放申购,开放赎回
2022-11-08,0.9633,0.9633,0.28,开放申购,开放赎回
2022-11-09,0.9819,0.9819,1.93,开放申购,开放赎回
2022-11-10,0.9831,0.9831,0.12,开放申购,开放赎回
2022-11-11,0.9914,0.9914,0.84,开放申购,开放赎回
2022-11-14,0.9828,0.9828,-0.87,开放申购,开放赎回
2022-11-15,0.9854,0.9854,0.26,开放申购,开放赎回
2022-11-16,0.9896,0.9896,0.43,开放申购,开放赎回
2022-11-17,0.9913,0.9913,0.17,开放申购,开放赎回
2022-11-18,0.9904,0.9904,-0.09,开放申购,开放赎回
2022-11-21,0.9851,0.9851,-0.54,开放申购,开放赎回
2022-11-22,0.9849,0.9849,-0.02,开放申购,开放赎回
2022-11-23,0.9839,0.9839,-0.10,开放申购,开放赎回
2022-11-24,0.9877,0.9877,0.39,开放申购,开放赎回
2022-11-25,0.9906,0.9906,0.29,开放申购,开放赎回
2022-11-28,0.9924,0.9924,0.18,开放申购,开放赎回
2022-11-29,0.9897,0.9897,-0.27,开放申购,开放赎回
2022-11-30,0.9881,0.9881,-0.16,开放申购,开放赎回
2022-12-01,0.9904,0.9904,0.23,开放申购,开放赎回
2022-12-02,0.9966,0.9966,0.63,开放申购,开放赎回
2022-12-05,0.9876,0.9876,-0.90,开放申购,开放赎回
2022-12-06,0.9778,0.9778,-0.99,开放申购,开放赎回
2022-12-07,0.9779,0.9779,0.01,开放申购,开放赎回
2022-12-08,0.9810,0.9810,0.32,开放申购,开放赎回
2022-12-09,0.9838,0.9838,0.29,开放申购,开放赎回
2022-12-12,0.9836,0.9836,-0.02,开放申购,开放赎回
2022-12-13,0.9830,0.9830,-0.06,开放申购,开放赎回
2022-12-14,0.9934,0.9934,1.06,开放申购,开放赎回
2022-12-15,0.9857,0.9857,-0.78,开放申购,开放赎回
2022-12-16,0.9811,0.9811,-0.47,开放申购,开放赎回
2022-12-19,0.9877,0.9877,0.67,开放申购,开放赎回
2022-12-20,0.9880,0.9880,0.03,开放申购,开放赎回
2022-12-21,0.9962,0.9962,0.83,开放申购,开放赎回
2022-12-22,0.9978,0.9978,0.16,开放申购,开放赎回
2022-12-23,0.9900,0.9900,-0.78,开放申购,开放赎回
2022-12-26,0.9909,0.9909,0.09,开放申购,开放赎回
2022-12-27,0.9921,0.9921,0.12,开放申购,开放赎回
2022-12-28,0.9943,0.9943,0.22,开放申购,开放赎回
2022-12-29,0.9932,0.9932,-0.11,开放申购,开放赎回
2022-12-30,0.9987,0.9987,0.55,开放申购,开放赎回
2022-12-31,0.9987,0.9987,0.00,开放申购,开放赎回
2023-01-03,0.9993,0.9993,0.06,开放申购,开放赎回
2023-01-04,1.0036,1.0036,0.43,开放申购,开放赎回
2023-01-05,1.0037,1.0037,0.01,开放申购,开放赎回
2023-01-06,0.9964,0.9964,-0.73,开放申购,开放赎回
2023-01-09,1.0064,1.0064,1.00,开放申购,开放赎回
2023-01-10,1.0057,1.0057,-0.07,开放申购,开放赎回
2023-01-11,1.0085,1.0085,0.28,开放申购,开放赎回
2023-01-12,1.0073,1.0073,-0.12,开放申购,开放赎回
2023-01-13,1.0082,1.0082,0.09,开放申购,开放赎回
2023-01-16,1.0134,1.0134,0.52,开放申购,开放赎回
2023-01-17,1.0176,1.0176,0.41,开放申购,开放赎回
2023-01-18,1.0154,1.0154,-0.22,开放申购,开放赎回
2023-01-19,1.0193,1.0193,0.38,开放申购,开放赎回
2023-01-20,1.0262,1.0262,0.68,开放申购,开放赎回
2023-01-30,1.0256,1.0256,-0.06,开放申购,开放赎回
2023-01-31,1.0193,1.0193,-0.61,开放申购,开放赎回
2023-02-01,1.0234,1.0234,0.40,开放申购,开放赎回
2023-02-02,1.0313,1.0313,0.77,开放申购,开放赎回
2023-02-03,1.0192,1.0192,-1.17,开放申购,开放赎回
2023-02-06,1.0063,1.0063,-1.27,开放申购,开放赎回
2023-02-07,1.0040,1.0040,-0.23,开放申购,开放赎回
2023-02-08,1.0038,1.0038,-0.02,开放申购,开放赎回
2023-02-09,1.0058,1.0058,0.20,开放申购,开放赎回
2023-02-10,1.0016,1.0016,-0.42,开放申购,开放赎回
2023-02-13,1.0057,1.0057,0.41,开放申购,开放赎回
2023-02-14,1.0051,1.0051,-0.06,开放申购,开放赎回
2023-02-15,1.0028,1.0028,-0.23,开放申购,开放赎回
2023-02-16,1.0017,1.0017,-0.11,开放申购,开放赎回
2023-02-17,1.0004,1.0004,-0.13,开放申购,开放赎回
2023-02-20,1.0043,1.0043,0.39,开放申购,开放赎回
2023-02-21,1.0030,1.0030,-0.13,开放申购,开放赎回
2023-02-22,1.0056,1.0056,0.26,开放申购,开放赎回
2023-02-23,1.0036,1.0036,-0.20,开放申购,开放赎回
2023-02-24,1.0055,1.0055,0.19,开放申购,开放赎回
2023-02-27,1.0041,1.0041,-0.14,开放申购,开放赎回
2023-02-28,1.0045,1.0045,0.04,开放申购,开放赎回
2023-03-01,1.0079,1.0079,0.34,开放申购,开放赎回
2023-03-02,1.0068,1.0068,-0.11,开放申购,开放赎回
2023-03-03,1.0110,1.0110,0.42,开放申购,开放赎回
2023-03-06,1.0173,1.0173,0.62,开放申购,开放赎回
2023-03-07,1.0182,1.0182,0.09,开放申购,开放赎回
2023-03-08,1.0083,1.0083,-0.97,开放申购,开放赎回
2023-03-09,1.0086,1.0086,0.03,开放申购,开放赎回
2023-03-10,1.0141,1.0141,0.55,开放申购,开放赎回
2023-03-13,1.0230,1.0230,0.88,开放申购,开放赎回
2023-03-14,1.0357,1.0357,1.24,开放申购,开放赎回
2023-03-15,1.0365,1.0365,0.08,开放申购,开放赎回
2023-03-16,1.0458,1.0458,0.90,开放申购,开放赎回
2023-03-17,1.0505,1.0505,0.45,开放申购,开放赎回
2023-03-20,1.0815,1.0815,2.95,开放申购,开放赎回
2023-03-21,1.0721,1.0721,-0.87,开放申购,开放赎回
2023-03-22,1.0565,1.0565,-1.46,开放申购,开放赎回
2023-03-23,1.0631,1.0631,0.62,开放申购,开放赎回
2023-03-24,1.0668,1.0668,0.35,开放申购,开放赎回
2023-03-27,1.0627,1.0627,-0.38,开放申购,开放赎回
2023-03-28,1.0561,1.0561,-0.62,开放申购,开放赎回
2023-03-29,1.0604,1.0604,0.41,开放申购,开放赎回
2023-03-30,1.0618,1.0618,0.13,开放申购,开放赎回
2023-03-31,1.0670,1.0670,0.49,开放申购,开放赎回
2023-04-03,1.0555,1.0555,-1.08,开放申购,开放赎回
2023-04-04,1.0668,1.0668,1.07,开放申购,开放赎回
2023-04-06,1.0830,1.0830,1.52,开放申购,开放赎回
2023-04-07,1.0825,1.0825,-0.05,开放申购,开放赎回
2023-04-10,1.0726,1.0726,-0.91,开放申购,开放赎回
2023-04-11,1.0760,1.0760,0.32,开放申购,开放赎回
2023-04-12,1.0849,1.0849,0.83,开放申购,开放赎回
2023-04-13,1.0856,1.0856,0.06,开放申购,开放赎回
2023-04-14,1.0907,1.0907,0.47,开放申购,开放赎回
2023-04-17,1.0796,1.0796,-1.02,开放申购,开放赎回
2023-04-18,1.0753,1.0753,-0.40,开放申购,开放赎回
2023-04-19,1.0752,1.0752,-0.01,开放申购,开放赎回
2023-04-20,1.0765,1.0765,0.12,开放申购,开放赎回
2023-04-21,1.0726,1.0726,-0.36,开放申购,开放赎回
2023-04-24,1.0692,1.0692,-0.32,开放申购,开放赎回
2023-04-25,1.0775,1.0775,0.78,开放申购,开放赎回
2023-04-26,1.0806,1.0806,0.29,开放申购,开放赎回
2023-04-27,1.0821,1.0821,0.14,开放申购,开放赎回
2023-04-28,1.0746,1.0746,-0.69,开放申购,开放赎回
2023-05-04,1.0980,1.0980,2.18,开放申购,开放赎回
2023-05-05,1.1034,1.1034,0.49,开放申购,开放赎回
2023-05-08,1.0906,1.0906,-1.16,开放申购,开放赎回
2023-05-09,1.0925,1.0925,0.17,开放申购,开放赎回
2023-05-10,1.0969,1.0969,0.40,开放申购,开放赎回
2023-05-11,1.0970,1.0970,0.01,开放申购,开放赎回
2023-05-12,1.0902,1.0902,-0.62,开放申购,开放赎回
2023-05-15,1.0943,1.0943,0.38,开放申购,开放赎回
2023-05-16,1.0916,1.0916,-0.25,开放申购,开放赎回
2023-05-17,1.0872,1.0872,-0.40,开放申购,开放赎回
2023-05-18,1.0850,1.0850,-0.20,开放申购,开放赎回
2023-05-19,1.0812,1.0812,-0.35,开放申购,开放赎回
2023-05-22,1.0853,1.0853,0.38,开放申购,开放赎回
2023-05-23,1.0815,1.0815,-0.35,开放申购,开放赎回
2023-05-24,1.0867,1.0867,0.48,开放申购,开放赎回
2023-05-25,1.0825,1.0825,-0.39,开放申购,开放赎回
2023-05-26,1.0768,1.0768,-0.53,开放申购,开放赎回
2023-05-29,1.0766,1.0766,-0.02,开放申购,开放赎回
2023-05-30,1.0751,1.0751,-0.14,开放申购,开放赎回
2023-05-31,1.0867,1.0867,1.08,开放申购,开放赎回
2023-06-01,1.0877,1.0877,0.09,开放申购,开放赎回
2023-06-02,1.0907,1.0907,0.28,开放申购,开放赎回
2023-06-05,1.0785,1.0785,-1.12,开放申购,开放赎回
2023-06-06,1.0856,1.0856,0.66,开放申购,开放赎回
2023-06-07,1.0876,1.0876,0.18,开放申购,开放赎回
2023-06-08,1.0828,1.0828,-0.44,开放申购,开放赎回
2023-06-09,1.0905,1.0905,0.71,开放申购,开放赎回
2023-06-12,1.0915,1.0915,0.09,开放申购,开放赎回
2023-06-13,1.0941,1.0941,0.24,开放申购,开放赎回
2023-06-14,1.0880,1.0880,-0.56,开放申购,开放赎回
2023-06-15,1.0793,1.0793,-0.80,开放申购,开放赎回
2023-06-16,1.0876,1.0876,0.77,开放申购,开放赎回
2023-06-19,1.0887,1.0887,0.10,开放申购,开放赎回
2023-06-20,1.0902,1.0902,0.14,开放申购,开放赎回
2023-06-21,1.0858,1.0858,-0.40,开放申购,开放赎回
2023-06-26,1.0841,1.0841,-0.16,开放申购,开放赎回
2023-06-27,1.0840,1.0840,-0.01,开放申购,开放赎回
2023-06-28,1.0796,1.0796,-0.41,开放申购,开放赎回
2023-06-29,1.0815,1.0815,0.18,开放申购,开放赎回
2023-06-30,1.0839,1.0839,0.22,开放申购,开放赎回
2023-07-03,1.0860,1.0860,0.19,开放申购,开放赎回
2023-07-04,1.0875,1.0875,0.14,开放申购,开放赎回
2023-07-05,1.0882,1.0882,0.06,开放申购,开放赎回
2023-07-06,1.0883,1.0883,0.01,开放申购,开放赎回
2023-07-07,1.0858,1.0858,-0.23,开放申购,开放赎回
2023-07-10,1.0892,1.0892,0.31,开放申购,开放赎回
2023-07-11,1.0891,1.0891,-0.01,开放申购,开放赎回
2023-07-12,1.0891,1.0891,0.00,开放申购,开放赎回
2023-07-13,1.0984,1.0984,0.85,开放申购,开放赎回
2023-07-14,1.0937,1.0937,-0.43,开放申购,开放赎回
2023-07-17,1.0971,1.0971,0.31,开放申购,开放赎回
2023-07-18,1.1002,1.1002,0.28,开放申购,开放赎回
2023-07-19,1.1128,1.1128,1.15,开放申购,开放赎回
2023-07-20,1.1125,1.1125,-0.03,开放申购,开放赎回
2023-07-21,1.1062,1.1062,-0.57,开放申购,开放赎回
2023-07-24,1.1052,1.1052,-0.09,开放申购,开放赎回
2023-07-25,1.1007,1.1007,-0.41,开放申购,开放赎回
2023-07-26,1.1039,1.1039,0.29,开放申购,开放赎回
2023-07-27,1.1065,1.1065,0.24,开放申购,开放赎回
2023-07-28,1.0987,1.0987,-0.70,开放申购,开放赎回
2023-07-31,1.0987,1.0987,0.00,开放申购,开放赎回
2023-08-01,1.1020,1.1020,0.30,开放申购,开放赎回
2023-08-02,1.1010,1.1010,-0.09,开放申购,开放赎回
2023-08-03,1.0968,1.0968,-0.38,开放申购,开放赎回
2023-08-04,1.0953,1.0953,-0.14,开放申购,开放赎回
2023-08-07,1.0979,1.0979,0.24,开放申购,开放赎回
2023-08-08,1.0982,1.0982,0.03,开放申购,开放赎回
2023-08-09,1.0972,1.0972,-0.09,开放申购,开放赎回
2023-08-10,1.0940,1.0940,-0.29,开放申购,开放赎回
2023-08-11,1.0979,1.0979,0.36,开放申购,开放赎回
2023-08-14,1.0996,1.0996,0.15,开放申购,开放赎回
2023-08-15,1.0996,1.0996,0.00,开放申购,开放赎回
2023-08-16,1.1023,1.1023,0.25,开放申购,开放赎回
2023-08-17,1.1025,1.1025,0.02,开放申购,开放赎回
2023-08-18,1.0995,1.0995,-0.27,开放申购,开放赎回
2023-08-21,1.1036,1.1036,0.37,开放申购,开放赎回
2023-08-22,1.1028,1.1028,-0.07,开放申购,开放赎回
2023-08-23,1.1057,1.1057,0.26,开放申购,开放赎回
2023-08-24,1.1091,1.1091,0.31,开放申购,开放赎回
2023-08-25,1.1064,1.1064,-0.24,开放申购,开放赎回
2023-08-28,1.1067,1.1067,0.03,开放申购,开放赎回
2023-08-29,1.1102,1.1102,0.32,开放申购,开放赎回
2023-08-30,1.1134,1.1134,0.29,开放申购,开放赎回
2023-08-31,1.1170,1.1170,0.32,开放申购,开放赎回
2023-09-01,1.1158,1.1158,-0.11,开放申购,开放赎回
2023-09-04,1.1210,1.1210,0.47,开放申购,开放赎回
2023-09-05,1.1220,1.1220,0.09,开放申购,开放赎回
2023-09-06,1.1198,1.1198,-0.20,开放申购,开放赎回
2023-09-07,1.1194,1.1194,-0.04,开放申购,开放赎回
2023-09-08,1.1263,1.1263,0.62,开放申购,开放赎回
2023-09-11,1.1275,1.1275,0.11,开放申购,开放赎回
2023-09-12,1.1291,1.1291,0.14,开放申购,开放赎回
2023-09-13,1.1322,1.1322,0.27,开放申购,开放赎回
2023-09-14,1.1425,1.1425,0.91,开放申购,开放赎回
2023-09-15,1.1343,1.1343,-0.72,开放申购,开放赎回
2023-09-18,1.1274,1.1274,-0.61,开放申购,开放赎回
2023-09-19,1.1341,1.1341,0.59,开放申购,开放赎回
2023-09-20,1.1408,1.1408,0.59,开放申购,开放赎回
2023-09-21,1.1387,1.1387,-0.18,开放申购,开放赎回
2023-09-22,1.1358,1.1358,-0.25,开放申购,开放赎回
2023-09-25,1.1413,1.1413,0.48,开放申购,开放赎回
2023-09-26,1.1415,1.1415,0.02,开放申购,开放赎回
2023-09-27,1.1239,1.1239,-1.54,开放申购,开放赎回
2023-09-28,1.0867,1.0867,-3.31,开放申购,开放赎回
2023-10-09,1.0950,1.0950,0.76,开放申购,开放赎回
2023-10-10,1.0821,1.0821,-1.18,开放申购,开放赎回
2023-10-11,1.0865,1.0865,0.41,开放申购,开放赎回
2023-10-12,1.0925,1.0925,0.55,开放申购,开放赎回
2023-10-13,1.0963,1.0963,0.35,开放申购,开放赎回
2023-10-16,1.1134,1.1134,1.56,开放申购,开放赎回
2023-10-17,1.1158,1.1158,0.22,开放申购,开放赎回
2023-10-18,1.1234,1.1234,0.68,开放申购,开放赎回
2023-10-19,1.1307,1.1307,0.65,开放申购,开放赎回
2023-10-20,1.1427,1.1427,1.06,开放申购,开放赎回
2023-10-23,1.1406,1.1406,-0.18,开放申购,开放赎回
2023-10-24,1.1386,1.1386,-0.18,开放申购,开放赎回
2023-10-25,1.1371,1.1371,-0.13,开放申购,开放赎回
2023-10-26,1.1432,1.1432,0.54,开放申购,开放赎回
2023-10-27,1.1438,1.1438,0.05,开放申购,开放赎回
2023-10-30,1.1496,1.1496,0.51,开放申购,开放赎回
2023-10-31,1.1504,1.1504,0.07,开放申购,开放赎回
2023-11-01,1.1455,1.1455,-0.43,开放申购,开放赎回
2023-11-02,1.1471,1.1471,0.14,开放申购,开放赎回
2023-11-03,1.1471,1.1471,0.00,开放申购,开放赎回
2023-11-06,1.1426,1.1426,-0.39,开放申购,开放赎回
2023-11-07,1.1377,1.1377,-0.43,开放申购,开放赎回
2023-11-08,1.1326,1.1326,-0.45,开放申购,开放赎回
2023-11-09,1.1263,1.1263,-0.56,开放申购,开放赎回
2023-11-10,1.1322,1.1322,0.52,开放申购,开放赎回
2023-11-13,1.1283,1.1283,-0.34,开放申购,开放赎回
2023-11-14,1.1323,1.1323,0.35,开放申购,开放赎回
2023-11-15,1.1362,1.1362,0.34,开放申购,开放赎回
2023-11-16,1.1331,1.1331,-0.27,开放申购,开放赎回
2023-11-17,1.1357,1.1357,0.23,开放申购,开放赎回
2023-11-20,1.1256,1.1256,-0.89,开放申购,开放赎回
2023-11-21,1.1226,1.1226,-0.27,开放申购,开放赎回
2023-11-22,1.1192,1.1192,-0.30,开放申购,开放赎回
2023-11-23,1.1179,1.1179,-0.12,开放申购,开放赎回
2023-11-24,1.1188,1.1188,0.08,开放申购,开放赎回
2023-11-27,1.1289,1.1289,0.90,开放申购,开放赎回
2023-11-28,1.1348,1.1348,0.52,开放申购,开放赎回
2023-11-29,1.1411,1.1411,0.56,开放申购,开放赎回
2023-11-30,1.1415,1.1415,0.04,开放申购,开放赎回
2023-12-01,1.1418,1.1418,0.03,开放申购,开放赎回
2023-12-04,1.1563,1.1563,1.27,开放申购,开放赎回
2023-12-05,1.1390,1.1390,-1.50,开放申购,开放赎回
2023-12-06,1.1370,1.1370,-0.18,开放申购,开放赎回
2023-12-07,1.1387,1.1387,0.15,开放申购,开放赎回
2023-12-08,1.1402,1.1402,0.13,开放申购,开放赎回
2023-12-11,1.1329,1.1329,-0.64,开放申购,开放赎回
2023-12-12,1.1275,1.1275,-0.48,开放申购,开放赎回
2023-12-13,1.1275,1.1275,0.00,开放申购,开放赎回
2023-12-14,1.1418,1.1418,1.27,开放申购,开放赎回
2023-12-15,1.1412,1.1412,-0.05,开放申购,开放赎回
2023-12-18,1.1398,1.1398,-0.12,开放申购,开放赎回
2023-12-19,1.1409,1.1409,0.10,开放申购,开放赎回
2023-12-20,1.1457,1.1457,0.42,开放申购,开放赎回
2023-12-21,1.1446,1.1446,-0.10,开放申购,开放赎回
2023-12-22,1.1509,1.1509,0.55,开放申购,开放赎回
2023-12-25,1.1514,1.1514,0.04,开放申购,开放赎回
2023-12-26,1.1561,1.1561,0.41,开放申购,开放赎回
2023-12-27,1.1576,1.1576,0.13,开放申购,开放赎回
2023-12-28,1.1592,1.1592,0.14,开放申购,开放赎回
2023-12-29,1.1551,1.1551,-0.35,开放申购,开放赎回
2023-12-31,1.1550,1.1550,-0.01,开放申购,开放赎回
2024-01-02,1.1583,1.1583,0.29,开放申购,开放赎回
2024-01-03,1.1585,1.1585,0.02,开放申购,开放赎回
2024-01-04,1.1549,1.1549,-0.31,开放申购,开放赎回
2024-01-05,1.1560,1.1560,0.10,开放申购,开放赎回
2024-01-08,1.1573,1.1573,0.11,开放申购,开放赎回
2024-01-09,1.1519,1.1519,-0.47,开放申购,开放赎回
2024-01-10,1.1504,1.1504,-0.13,开放申购,开放赎回
2024-01-11,1.1507,1.1507,0.03,开放申购,开放赎回
2024-01-12,1.1527,1.1527,0.17,开放申购,开放赎回
2024-01-15,1.1590,1.1590,0.55,开放申购,开放赎回
2024-01-16,1.1603,1.1603,0.11,开放申购,开放赎回
2024-01-17,1.1528,1.1528,-0.65,开放申购,开放赎回
2024-01-18,1.1486,1.1486,-0.36,开放申购,开放赎回
2024-01-19,1.1529,1.1529,0.37,开放申购,开放赎回
2024-01-22,1.1502,1.1502,-0.23,开放申购,开放赎回
2024-01-23,1.1500,1.1500,-0.02,开放申购,开放赎回
2024-01-24,1.1500,1.1500,0.00,开放申购,开放赎回
2024-01-25,1.1444,1.1444,-0.49,开放申购,开放赎回
2024-01-26,1.1494,1.1494,0.44,开放申购,开放赎回
2024-01-29,1.1521,1.1521,0.23,开放申购,开放赎回
2024-01-30,1.1547,1.1547,0.23,开放申购,开放赎回
2024-01-31,1.1554,1.1554,0.06,开放申购,开放赎回
2024-02-01,1.1570,1.1570,0.14,开放申购,开放赎回
2024-02-02,1.1609,1.1609,0.34,开放申购,开放赎回
2024-02-05,1.1543,1.1543,-0.57,开放申购,开放赎回
2024-02-06,1.1514,1.1514,-0.25,开放申购,开放赎回
2024-02-07,1.1542,1.1542,0.24,开放申购,开放赎回
2024-02-08,1.1570,1.1570,0.24,开放申购,开放赎回
2024-02-19,1.1520,1.1520,-0.43,开放申购,开放赎回
2024-02-20,1.1517,1.1517,-0.03,开放申购,开放赎回
2024-02-21,1.1515,1.1515,-0.02,开放申购,开放赎回
2024-02-22,1.1509,1.1509,-0.05,开放申购,开放赎回
2024-02-23,1.1480,1.1480,-0.25,开放申购,开放赎回
2024-02-26,1.1538,1.1538,0.51,开放申购,开放赎回
2024-02-27,1.1531,1.1531,-0.06,开放申购,开放赎回
2024-02-28,1.1528,1.1528,-0.03,开放申购,开放赎回
2024-02-29,1.1541,1.1541,0.11,开放申购,开放赎回
2024-03-01,1.1587,1.1587,0.40,开放申购,开放赎回
2024-03-04,1.1731,1.1731,1.24,开放申购,开放赎回
2024-03-05,1.1898,1.1898,1.42,开放申购,开放赎回
2024-03-06,1.1972,1.1972,0.62,开放申购,开放赎回
2024-03-07,1.2104,1.2104,1.10,开放申购,开放赎回
2024-03-08,1.2108,1.2108,0.03,开放申购,开放赎回
2024-03-11,1.2165,1.2165,0.47,开放申购,开放赎回
2024-03-12,1.2120,1.2120,-0.37,开放申购,开放赎回
2024-03-13,1.2096,1.2096,-0.20,开放申购,开放赎回
2024-03-14,1.2117,1.2117,0.17,开放申购,开放赎回
2024-03-15,1.2144,1.2144,0.22,开放申购,开放赎回
2024-03-18,1.2062,1.2062,-0.68,开放申购,开放赎回
2024-03-19,1.2081,1.2081,0.16,开放申购,开放赎回
2024-03-20,1.2095,1.2095,0.12,开放申购,开放赎回
2024-03-21,1.2315,1.2315,1.82,开放申购,开放赎回
2024-03-22,1.2253,1.2253,-0.50,开放申购,开放赎回
2024-03-25,1.2265,1.2265,0.10,开放申购,开放赎回
2024-03-26,1.2286,1.2286,0.17,开放申购,开放赎回
2024-03-27,1.2346,1.2346,0.49,开放申购,开放赎回
2024-03-28,1.2420,1.2420,0.60,开放申购,开放赎回
2024-03-29,1.2670,1.2670,2.01,开放申购,开放赎回
2024-04-01,1.2746,1.2746,0.60,开放申购,开放赎回
2024-04-02,1.2754,1.2754,0.06,开放申购,开放赎回
2024-04-03,1.2908,1.2908,1.21,开放申购,开放赎回
2024-04-08,1.3222,1.3222,2.43,开放申购,开放赎回
2024-04-09,1.3263,1.3263,0.31,开放申购,开放赎回
2024-04-10,1.3309,1.3309,0.35,开放申购,开放赎回
2024-04-11,1.3229,1.3229,-0.60,开放申购,开放赎回
2024-04-12,1.3539,1.3539,2.34,开放申购,开放赎回
2024-04-15,1.3388,1.3388,-1.12,开放申购,开放赎回
2024-04-16,1.3469,1.3469,0.61,开放申购,开放赎回
2024-04-17,1.3491,1.3491,0.16,开放申购,开放赎回
2024-04-18,1.3440,1.3440,-0.38,开放申购,开放赎回
2024-04-19,1.3496,1.3496,0.42,开放申购,开放赎回
2024-04-22,1.3277,1.3277,-1.62,开放申购,开放赎回
2024-04-23,1.2978,1.2978,-2.25,开放申购,开放赎回
2024-04-24,1.3115,1.3115,1.06,开放申购,开放赎回
2024-04-25,1.3105,1.3105,-0.08,开放申购,开放赎回
2024-04-26,1.3195,1.3195,0.69,开放申购,开放赎回
2024-04-29,1.3128,1.3128,-0.51,开放申购,开放赎回
2024-04-30,1.3091,1.3091,-0.28,开放申购,开放赎回
2024-05-06,1.3016,1.3016,-0.57,开放申购,开放赎回
2024-05-07,1.3049,1.3049,0.25,开放申购,开放赎回
2024-05-08,1.3029,1.3029,-0.15,开放申购,开放赎回
2024-05-09,1.3008,1.3008,-0.16,开放申购,开放赎回
2024-05-10,1.3296,1.3296,2.21,开放申购,开放赎回
2024-05-13,1.3237,1.3237,-0.44,开放申购,开放赎回
2024-05-14,1.3200,1.3200,-0.28,开放申购,开放赎回
2024-05-15,1.3282,1.3282,0.62,开放申购,开放赎回
2024-05-16,1.3403,1.3403,0.91,开放申购,开放赎回
2024-05-17,1.3412,1.3412,0.07,开放申购,开放赎回
2024-05-20,1.3728,1.3728,2.36,开放申购,开放赎回
2024-05-21,1.3584,1.3584,-1.05,开放申购,开放赎回
2024-05-22,1.3597,1.3597,0.10,开放申购,开放赎回
2024-05-23,1.3304,1.3304,-2.15,开放申购,开放赎回
2024-05-24,1.3167,1.3167,-1.03,开放申购,开放赎回
2024-05-27,1.3211,1.3211,0.33,开放申购,开放赎回
2024-05-28,1.3220,1.3220,0.07,开放申购,开放赎回
2024-05-29,1.3291,1.3291,0.54,开放申购,开放赎回
2024-05-30,1.3190,1.3190,-0.76,开放申购,开放赎回
2024-05-31,1.3230,1.3230,0.30,开放申购,开放赎回
2024-06-03,1.3134,1.3134,-0.73,开放申购,开放赎回
2024-06-04,1.3232,1.3232,0.75,开放申购,开放赎回
2024-06-05,1.3168,1.3168,-0.48,开放申购,开放赎回
2024-06-06,1.3356,1.3356,1.43,开放申购,开放赎回
2024-06-07,1.3372,1.3372,0.12,开放申购,开放赎回
2024-06-11,1.2976,1.2976,-2.96,开放申购,开放赎回
2024-06-12,1.3046,1.3046,0.54,开放申购,开放赎回
2024-06-13,1.3048,1.3048,0.02,开放申购,开放赎回
2024-06-14,1.3054,1.3054,0.05,开放申购,开放赎回
2024-06-17,1.3076,1.3076,0.17,开放申购,开放赎回
2024-06-18,1.3087,1.3087,0.08,开放申购,开放赎回
2024-06-19,1.3129,1.3129,0.32,开放申购,开放赎回
2024-06-20,1.3230,1.3230,0.77,开放申购,开放赎回
2024-06-21,1.3302,1.3302,0.54,开放申购,开放赎回
2024-06-24,1.3109,1.3109,-1.45,开放申购,开放赎回
2024-06-25,1.3124,1.3124,0.11,开放申购,开放赎回
2024-06-26,1.3048,1.3048,-0.58,开放申购,开放赎回
2024-06-27,1.2972,1.2972,-0.58,开放申购,开放赎回
2024-06-28,1.3119,1.3119,1.13,开放申购,开放赎回
2024-06-30,1.3119,1.3119,0.00,开放申购,开放赎回
2024-07-01,1.3121,1.3121,0.02,开放申购,开放赎回
2024-07-02,1.3143,1.3143,0.17,开放申购,开放赎回
2024-07-03,1.3212,1.3212,0.52,开放申购,开放赎回
2024-07-04,1.3285,1.3285,0.55,开放申购,开放赎回
2024-07-05,1.3317,1.3317,0.24,开放申购,开放赎回
2024-07-08,1.3360,1.3360,0.32,开放申购,开放赎回
2024-07-09,1.3295,1.3295,-0.49,开放申购,开放赎回
2024-07-10,1.3353,1.3353,0.44,开放申购,开放赎回
2024-07-11,1.3403,1.3403,0.37,开放申购,开放赎回
2024-07-12,1.3476,1.3476,0.54,开放申购,开放赎回
2024-07-15,1.3473,1.3473,-0.02,开放申购,开放赎回
2024-07-16,1.3605,1.3605,0.98,开放申购,开放赎回
2024-07-17,1.3778,1.3778,1.27,开放申购,开放赎回
2024-07-18,1.3770,1.3770,-0.06,开放申购,开放赎回
2024-07-19,1.3435,1.3435,-2.43,开放申购,开放赎回
2024-07-22,1.3430,1.3430,-0.04,开放申购,开放赎回
2024-07-23,1.3364,1.3364,-0.49,开放申购,开放赎回
2024-07-24,1.3510,1.3510,1.09,开放申购,开放赎回
2024-07-25,1.3199,1.3199,-2.30,开放申购,开放赎回
2024-07-26,1.3238,1.3238,0.30,开放申购,开放赎回
2024-07-29,1.3332,1.3332,0.71,开放申购,开放赎回
2024-07-30,1.3336,1.3336,0.03,开放申购,开放赎回
2024-07-31,1.3456,1.3456,0.90,开放申购,开放赎回
2024-08-01,1.3562,1.3562,0.79,开放申购,开放赎回
2024-08-02,1.3621,1.3621,0.44,开放申购,开放赎回
2024-08-05,1.3319,1.3319,-2.22,开放申购,开放赎回
2024-08-06,1.3197,1.3197,-0.92,开放申购,开放赎回
2024-08-07,1.3234,1.3234,0.28,开放申购,开放赎回
2024-08-08,1.3236,1.3236,0.02,开放申购,开放赎回
2024-08-09,1.3347,1.3347,0.84,开放申购,开放赎回
2024-08-12,1.3442,1.3442,0.71,开放申购,开放赎回
2024-08-13,1.3550,1.3550,0.80,开放申购,开放赎回
2024-08-14,1.3514,1.3514,-0.27,开放申购,开放赎回
2024-08-15,1.3491,1.3491,-0.17,开放申购,开放赎回
2024-08-16,1.3509,1.3509,0.13,开放申购,开放赎回
2024-08-19,1.3644,1.3644,1.00,开放申购,开放赎回
2024-08-20,1.3657,1.3657,0.10,开放申购,开放赎回
2024-08-21,1.3705,1.3705,0.35,开放申购,开放赎回
2024-08-22,1.3666,1.3666,-0.28,开放申购,开放赎回
2024-08-23,1.3623,1.3623,-0.31,开放申购,开放赎回
2024-08-26,1.3696,1.3696,0.54,开放申购,开放赎回
2024-08-27,1.3701,1.3701,0.04,开放申购,开放赎回
2024-08-28,1.3684,1.3684,-0.12,开放申购,开放赎回
2024-08-29,1.3692,1.3692,0.06,开放申购,开放赎回
2024-08-30,1.3678,1.3678,-0.10,开放申购,开放赎回
2024-09-02,1.3590,1.3590,-0.64,开放申购,开放赎回
2024-09-03,1.3613,1.3613,0.17,开放申购,开放赎回
2024-09-04,1.3532,1.3532,-0.60,开放申购,开放赎回
2024-09-05,1.3608,1.3608,0.56,开放申购,开放赎回
2024-09-06,1.3649,1.3649,0.30,开放申购,开放赎回
2024-09-09,1.3559,1.3559,-0.66,开放申购,开放赎回
2024-09-10,1.3644,1.3644,0.63,开放申购,开放赎回
2024-09-11,1.3708,1.3708,0.47,开放申购,开放赎回
2024-09-12,1.3691,1.3691,-0.12,开放申购,开放赎回
2024-09-13,1.3890,1.3890,1.45,开放申购,开放赎回
2024-09-18,1.3881,1.3881,-0.06,开放申购,开放赎回
2024-09-19,1.3861,1.3861,-0.14,开放申购,开放赎回
2024-09-20,1.3981,1.3981,0.87,开放申购,开放赎回
2024-09-23,1.4105,1.4105,0.89,开放申购,开放赎回
2024-09-24,1.4097,1.4097,-0.06,开放申购,开放赎回
2024-09-25,1.4186,1.4186,0.63,开放申购,开放赎回
2024-09-26,1.4214,1.4214,0.20,开放申购,开放赎回
2024-09-27,1.4215,1.4215,0.01,开放申购,开放赎回
2024-09-30,1.4145,1.4145,-0.49,开放申购,开放赎回
2024-10-08,1.4132,1.4132,-0.09,开放申购,开放赎回
2024-10-09,1.3962,1.3962,-1.20,开放申购,开放赎回
2024-10-10,1.4009,1.4009,0.34,开放申购,开放赎回
2024-10-11,1.4169,1.4169,1.14,开放申购,开放赎回
2024-10-14,1.4304,1.4304,0.95,开放申购,开放赎回
2024-10-15,1.4313,1.4313,0.06,开放申购,开放赎回
2024-10-16,1.4500,1.4500,1.31,开放申购,开放赎回
2024-10-17,1.4565,1.4565,0.45,开放申购,开放赎回
2024-10-18,1.4665,1.4665,0.69,开放申购,开放赎回
2024-10-21,1.4815,1.4815,1.02,开放申购,开放赎回
2024-10-22,1.4832,1.4832,0.11,开放申购,开放赎回
2024-10-23,1.4907,1.4907,0.51,开放申购,开放赎回
2024-10-24,1.4793,1.4793,-0.76,开放申购,开放赎回
2024-10-25,1.4790,1.4790,-0.02,开放申购,开放赎回
2024-10-28,1.4847,1.4847,0.39,开放申购,开放赎回
2024-10-29,1.4954,1.4954,0.72,开放申购,开放赎回
2024-10-30,1.5113,1.5113,1.06,开放申购,开放赎回
2024-10-31,1.5059,1.5059,-0.36,开放申购,开放赎回
2024-11-01,1.4920,1.4920,-0.92,开放申购,开放赎回
2024-11-04,1.4817,1.4817,-0.69,开放申购,开放赎回
2024-11-05,1.4812,1.4812,-0.03,开放申购,开放赎回
2024-11-06,1.4815,1.4815,0.02,开放申购,开放赎回
2024-11-07,1.4494,1.4494,-2.17,开放申购,开放赎回
2024-11-08,1.4607,1.4607,0.78,开放申购,开放赎回
2024-11-11,1.4617,1.4617,0.07,开放申购,开放赎回
2024-11-12,1.4386,1.4386,-1.58,开放申购,开放赎回
2024-11-13,1.4355,1.4355,-0.22,开放申购,开放赎回
2024-11-14,1.4084,1.4084,-1.89,开放申购,开放赎回
2024-11-15,1.4096,1.4096,0.09,开放申购,开放赎回
2024-11-18,1.4262,1.4262,1.18,开放申购,开放赎回
2024-11-19,1.4478,1.4478,1.51,开放申购,开放赎回
2024-11-20,1.4512,1.4512,0.23,开放申购,开放赎回
2024-11-21,1.4663,1.4663,1.04,开放申购,开放赎回
2024-11-22,1.4837,1.4837,1.19,开放申购,开放赎回
2024-11-25,1.4672,1.4672,-1.11,开放申购,开放赎回
2024-11-26,1.4481,1.4481,-1.30,开放申购,开放赎回
2024-11-27,1.4616,1.4616,0.93,开放申购,开放赎回
2024-11-28,1.4536,1.4536,-0.55,开放申购,开放赎回
2024-11-29,1.4652,1.4652,0.80,开放申购,开放赎回
2024-12-02,1.4557,1.4557,-0.65,开放申购,开放赎回
2024-12-03,1.4684,1.4684,0.87,开放申购,开放赎回
2024-12-04,1.4666,1.4666,-0.12,开放申购,开放赎回
2024-12-05,1.4671,1.4671,0.03,开放申购,开放赎回
2024-12-06,1.4612,1.4612,-0.40,开放申购,开放赎回
2024-12-09,1.4686,1.4686,0.51,开放申购,开放赎回
2024-12-10,1.4742,1.4742,0.38,开放申购,开放赎回
2024-12-11,1.4867,1.4867,0.85,开放申购,开放赎回
2024-12-12,1.4966,1.4966,0.67,开放申购,开放赎回
2024-12-13,1.4846,1.4846,-0.80,开放申购,开放赎回
2024-12-16,1.4701,1.4701,-0.98,开放申购,开放赎回
2024-12-17,1.4695,1.4695,-0.04,开放申购,开放赎回
2024-12-18,1.4678,1.4678,-0.12,开放申购,开放赎回
2024-12-19,1.4564,1.4564,-0.78,开放申购,开放赎回
2024-12-20,1.4572,1.4572,0.05,开放申购,开放赎回
2024-12-23,1.4711,1.4711,0.95,开放申购,开放赎回
2024-12-24,1.4664,1.4664,-0.32,开放申购,开放赎回
2024-12-25,1.4686,1.4686,0.15,开放申购,开放赎回
2024-12-26,1.4708,1.4708,0.15,开放申购,开放赎回
2024-12-27,1.4718,1.4718,0.07,开放申购,开放赎回
2024-12-30,1.4668,1.4668,-0.34,开放申购,开放赎回
2024-12-31,1.4664,1.4664,-0.03,开放申购,开放赎回
2025-01-02,1.4794,1.4794,0.89,开放申购,开放赎回
2025-01-03,1.4913,1.4913,0.80,开放申购,开放赎回
2025-01-06,1.4853,1.4853,-0.40,开放申购,开放赎回
2025-01-07,1.4863,1.4863,0.07,开放申购,开放赎回
2025-01-08,1.4921,1.4921,0.39,开放申购,开放赎回
2025-01-09,1.4995,1.4995,0.50,开放申购,开放赎回
2025-01-10,1.5098,1.5098,0.69,开放申购,开放赎回
2025-01-13,1.5145,1.5145,0.31,开放申购,开放赎回
2025-01-14,1.5046,1.5046,-0.65,开放申购,开放赎回
2025-01-15,1.5101,1.5101,0.37,开放申购,开放赎回
2025-01-16,1.5157,1.5157,0.37,开放申购,开放赎回
2025-01-17,1.5199,1.5199,0.28,开放申购,开放赎回
2025-01-20,1.5175,1.5175,-0.16,开放申购,开放赎回
2025-01-21,1.5176,1.5176,0.01,开放申购,开放赎回
2025-01-22,1.5304,1.5304,0.84,开放申购,开放赎回
2025-01-23,1.5319,1.5319,0.10,开放申购,开放赎回
2025-01-24,1.5378,1.5378,0.39,开放申购,开放赎回
2025-01-27,1.5327,1.5327,-0.33,开放申购,开放赎回
2025-02-05,1.5857,1.5857,3.46,开放申购,开放赎回
2025-02-06,1.5849,1.5849,-0.05,开放申购,开放赎回
2025-02-07,1.5859,1.5859,0.06,开放申购,开放赎回
2025-02-10,1.6072,1.6072,1.34,开放申购,开放赎回
2025-02-11,1.6235,1.6235,1.01,开放申购,开放赎回
2025-02-12,1.6140,1.6140,-0.59,开放申购,开放赎回
2025-02-13,1.6203,1.6203,0.39,开放申购,开放赎回
2025-02-14,1.6288,1.6288,0.52,开放申购,开放赎回
2025-02-17,1.6040,1.6040,-1.52,开放申购,开放赎回
2025-02-18,1.6174,1.6174,0.84,开放申购,开放赎回
2025-02-19,1.6282,1.6282,0.67,开放申购,开放赎回
2025-02-20,1.6331,1.6331,0.30,开放申购,开放赎回
2025-02-21,1.6215,1.6215,-0.71,开放申购,开放赎回
2025-02-24,1.6252,1.6252,0.23,开放申购,开放赎回
2025-02-25,1.6248,1.6248,-0.02,开放申购,开放赎回
2025-02-26,1.6115,1.6115,-0.82,开放申购,开放赎回
2025-02-27,1.6051,1.6051,-0.40,开放申购,开放赎回
2025-02-28,1.5942,1.5942,-0.68,开放申购,开放赎回
2025-03-03,1.5945,1.5945,0.02,开放申购,开放赎回
2025-03-04,1.6048,1.6048,0.65,开放申购,开放赎回
2025-03-05,1.6170,1.6170,0.76,开放申购,开放赎回
2025-03-06,1.6145,1.6145,-0.15,开放申购,开放赎回
2025-03-07,1.6120,1.6120,-0.15,开放申购,开放赎回
2025-03-10,1.6160,1.6160,0.25,开放申购,开放赎回
2025-03-11,1.6074,1.6074,-0.53,开放申购,开放赎回
2025-03-12,1.6124,1.6124,0.31,开放申购,开放赎回
2025-03-13,1.6240,1.6240,0.72,开放申购,开放赎回
2025-03-14,1.6479,1.6479,1.47,开放申购,开放赎回
2025-03-17,1.6507,1.6507,0.17,开放申购,开放赎回
2025-03-18,1.6611,1.6611,0.63,开放申购,开放赎回
2025-03-19,1.6784,1.6784,1.04,开放申购,开放赎回
2025-03-20,1.6820,1.6820,0.21,开放申购,开放赎回
2025-03-21,1.6747,1.6747,-0.43,开放申购,开放赎回
2025-03-24,1.6746,1.6746,-0.01,开放申购,开放赎回
2025-03-25,1.6726,1.6726,-0.12,开放申购,开放赎回
2025-03-26,1.6778,1.6778,0.31,开放申购,开放赎回
2025-03-27,1.6812,1.6812,0.20,开放申购,开放赎回
2025-03-28,1.7093,1.7093,1.67,开放申购,开放赎回
2025-03-31,1.7260,1.7260,0.98,开放申购,开放赎回
2025-04-01,1.7417,1.7417,0.91,开放申购,开放赎回
2025-04-02,1.7357,1.7357,-0.34,开放申购,开放赎回
2025-04-03,1.7472,1.7472,0.66,开放申购,开放赎回
2025-04-07,1.6975,1.6975,-2.84,开放申购,开放赎回
2025-04-08,1.7021,1.7021,0.27,开放申购,开放赎回
2025-04-09,1.7202,1.7202,1.06,开放申购,开放赎回
2025-04-10,1.7586,1.7586,2.23,开放申购,开放赎回
2025-04-11,1.7911,1.7911,1.85,开放申购,开放赎回
2025-04-14,1.8041,1.8041,0.73,开放申购,开放赎回
2025-04-15,1.8047,1.8047,0.03,开放申购,开放赎回
2025-04-16,1.8441,1.8441,2.18,开放申购,开放赎回
2025-04-17,1.8645,1.8645,1.11,开放申购,开放赎回
2025-04-18,1.8685,1.8685,0.21,开放申购,开放赎回
2025-04-21,1.8990,1.8990,1.63,开放申购,开放赎回
2025-04-22,1.9567,1.9567,3.04,开放申购,开放赎回
2025-04-23,1.8648,1.8648,-4.70,开放申购,开放赎回
2025-04-24,1.8784,1.8784,0.73,开放申购,开放赎回
2025-04-25,1.8629,1.8629,-0.83,开放申购,开放赎回
2025-04-28,1.8456,1.8456,-0.93,开放申购,开放赎回
2025-04-29,1.8559,1.8559,0.56,开放申购,开放赎回
2025-04-30,1.8473,1.8473,-0.46,开放申购,开放赎回
2025-05-06,1.8796,1.8796,1.75,开放申购,开放赎回
2025-05-07,1.8941,1.8941,0.77,开放申购,开放赎回
2025-05-08,1.8680,1.8680,-1.38,开放申购,开放赎回
2025-05-09,1.8623,1.8623,-0.31,开放申购,开放赎回
2025-05-12,1.8185,1.8185,-2.35,开放申购,开放赎回
2025-05-13,1.8111,1.8111,-0.41,开放申购,开放赎回
2025-05-14,1.7997,1.7997,-0.63,开放申购,开放赎回
2025-05-15,1.7450,1.7450,-3.04,开放申购,开放赎回
2025-05-16,1.7769,1.7769,1.83,开放申购,开放赎回
2025-05-19,1.7862,1.7862,0.52,开放申购,开放赎回
2025-05-20,1.7842,1.7842,-0.11,开放申购,开放赎回
2025-05-21,1.8381,1.8381,3.02,开放申购,开放赎回
2025-05-22,1.8436,1.8436,0.30,开放申购,开放赎回
2025-05-23,1.8421,1.8421,-0.08,开放申购,开放赎回
2025-05-26,1.8381,1.8381,-0.22,开放申购,开放赎回
2025-05-27,1.8238,1.8238,-0.78,开放申购,开放赎回
2025-05-28,1.8238,1.8238,0.00,开放申购,开放赎回
2025-05-29,1.8066,1.8066,-0.94,开放申购,开放赎回
2025-05-30,1.8224,1.8224,0.87,开放申购,开放赎回
2025-06-03,1.8500,1.8500,1.51,开放申购,开放赎回
2025-06-04,1.8496,1.8496,-0.02,开放申购,开放赎回
2025-06-05,1.8516,1.8516,0.11,开放申购,开放赎回
2025-06-06,1.8504,1.8504,-0.06,开放申购,开放赎回
2025-06-09,1.8297,1.8297,-1.12,开放申购,开放赎回
2025-06-10,1.8326,1.8326,0.16,开放申购,开放赎回
2025-06-11,1.8380,1.8380,0.29,开放申购,开放赎回
2025-06-12,1.8541,1.8541,0.88,开放申购,开放赎回
2025-06-13,1.8761,1.8761,1.19,开放申购,开放赎回
2025-06-16,1.8724,1.8724,-0.20,开放申购,开放赎回
2025-06-17,1.8550,1.8550,-0.93,开放申购,开放赎回
2025-06-18,1.8561,1.8561,0.06,开放申购,开放赎回
2025-06-19,1.8476,1.8476,-0.46,开放申购,开放赎回
2025-06-20,1.8401,1.8401,-0.41,开放申购,开放赎回
2025-06-23,1.8460,1.8460,0.32,开放申购,开放赎回
2025-06-24,1.8262,1.8262,-1.07,开放申购,开放赎回
2025-06-25,1.8292,1.8292,0.16,开放申购,开放赎回
2025-06-26,1.8313,1.8313,0.11,开放申购,开放赎回
2025-06-27,1.8123,1.8123,-1.04,开放申购,开放赎回
2025-06-30,1.8095,1.8095,-0.15,开放申购,开放赎回
2025-07-01,1.8288,1.8288,1.07,开放申购,开放赎回
2025-07-02,1.8301,1.8301,0.07,开放申购,开放赎回
2025-07-03,1.8425,1.8425,0.68,开放申购,开放赎回
2025-07-04,1.8327,1.8327,-0.53,开放申购,开放赎回
2025-07-07,1.8199,1.8199,-0.70,开放申购,开放赎回
2025-07-08,1.8313,1.8313,0.63,开放申购,开放赎回
2025-07-09,1.8103,1.8103,-1.15,开放申购,开放赎回
2025-07-10,1.8243,1.8243,0.77,开放申购,开放赎回
2025-07-11,1.8260,1.8260,0.09,开放申购,开放赎回
2025-07-14,1.8415,1.8415,0.85,开放申购,开放赎回
2025-07-15,1.8398,1.8398,-0.09,开放申购,开放赎回
2025-07-16,1.8317,1.8317,-0.44,开放申购,开放赎回
2025-07-17,1.8308,1.8308,-0.05,开放申购,开放赎回
2025-07-18,1.8321,1.8321,0.07,开放申购,开放赎回
2025-07-21,1.8434,1.8434,0.62,开放申购,开放赎回
2025-07-22,1.8513,1.8513,0.43,开放申购,开放赎回
2025-07-23,1.8692,1.8692,0.97,开放申购,开放赎回
2025-07-24,1.8376,1.8376,-1.69,开放申购,开放赎回
2025-07-25,1.8332,1.8332,-0.24,开放申购,开放赎回
2025-07-28,1.8281,1.8281,-0.28,开放申购,开放赎回
2025-07-29,1.8203,1.8203,-0.43,开放申购,开放赎回
2025-07-30,1.8248,1.8248,0.25,开放申购,开放赎回
2025-07-31,1.8174,1.8174,-0.41,开放申购,开放赎回
2025-08-01,1.8184,1.8184,0.06,开放申购,开放赎回
2025-08-04,1.8420,1.8420,1.30,开放申购,开放赎回
2025-08-05,1.8463,1.8463,0.23,开放申购,开放赎回
2025-08-06,1.8489,1.8489,0.14,开放申购,开放赎回
2025-08-07,1.8518,1.8518,0.16,开放申购,开放赎回
2025-08-08,1.8579,1.8579,0.33,开放申购,开放赎回
2025-08-11,1.8401,1.8401,-0.96,开放申购,开放赎回
2025-08-12,1.8316,1.8316,-0.46,开放申购,开放赎回
2025-08-13,1.8345,1.8345,0.16,开放申购,开放赎回
2025-08-14,1.8378,1.8378,0.18,开放申购,开放赎回
2025-08-15,1.8309,1.8309,-0.38,开放申购,开放赎回
2025-08-18,1.8346,1.8346,0.20,开放申购,开放赎回
2025-08-19,1.8291,1.8291,-0.30,开放申购,开放赎回
2025-08-20,1.8234,1.8234,-0.31,开放申购,开放赎回
2025-08-21,1.8290,1.8290,0.31,开放申购,开放赎回
2025-08-22,1.8260,1.8260,-0.16,开放申购,开放赎回
2025-08-25,1.8383,1.8383,0.67,开放申购,开放赎回
2025-08-26,1.8429,1.8429,0.25,开放申购,开放赎回
2025-08-27,1.8441,1.8441,0.07,开放申购,开放赎回
2025-08-28,1.8487,1.8487,0.25,开放申购,开放赎回
2025-08-29,1.8529,1.8529,0.23,开放申购,开放赎回
2025-09-01,1.8828,1.8828,1.61,开放申购,开放赎回
2025-09-02,1.8955,1.8955,0.67,开放申购,开放赎回
2025-09-03,1.9205,1.9205,1.32,开放申购,开放赎回
2025-09-04,1.9173,1.9173,-0.17,开放申购,开放赎回
2025-09-05,1.9239,1.9239,0.34,开放申购,开放赎回
2025-09-08,1.9414,1.9414,0.91,开放申购,开放赎回
2025-09-09,1.9684,1.9684,1.39,开放申购,开放赎回
2025-09-10,1.9658,1.9658,-0.13,开放申购,开放赎回
2025-09-11,1.9613,1.9613,-0.23,开放申购,开放赎回
2025-09-12,1.9683,1.9683,0.36,开放申购,开放赎回
2025-09-15,1.9628,1.9628,-0.28,开放申购,开放赎回
2025-09-16,1.9851,1.9851,1.14,开放申购,开放赎回
2025-09-17,1.9725,1.9725,-0.63,开放申购,开放赎回
2025-09-18,1.9494,1.9494,-1.17,开放申购,开放赎回
2025-09-19,1.9559,1.9559,0.33,开放申购,开放赎回
2025-09-22,1.9905,1.9905,1.77,开放申购,开放赎回
2025-09-23,2.0128,2.0128,1.12,开放申购,开放赎回
2025-09-24,2.0255,2.0255,0.63,开放申购,开放赎回
2025-09-25,2.0148,2.0148,-0.53,开放申购,开放赎回
2025-09-26,2.0187,2.0187,0.19,开放申购,开放赎回
2025-09-29,2.0410,2.0410,1.10,开放申购,开放赎回
2025-09-30,2.0646,2.0646,1.16,开放申购,开放赎回
2025-10-09,2.1555,2.1555,4.40,开放申购,开放赎回
2025-10-10,2.1277,2.1277,-1.29,开放申购,开放赎回
2025-10-13,2.1857,2.1857,2.73,开放申购,开放赎回
2025-10-14,2.2141,2.2141,1.30,开放申购,开放赎回
2025-10-15,2.2611,2.2611,2.12,开放申购,开放赎回
2025-10-16,2.2835,2.2835,0.99,开放申购,开放赎回
2025-10-17,2.3524,2.3524,3.02,开放申购,开放赎回
2025-10-20,2.2954,2.2954,-2.42,开放申购,开放赎回
2025-10-21,2.3395,2.3395,1.92,开放申购,开放赎回
2025-10-22,2.2456,2.2456,-4.01,开放申购,开放赎回
2025-10-23,2.2235,2.2235,-0.98,开放申购,开放赎回
2025-10-24,2.2150,2.2150,-0.38,开放申购,开放赎回
2025-10-27,2.2042,2.2042,-0.49,开放申购,开放赎回
2025-10-28,2.1267,2.1267,-3.52,开放申购,开放赎回
2025-10-29,2.1464,2.1464,0.93,开放申购,开放赎回
2025-10-30,2.1480,2.1480,0.07,开放申购,开放赎回
2025-10-31,2.1748,2.1748,1.25,开放申购,开放赎回
2025-11-03,2.1725,2.1725,-0.11,开放申购,开放赎回
2025-11-04,2.1595,2.1595,-0.60,开放申购,开放赎回
2025-11-05,2.1516,2.1516,-0.37,开放申购,开放赎回
2025-11-06,2.1656,2.1656,0.65,开放申购,开放赎回
2025-11-07,2.1725,2.1725,0.32,开放申购,开放赎回
2025-11-10,2.2059,2.2059,1.54,开放申购,开放赎回
2025-11-11,2.2369,2.2369,1.41,开放申购,开放赎回
2025-11-12,2.2297,2.2297,-0.32,开放申购,开放赎回
2025-11-13,2.2641,2.2641,1.54,开放申购,开放赎回
2025-11-14,2.2477,2.2477,-0.72,开放申购,开放赎回
2025-11-17,2.1941,2.1941,-2.38,开放申购,开放赎回
2025-11-18,2.1691,2.1691,-1.14,开放申购,开放赎回
2025-11-19,2.2110,2.2110,1.93,开放申购,开放赎回
2025-11-20,2.2002,2.2002,-0.49,开放申购,开放赎回
2025-11-21,2.1817,2.1817,-0.84,开放申购,开放赎回
2025-11-24,2.1890,2.1890,0.33,开放申购,开放赎回
2025-11-25,2.2262,2.2262,1.70,开放申购,开放赎回
2025-11-26,2.2263,2.2263,0.00,开放申购,开放赎回
2025-11-27,2.2265,2.2265,0.01,开放申购,开放赎回
2025-11-28,2.2403,2.2403,0.62,开放申购,开放赎回
2025-12-01,2.2628,2.2628,1.00,开放申购,开放赎回
2025-12-02,2.2534,2.2534,-0.42,开放申购,开放赎回
2025-12-03,2.2481,2.2481,-0.24,开放申购,开放赎回
2025-12-04,2.2414,2.2414,-0.30,开放申购,开放赎回
2025-12-05,2.2574,2.2574,0.71,开放申购,开放赎回
2025-12-08,2.2519,2.2519,-0.24,开放申购,开放赎回
2025-12-09,2.2372,2.2372,-0.65,开放申购,开放赎回
2025-12-10,2.2472,2.2472,0.45,开放申购,开放赎回
2025-12-11,2.2509,2.2509,0.16,开放申购,开放赎回
2025-12-12,2.2788,2.2788,1.24,开放申购,开放赎回
2025-12-15,2.3088,2.3088,1.32,开放申购,开放赎回
2025-12-16,2.2831,2.2831,-1.11,开放申购,开放赎回
2025-12-17,2.2998,2.2998,0.73,开放申购,开放赎回
2025-12-18,2.3019,2.3019,0.09,开放申购,开放赎回
2025-12-19,2.3013,2.3013,-0.03,开放申购,开放赎回
2025-12-22,2.3443,2.3443,1.87,开放申购,开放赎回
2025-12-23,2.3777,2.3777,1.42,开放申购,开放赎回
2025-12-24,2.3816,2.3816,0.16,开放申购,开放赎回
2025-12-25,2.3671,2.3671,-0.61,开放申购,开放赎回
2025-12-26,2.3839,2.3839,0.71,开放申购,开放赎回
2025-12-29,2.3657,2.3657,-0.76,开放申购,开放赎回
2025-12-30,2.3166,2.3166,-2.08,开放申购,开放赎回
2025-12-31,2.2994,2.2994,-0.74,开放申购,开放赎回
2026-01-05,2.3434,2.3434,1.91,开放申购,开放赎回
2026-01-06,2.3666,2.3666,0.99,开放申购,开放赎回
2026-01-07,2.3544,2.3544,-0.52,开放申购,开放赎回
2026-01-08,2.3509,2.3509,-0.15,开放申购,开放赎回
2026-01-09,2.3684,2.3684,0.74,开放申购,开放赎回
2026-01-12,2.4138,2.4138,1.92,开放申购,开放赎回
2026-01-13,2.4186,2.4186,0.20,开放申购,开放赎回
2026-01-14,2.4474,2.4474,1.19,开放申购,开放赎回
2026-01-15,2.4367,2.4367,-0.44,开放申购,开放赎回
2026-01-16,2.4360,2.4360,-0.03,开放申购,开放赎回
2026-01-19,2.4683,2.4683,1.33,开放申购,开放赎回
2026-01-20,2.4876,2.4876,0.78,开放申购,开放赎回
2026-01-21,2.5650,2.5650,3.11,开放申购,开放赎回
2026-01-22,2.5534,2.5534,-0.45,开放申购,开放赎回
2026-01-23,2.6161,2.6161,2.46,开放申购,开放赎回
2026-01-26,2.6885,2.6885,2.77,开放申购,开放赎回
2026-01-27,2.6934,2.6934,0.18,开放申购,开放赎回
2026-01-28,2.7771,2.7771,3.11,开放申购,开放赎回
2026-01-29,2.9311,2.9311,5.55,开放申购,开放赎回
2026-01-30,2.7363,2.7363,-6.65,开放申购,开放赎回
2026-02-02,2.3924,2.3924,-12.57,开放申购,开放赎回
2026-02-03,2.5756,2.5756,7.66,开放申购,开放赎回
2026-02-04,2.6879,2.6879,4.36,开放申购,开放赎回
2026-02-05,2.6081,2.6081,-2.97,开放申购,开放赎回
2026-02-06,2.5688,2.5688,-1.51,开放申购,开放赎回
2026-02-09,2.6574,2.6574,3.45,开放申购,开放赎回
2026-02-10,2.6453,2.6453,-0.46,开放申购,开放赎回
2026-02-11,2.6624,2.6624,0.65,开放申购,开放赎回
2026-02-12,2.6575,2.6575,-0.18,开放申购,开放赎回
2026-02-13,2.6138,2.6138,-1.64,开放申购,开放赎回
2026-02-24,2.7107,2.7107,3.71,开放申购,开放赎回
2026-02-25,2.7119,2.7119,0.04,开放申购,开放赎回
2026-02-26,2.7027,2.7027,-0.34,开放申购,开放赎回
2026-02-27,2.7063,2.7063,0.13,开放申购,开放赎回
2026-03-02,2.8178,2.8178,4.12,开放申购,开放赎回
2026-03-03,2.7916,2.7916,-0.93,开放申购,开放赎回
2026-03-04,2.7215,2.7215,-2.51,开放申购,开放赎回
2026-03-05,2.7158,2.7158,-0.21,开放申购,开放赎回
2026-03-06,2.6953,2.6953,-0.75,开放申购,开放赎回
2026-03-09,2.6906,2.6906,-0.17,开放申购,开放赎回
2026-03-10,2.7134,2.7134,0.85,开放申购,开放赎回
2026-03-11,2.7188,2.7188,0.20,开放申购,开放赎回
2026-03-12,2.7097,2.7097,-0.33,开放申购,开放赎回
2026-03-13,2.6766,2.6766,-1.22,开放申购,开放赎回
2026-03-16,2.6418,2.6418,-1.30,开放申购,开放赎回
2026-03-17,2.6362,2.6362,-0.21,开放申购,开放赎回
2026-03-18,2.6301,2.6301,-0.23,开放申购,开放赎回
2026-03-19,2.5136,2.5136,-4.43,开放申购,开放赎回
2026-03-20,2.4570,2.4570,-2.25,开放申购,开放赎回
2026-03-23,2.2285,2.2285,-9.30,开放申购,开放赎回
2026-03-24,2.3122,2.3122,3.76,开放申购,开放赎回
2026-03-25,2.3986,2.3986,3.74,开放申购,开放赎回
2026-03-26,2.3500,2.3500,-2.03,开放申购,开放赎回
2026-03-27,2.3547,2.3547,0.20,开放申购,开放赎回
2026-03-30,2.3915,2.3915,1.56,开放申购,开放赎回
2026-03-31,2.4061,2.4061,0.61,开放申购,开放赎回
2026-04-01,2.4780,2.4780,2.99,开放申购,开放赎回
2026-04-02,2.4182,2.4182,-2.41,开放申购,开放赎回
2026-04-03,2.4411,2.4411,0.95,开放申购,开放赎回
2026-04-07,2.4385,2.4385,-0.11,开放申购,开放赎回
2026-04-08,2.5033,2.5033,2.66,开放申购,开放赎回
2026-04-09,2.4568,2.4568,-1.86,开放申购,开放赎回
2026-04-10,2.4731,2.4731,0.66,开放申购,开放赎回
2026-04-13,2.4630,2.4630,-0.41,开放申购,开放赎回
2026-04-14,2.4831,2.4831,0.82,开放申购,开放赎回
2026-04-15,2.4958,2.4958,0.51,开放申购,开放赎回
2026-04-16,2.5028,2.5028,0.28,开放申购,开放赎回
2026-04-17,2.4857,2.4857,-0.68,开放申购,开放赎回
2026-04-20,2.4887,2.4887,0.12,开放申购,开放赎回
2026-04-21,2.4814,2.4814,-0.29,开放申购,开放赎回
2026-04-22,2.4793,2.4793,-0.08,开放申购,开放赎回
2026-04-23,2.4559,2.4559,-0.94,开放申购,开放赎回
2026-04-24,2.4377,2.4377,-0.74,开放申购,开放赎回
2026-04-27,2.4533,2.4533,0.64,开放申购,开放赎回
2026-04-28,2.4167,2.4167,-1.49,开放申购,开放赎回
2026-04-29,2.3898,2.3898,-1.11,开放申购,开放赎回
2026-04-30,2.3950,2.3950,0.22,开放申购,开放赎回
2026-05-06,2.4257,2.4257,1.28,开放申购,开放赎回
2026-05-07,2.4549,2.4549,1.20,开放申购,开放赎回
2026-05-08,2.4493,2.4493,-0.23,开放申购,开放赎回
2026-05-11,2.4245,2.4245,-1.01,开放申购,开放赎回
2026-05-12,2.4332,2.4332,0.36,开放申购,开放赎回
2026-05-13,2.4330,2.4330,-0.01,开放申购,开放赎回
2026-05-14,2.4286,2.4286,-0.18,开放申购,开放赎回
2026-05-15,2.3724,2.3724,-2.31,开放申购,开放赎回
2026-05-18,2.3602,2.3602,-0.51,开放申购,开放赎回
2026-05-19,2.3596,2.3596,-0.03,开放申购,开放赎回
2026-05-20,2.3258,2.3258,-1.43,开放申购,开放赎回
2026-05-21,2.3469,2.3469,0.91,开放申购,开放赎回
2026-05-22,2.3458,2.3458,-0.05,开放申购,开放赎回
2026-05-25,2.3584,2.3584,0.54,开放申购,开放赎回
2026-05-26,2.3452,2.3452,-0.56,开放申购,开放赎回
2026-05-27,2.3200,2.3200,-1.07,开放申购,开放赎回
2026-05-28,2.2675,2.2675,-2.26,开放申购,开放赎回
2026-05-29,2.3294,2.3294,2.73,开放申购,开放赎回
2026-06-01,2.3202,2.3202,-0.39,开放申购,开放赎回
2026-06-02,2.3318,2.3318,0.50,开放申购,开放赎回
2026-06-03,2.3046,2.3046,-1.17,开放申购,开放赎回
2026-06-04,2.3040,2.3040,-0.03,开放申购,开放赎回
2026-06-05,2.2953,2.2953,-0.38,开放申购,开放赎回
2026-06-08,2.2228,2.2228,-3.16,开放申购,开放赎回
2026-06-09,2.2353,2.2353,0.56,开放申购,开放赎回
2026-06-10,2.1684,2.1684,-2.99,开放申购,开放赎回
2026-06-11,2.1113,2.1113,-2.63,开放申购,开放赎回
2026-06-12,2.1479,2.1479,1.73,开放申购,开放赎回
2026-06-15,2.2123,2.2123,3.00,开放申购,开放赎回
2026-06-16,2.2227,2.2227,0.47,开放申购,开放赎回
2026-06-17,2.2226,2.2226,0.00,开放申购,开放赎回
2026-06-18,2.2121,2.2121,-0.47,开放申购,开放赎回
2026-06-22,2.1639,2.1639,-2.18,开放申购,开放赎回
2026-06-23,2.1223,2.1223,-1.92,开放申购,开放赎回
2026-06-24,2.1145,2.1145,-0.37,开放申购,开放赎回
2026-06-25,2.0579,2.0579,-2.68,开放申购,开放赎回
2026-06-26,2.0810,2.0810,1.12,开放申购,开放赎回
2026-06-29,2.0964,2.0964,0.74,开放申购,开放赎回
2026-06-30,2.0759,2.0759,-0.98,开放申购,开放赎回
2026-07-01,2.0506,2.0506,-1.22,开放申购,开放赎回
2026-07-02,2.0998,2.0998,2.40,开放申购,开放赎回
2026-07-03,2.1497,2.1497,2.38,开放申购,开放赎回
2026-07-06,2.1432,2.1432,-0.30,开放申购,开放赎回
2026-07-07,2.1332,2.1332,-0.47,开放申购,开放赎回
2026-07-08,2.1297,2.1297,-0.16,开放申购,开放赎回
2026-07-09,2.1197,2.1197,-0.47,开放申购,开放赎回
2026-07-10,2.1205,2.1205,0.04,开放申购,开放赎回
2026-07-13,2.0917,2.0917,-1.36,开放申购,开放赎回
2026-07-14,2.0767,2.0767,-0.72,开放申购,开放赎回
2026-07-15,2.0777,2.0777,0.05,开放申购,开放赎回
2026-07-16,2.0753,2.0753,-0.12,开放申购,开放赎回
2026-07-17,2.0612,2.0612,-0.68,开放申购,开放赎回
2026-07-20,2.0637,2.0637,0.12,开放申购,开放赎回
2026-07-21,2.0989,2.0989,1.71,开放申购,开放赎回
2026-07-22,2.1209,2.1209,1.05,开放申购,开放赎回
2026-07-23,2.1192,2.1192,-0.08,开放申购,开放赎回
2026-07-24,2.0817,2.0817,-1.77,开放申购,开放赎回
2026-07-27,2.1097,2.1097,1.35,开放申购,开放赎回
2026-07-28,2.0849,2.0849,-1.18,开放申购,开放赎回
2026-07-29,2.0816,2.0816,-0.16,开放申购,开放赎回
2026-07-30,2.0773,2.0773,-0.21,开放申购,开放赎回
2026-07-31,2.0918,2.0918,0.70,开放申购,开放赎回
2026-08-03,2.0882,2.0882,-0.17,开放申购,开放赎回
2026-08-04,2.0875,2.0875,-0.03,开放申购,开放赎回
2026-08-05,2.1398,2.1398,2.51,开放申购,开放赎回
2026-08-06,2.1809,2.1809,1.92,开放申购,开放赎回
2026-08-07,2.2014,2.2014,0.94,开放申购,开放赎回
2026-08-10,2.2309,2.2309,1.34,开放申购,开放赎回
2026-08-11,2.2370,2.2370,0.27,开放申购,开放赎回
2026-08-12,2.2563,2.2563,0.86,开放申购,开放赎回
2026-08-13,2.2442,2.2442,-0.54,开放申购,开放赎回
2026-08-14,2.2192,2.2192,-1.11,开放申购,开放赎回
2026-08-17,2.2493,2.2493,1.36,开放申购,开放赎回
2026-08-18,2.2518,2.2518,0.11,开放申购,开放赎回
2026-08-19,2.2269,2.2269,-1.11,开放申购,开放赎回
2026-08-20,2.2885,2.2885,2.77,开放申购,开放赎回
2026-08-21,2.3227,2.3227,1.49,开放申购,开放赎回
2026-08-24,2.3690,2.3690,1.99,开放申购,开放赎回
2026-08-25,2.3653,2.3653,-0.16,开放申购,开放赎回
2026-08-26,2.3600,2.3600,-0.22,开放申购,开放赎回
2026-08-27,2.3445,2.3445,-0.66,开放申购,开放赎回
2026-08-28,2.3474,2.3474,0.12,开放申购,开放赎回
2026-08-31,2.2670,2.2670,-3.43,开放申购,开放赎回
2026-09-01,2.2617,2.2617,-0.23,开放申购,开放赎回
2026-09-02,2.2075,2.2075,-2.40,开放申购,开放赎回
2026-09-03,2.2563,2.2563,2.21,开放申购,开放赎回
2026-09-04,2.2737,2.2737,0.77,开放申购,开放赎回
2026-09-07,2.2395,2.2395,-1.50,开放申购,开放赎回
