published_date,source_tier,record_type,event_category,title,expected_channels,consensus_direction,confidence,url
2026-08-26,1,official,market_stress,美国宣布保障大电网安全的国家紧急状态,"政策不确定性;风险偏好;美元",mixed,low,https://www.whitehouse.gov/presidential-actions/2026/08/declaring-a-national-emergency-to-secure-the-united-states-bulk-power-system/
2026-08-21,2,analysis,fiscal_debt,市场重新讨论美元贬值交易,"美元;美债供给;黄金替代储值需求",bullish,medium,https://www.axios.com/2026/08/21/dollar-debasement-treasury-bonds
2026-08-21,2,analysis,monetary_policy,黄金反弹与美联储预期变化被并列讨论,"实际利率;美元;政策预期",bullish,medium,https://moneyweek.com/investments/commodities/gold/gold-price
2026-08-17,2,analysis,monetary_policy,多因素观点认为黄金受谈判希望及加息预期回落支持,"实际利率;美元;地缘降温;资金流",bullish,medium,https://www.kiplinger.com/investing/commodities/gold/22000/7-gold-etfs-with-low-costs
2026-08-13,1,official,tariff_trade,美国对无人机及零部件实施关税安排,"通胀预期;贸易不确定性;美元",mixed,low,https://www.whitehouse.gov/presidential-actions/2026/08/adjusting-imports-of-unmanned-aircraft-systems-and-unmanned-aircraft-systems-components-into-the-united-states/
2026-08-10,2,analysis,etf_flow,世界黄金协会称ETF买盘和美元及收益率回落支持黄金,"ETF流量;美元;利率;动量",bullish,high,https://www.gold.org/goldhub/gold-focus/2026/08/weekly-markets-monitor-unwedged
2026-08-05,2,analysis,monetary_policy,分析师共识转向关注美国利率和美元对黄金的主导作用,"实际利率;美元;债券机会成本",mixed,medium,https://cincodias.elpais.com/mercados-financieros/2026-08-05/el-oro-une-su-destino-a-la-fed-y-consolida-un-suelo-en-los-4000-dolares.html
2026-07-01,2,analysis,war_conflict,世界黄金协会认为地缘风险是上半年黄金重要贡献因素,"避险;油价;美元;实际利率;仓位",bullish,high,https://www.gold.org/news-and-events/press-releases/gold-faces-pivotal-second-half-geopolitical-risk-rate-expectations

