date,gold,silver,ratio
1960-01-01,35,0.9,38.88888889
1960-02-01,35,0.9,38.88888889
1960-03-01,35,0.9,38.88888889
1960-04-01,35,0.9,38.88888889
1960-05-01,35,0.9,38.88888889
1960-06-01,35,0.9,38.88888889
1960-07-01,35,0.9,38.88888889
1960-08-01,35,0.9,38.88888889
1960-09-01,35,0.9,38.88888889
1960-10-01,35,0.9,38.88888889
1960-11-01,35,0.9,38.88888889
1960-12-01,35,0.9,38.88888889
1961-01-01,35,0.9,38.88888889
1961-02-01,35,0.9,38.88888889
1961-03-01,35,0.9,38.88888889
1961-04-01,35,0.9,38.88888889
1961-05-01,35,0.9,38.88888889
1961-06-01,35,0.9,38.88888889
1961-07-01,35,0.9,38.88888889
1961-08-01,35,0.9,38.88888889
1961-09-01,35,0.9,38.88888889
1961-10-01,35,0.9,38.88888889
1961-11-01,35,0.9,38.88888889
1961-12-01,35,1,35
1962-01-01,35,1,35
1962-02-01,35,1,35
1962-03-01,35,1,35
1962-04-01,35,1,35
1962-05-01,35,1,35
1962-06-01,35,1,35
1962-07-01,35,1,35
1962-08-01,35,1.1,31.81818182
1962-09-01,35,1.2,29.16666667
1962-10-01,35,1.2,29.16666667
1962-11-01,35,1.2,29.16666667
1962-12-01,35,1.2,29.16666667
1963-01-01,35,1.2,29.16666667
1963-02-01,35,1.3,26.92307692
1963-03-01,35,1.3,26.92307692
1963-04-01,35,1.3,26.92307692
1963-05-01,35,1.3,26.92307692
1963-06-01,35,1.3,26.92307692
1963-07-01,35,1.3,26.92307692
1963-08-01,35,1.3,26.92307692
1963-09-01,35,1.3,26.92307692
1963-10-01,35,1.3,26.92307692
1963-11-01,35,1.3,26.92307692
1963-12-01,35,1.3,26.92307692
1964-01-01,35,1.3,26.92307692
1964-02-01,35,1.3,26.92307692
1964-03-01,35,1.3,26.92307692
1964-04-01,35,1.3,26.92307692
1964-05-01,35,1.3,26.92307692
1964-06-01,35,1.3,26.92307692
1964-07-01,35,1.3,26.92307692
1964-08-01,35,1.3,26.92307692
1964-09-01,35,1.3,26.92307692
1964-10-01,35,1.3,26.92307692
1964-11-01,35,1.3,26.92307692
1964-12-01,35,1.3,26.92307692
1965-01-01,35,1.3,26.92307692
1965-02-01,35,1.3,26.92307692
1965-03-01,35,1.3,26.92307692
1965-04-01,35,1.3,26.92307692
1965-05-01,35,1.3,26.92307692
1965-06-01,35,1.3,26.92307692
1965-07-01,35,1.3,26.92307692
1965-08-01,35,1.3,26.92307692
1965-09-01,35,1.3,26.92307692
1965-10-01,35,1.3,26.92307692
1965-11-01,35,1.3,26.92307692
1965-12-01,35,1.3,26.92307692
1966-01-01,35,1.3,26.92307692
1966-02-01,35,1.3,26.92307692
1966-03-01,35,1.3,26.92307692
1966-04-01,35,1.3,26.92307692
1966-05-01,35,1.3,26.92307692
1966-06-01,35,1.3,26.92307692
1966-07-01,35,1.3,26.92307692
1966-08-01,35,1.3,26.92307692
1966-09-01,35,1.3,26.92307692
1966-10-01,35,1.3,26.92307692
1966-11-01,35,1.3,26.92307692
1966-12-01,35,1.3,26.92307692
1967-01-01,35,1.3,26.92307692
1967-02-01,35,1.3,26.92307692
1967-03-01,35,1.3,26.92307692
1967-04-01,35,1.3,26.92307692
1967-05-01,35,1.3,26.92307692
1967-06-01,35,1.3,26.92307692
1967-07-01,35,1.6,21.875
1967-08-01,35,1.7,20.58823529
1967-09-01,35,1.7,20.58823529
1967-10-01,35,1.8,19.44444444
1967-11-01,35,2,17.5
1967-12-01,35,2.1,16.66666667
1968-01-01,36,2,18
1968-02-01,36,1.9,18.94736842
1968-03-01,37,2.2,16.81818182
1968-04-01,38,2.2,17.27272727
1968-05-01,41,2.4,17.08333333
1968-06-01,41,2.5,16.4
1968-07-01,39,2.3,16.95652174
1968-08-01,39,2.2,17.72727273
1968-09-01,40,2.2,18.18181818
1968-10-01,39,2,19.5
1968-11-01,40,2,20
1968-12-01,41,2,20.5
1969-01-01,42,2,21
1969-02-01,43,1.8,23.88888889
1969-03-01,43,1.8,23.88888889
1969-04-01,43,1.8,23.88888889
1969-05-01,43,1.8,23.88888889
1969-06-01,41,1.6,25.625
1969-07-01,42,1.6,26.25
1969-08-01,41,1.7,24.11764706
1969-09-01,41,1.8,22.77777778
1969-10-01,40,1.9,21.05263158
1969-11-01,37,1.9,19.47368421
1969-12-01,35,1.8,19.44444444
1970-01-01,35,1.9,18.42105263
1970-02-01,35,1.9,18.42105263
1970-03-01,35,1.9,18.42105263
1970-04-01,36,1.9,18.94736842
1970-05-01,36,1.7,21.17647059
1970-06-01,35,1.6,21.875
1970-07-01,35,1.7,20.58823529
1970-08-01,35,1.8,19.44444444
1970-09-01,36,1.8,20
1970-10-01,38,1.7,22.35294118
1970-11-01,37,1.8,20.55555556
1970-12-01,37,1.6,23.125
1971-01-01,38,1.6,23.75
1971-02-01,39,1.6,24.375
1971-03-01,39,1.7,22.94117647
1971-04-01,39,1.7,22.94117647
1971-05-01,41,1.7,24.11764706
1971-06-01,40,1.6,25
1971-07-01,41,1.6,25.625
1971-08-01,43,1.6,26.875
1971-09-01,42,1.4,30
1971-10-01,43,1.3,33.07692308
1971-11-01,43,1.3,33.07692308
1971-12-01,43,1.4,30.71428571
1972-01-01,46,1.5,30.66666667
1972-02-01,48,1.5,32
1972-03-01,48,1.5,32
1972-04-01,49,1.6,30.625
1972-05-01,55,1.6,34.375
1972-06-01,62,1.6,38.75
1972-07-01,66,1.7,38.82352941
1972-08-01,67,1.8,37.22222222
1972-09-01,65,1.8,36.11111111
1972-10-01,65,1.8,36.11111111
1972-11-01,63,1.8,35
1972-12-01,64,2,32
1973-01-01,65,2,32.5
1973-02-01,74,2.2,33.63636364
1973-03-01,84,2.3,36.52173913
1973-04-01,91,2.2,41.36363636
1973-05-01,102,2.4,42.5
1973-06-01,120,2.6,46.15384615
1973-07-01,120,2.7,44.44444444
1973-08-01,107,2.6,41.15384615
1973-09-01,103,2.7,38.14814815
1973-10-01,100,2.9,34.48275862
1973-11-01,95,2.9,32.75862069
1973-12-01,107,3.1,34.51612903
1974-01-01,129,3.6,35.83333333
1974-02-01,150,5.4,27.77777778
1974-03-01,168,5.3,31.69811321
1974-04-01,172,5,34.4
1974-05-01,163,5.4,30.18518519
1974-06-01,154,4.9,31.42857143
1974-07-01,143,4.4,32.5
1974-08-01,155,4.4,35.22727273
1974-09-01,152,4,38
1974-10-01,159,4.8,33.125
1974-11-01,182,4.7,38.72340426
1974-12-01,184,4.4,41.81818182
1975-01-01,176,4.2,41.9047619
1975-02-01,180,4.4,40.90909091
1975-03-01,178,4.3,41.39534884
1975-04-01,170,4.2,40.47619048
1975-05-01,167,4.5,37.11111111
1975-06-01,164,4.5,36.44444444
1975-07-01,165,4.7,35.10638298
1975-08-01,163,4.9,33.26530612
1975-09-01,144,4.5,32
1975-10-01,143,4.3,33.25581395
1975-11-01,142,4.3,33.02325581
1975-12-01,139,4.1,33.90243902
1976-01-01,131,4.1,31.95121951
1976-02-01,131,4.1,31.95121951
1976-03-01,133,4.2,31.66666667
1976-04-01,128,4.4,29.09090909
1976-05-01,127,4.5,28.22222222
1976-06-01,126,4.8,26.25
1976-07-01,118,4.8,24.58333333
1976-08-01,110,4.3,25.58139535
1976-09-01,114,4.3,26.51162791
1976-10-01,116,4.2,27.61904762
1976-11-01,130,4.4,29.54545455
1976-12-01,134,4.4,30.45454545
1977-01-01,132,4.4,30
1977-02-01,136,4.5,30.22222222
1977-03-01,148,4.9,30.20408163
1977-04-01,149,4.8,31.04166667
1977-05-01,147,4.7,31.27659574
1977-06-01,141,4.5,31.33333333
1977-07-01,143,4.5,31.77777778
1977-08-01,145,4.5,32.22222222
1977-09-01,150,4.5,33.33333333
1977-10-01,159,4.8,33.125
1977-11-01,162,4.8,33.75
1977-12-01,160,4.7,34.04255319
1978-01-01,173,4.9,35.30612245
1978-02-01,178,5,35.6
1978-03-01,184,5.3,34.71698113
1978-04-01,175,5.2,33.65384615
1978-05-01,176,5.1,34.50980392
1978-06-01,184,5.3,34.71698113
1978-07-01,189,5.4,35
1978-08-01,206,5.5,37.45454545
1978-09-01,212,5.6,37.85714286
1978-10-01,227,5.9,38.47457627
1978-11-01,206,5.9,34.91525424
1978-12-01,208,5.9,35.25423729
1979-01-01,227,6.2,36.61290323
1979-02-01,246,7.3,33.69863014
1979-03-01,242,7.4,32.7027027
1979-04-01,239,7.4,32.2972973
1979-05-01,258,8.4,30.71428571
1979-06-01,279,8.6,32.44186047
1979-07-01,295,9.1,32.41758242
1979-08-01,301,9.3,32.3655914
1979-09-01,355,13.8,25.72463768
1979-10-01,392,16.6,23.61445783
1979-11-01,392,16.7,23.47305389
1979-12-01,455,22.5,20.22222222
1980-01-01,675,38.9,17.35218509
1980-02-01,665,35.2,18.89204545
1980-03-01,554,24.7,22.4291498
1980-04-01,517,14.9,34.69798658
1980-05-01,514,12.7,40.47244094
1980-06-01,601,15.8,38.03797468
1980-07-01,643,16.3,39.44785276
1980-08-01,627,15.9,39.43396226
1980-09-01,674,19.9,33.86934673
1980-10-01,661,20.2,32.72277228
1980-11-01,625,18.6,33.60215054
1980-12-01,538,16.5,32.60606061
1981-01-01,557,14.8,37.63513514
1981-02-01,500,13.1,38.16793893
1981-03-01,499,12.3,40.56910569
1981-04-01,496,11.5,43.13043478
1981-05-01,480,10.9,44.03669725
1981-06-01,461,10,46.1
1981-07-01,409,8.6,47.55813953
1981-08-01,410,8.9,46.06741573
1981-09-01,444,10.1,43.96039604
1981-10-01,438,9.2,47.60869565
1981-11-01,413,8.5,48.58823529
1981-12-01,410,8.4,48.80952381
1982-01-01,384,8,48
1982-02-01,374,8.3,45.06024096
1982-03-01,330,7.2,45.83333333
1982-04-01,350,7.3,47.94520548
1982-05-01,334,6.7,49.85074627
1982-06-01,315,5.6,56.25
1982-07-01,339,6.5,52.15384615
1982-08-01,364,7.1,51.26760563
1982-09-01,437,8.8,49.65909091
1982-10-01,422,9.4,44.89361702
1982-11-01,415,9.8,42.34693878
1982-12-01,445,10.6,41.98113208
1983-01-01,481,12.3,39.10569106
1983-02-01,491,14,35.07142857
1983-03-01,420,10.6,39.62264151
1983-04-01,433,11.6,37.32758621
1983-05-01,438,12.9,33.95348837
1983-06-01,413,11.7,35.2991453
1983-07-01,403,12,33.58333333
1983-08-01,416,12.1,34.38016529
1983-09-01,412,12,34.33333333
1983-10-01,394,9.9,39.7979798
1983-11-01,382,8.8,43.40909091
1983-12-01,388,9.1,42.63736264
1984-01-01,371,8.3,44.69879518
1984-02-01,386,9.1,42.41758242
1984-03-01,394,9.6,41.04166667
1984-04-01,381,9.2,41.41304348
1984-05-01,377,9,41.88888889
1984-06-01,378,8.8,42.95454545
1984-07-01,348,7.5,46.4
1984-08-01,348,7.6,45.78947368
1984-09-01,340,7.3,46.57534247
1984-10-01,341,7.3,46.71232877
1984-11-01,342,7.5,45.6
1984-12-01,320,6.6,48.48484848
1985-01-01,303,6.1,49.67213115
1985-02-01,299,6.1,49.01639344
1985-03-01,314,6,52.33333333
1985-04-01,327,6.4,51.09375
1985-05-01,316,6.3,50.15873016
1985-06-01,317,6.2,51.12903226
1985-07-01,317,6,52.83333333
1985-08-01,330,6.2,53.22580645
1985-09-01,323,6.1,52.95081967
1985-10-01,326,6.2,52.58064516
1985-11-01,322,6.1,52.78688525
1985-12-01,322,5.9,54.57627119
1986-01-01,347,6,57.83333333
1986-02-01,339,5.9,57.45762712
1986-03-01,346,5.6,61.78571429
1986-04-01,340,5.2,65.38461538
1986-05-01,342,5.1,67.05882353
1986-06-01,343,5.1,67.25490196
1986-07-01,348,5,69.6
1986-08-01,377,5.2,72.5
1986-09-01,418,5.6,74.64285714
1986-10-01,424,5.6,75.71428571
1986-11-01,398,5.6,71.07142857
1986-12-01,391,5.4,72.40740741
1987-01-01,408,5.5,74.18181818
1987-02-01,401,5.5,72.90909091
1987-03-01,409,5.7,71.75438596
1987-04-01,438,7.3,60
1987-05-01,460,8.5,54.11764706
1987-06-01,450,7.4,60.81081081
1987-07-01,451,7.6,59.34210526
1987-08-01,461,7.8,59.1025641
1987-09-01,460,7.6,60.52631579
1987-10-01,465,7.6,61.18421053
1987-11-01,468,6.8,68.82352941
1987-12-01,486,6.8,71.47058824
1988-01-01,477,6.7,71.19402985
1988-02-01,442,6.3,70.15873016
1988-03-01,444,6.4,69.375
1988-04-01,452,6.5,69.53846154
1988-05-01,451,6.5,69.38461538
1988-06-01,451,7,64.42857143
1988-07-01,438,7,62.57142857
1988-08-01,431,6.7,64.32835821
1988-09-01,413,6.4,64.53125
1988-10-01,407,6.3,64.6031746
1988-11-01,420,6.3,66.66666667
1988-12-01,419,6.1,68.68852459
1989-01-01,404,6,67.33333333
1989-02-01,388,5.9,65.76271186
1989-03-01,390,6,65
1989-04-01,384,5.8,66.20689655
1989-05-01,371,5.5,67.45454545
1989-06-01,368,5.3,69.43396226
1989-07-01,375,5.2,72.11538462
1989-08-01,365,5.2,70.19230769
1989-09-01,362,5.1,70.98039216
1989-10-01,367,5.1,71.96078431
1989-11-01,394,5.5,71.63636364
1989-12-01,409,5.6,73.03571429
1990-01-01,410,5.2,78.84615385
1990-02-01,417,5.3,78.67924528
1990-03-01,393,5.1,77.05882353
1990-04-01,374,5.1,73.33333333
1990-05-01,369,5.1,72.35294118
1990-06-01,352,4.9,71.83673469
1990-07-01,363,4.9,74.08163265
1990-08-01,395,5,79
1990-09-01,389,4.8,81.04166667
1990-10-01,381,4.4,86.59090909
1990-11-01,382,4.2,90.95238095
1990-12-01,377,4.1,91.95121951
1991-01-01,384,4.1,93.65853659
1991-02-01,364,3.7,98.37837838
1991-03-01,363,3.9,93.07692308
1991-04-01,358,4,89.5
1991-05-01,357,4,89.25
1991-06-01,367,4.4,83.40909091
1991-07-01,368,4.3,85.58139535
1991-08-01,356,4,89
1991-09-01,349,4,87.25
1991-10-01,359,4.1,87.56097561
1991-11-01,360,4.1,87.80487805
1991-12-01,362,3.9,92.82051282
1992-01-01,354,4.1,86.34146341
1992-02-01,354,4.1,86.34146341
1992-03-01,344,4.1,83.90243902
1992-04-01,339,4.1,82.68292683
1992-05-01,337,4.1,82.19512195
1992-06-01,341,4.1,83.17073171
1992-07-01,353,4,88.25
1992-08-01,343,3.8,90.26315789
1992-09-01,345,3.8,90.78947368
1992-10-01,344,3.8,90.52631579
1992-11-01,335,3.8,88.15789474
1992-12-01,335,3.7,90.54054054
1993-01-01,329,3.7,88.91891892
1993-02-01,329,3.7,88.91891892
1993-03-01,330,3.6,91.66666667
1993-04-01,342,4,85.5
1993-05-01,367,4.5,81.55555556
1993-06-01,372,4.4,84.54545455
1993-07-01,392,5,78.4
1993-08-01,379,4.8,78.95833333
1993-09-01,355,4.2,84.52380952
1993-10-01,364,4.3,84.65116279
1993-11-01,374,4.5,83.11111111
1993-12-01,383,5,76.6
1994-01-01,387,5.1,75.88235294
1994-02-01,382,5.2,73.46153846
1994-03-01,384,5.4,71.11111111
1994-04-01,377,5.4,69.81481481
1994-05-01,381,5.4,70.55555556
1994-06-01,386,5.4,71.48148148
1994-07-01,385,5.3,72.64150943
1994-08-01,380,5.2,73.07692308
1994-09-01,392,5.5,71.27272727
1994-10-01,390,5.5,70.90909091
1994-11-01,384,5.2,73.84615385
1994-12-01,379,4.8,78.95833333
1995-01-01,379,4.8,78.95833333
1995-02-01,377,4.7,80.21276596
1995-03-01,382,4.6,83.04347826
1995-04-01,391,5.5,71.09090909
1995-05-01,385,5.6,68.75
1995-06-01,388,5.4,71.85185185
1995-07-01,386,5.2,74.23076923
1995-08-01,384,5.4,71.11111111
1995-09-01,383,5.4,70.92592593
1995-10-01,383,5.4,70.92592593
1995-11-01,385,5.3,72.64150943
1995-12-01,387,5.2,74.42307692
1996-01-01,399,5.5,72.54545455
1996-02-01,405,5.7,71.05263158
1996-03-01,396,5.5,72
1996-04-01,393,5.4,72.77777778
1996-05-01,392,5.4,72.59259259
1996-06-01,385,5.2,74.03846154
1996-07-01,383,5.1,75.09803922
1996-08-01,387,5.1,75.88235294
1996-09-01,383,5,76.6
1996-10-01,381,4.9,77.75510204
1996-11-01,378,4.8,78.75
1996-12-01,369,4.8,76.875
1997-01-01,355,4.8,73.95833333
1997-02-01,347,5.1,68.03921569
1997-03-01,352,5.2,67.69230769
1997-04-01,344,4.8,71.66666667
1997-05-01,344,4.7,73.19148936
1997-06-01,341,4.8,71.04166667
1997-07-01,324,4.4,73.63636364
1997-08-01,324,4.5,72
1997-09-01,323,4.7,68.72340426
1997-10-01,325,5,65
1997-11-01,306,5.1,60
1997-12-01,289,5.8,49.82758621
1998-01-01,289,5.9,48.98305085
1998-02-01,297,6.8,43.67647059
1998-03-01,296,6.2,47.74193548
1998-04-01,308,6.3,48.88888889
1998-05-01,299,5.6,53.39285714
1998-06-01,292,5.3,55.09433962
1998-07-01,293,5.5,53.27272727
1998-08-01,284,5.2,54.61538462
1998-09-01,289,5,57.8
1998-10-01,296,5,59.2
1998-11-01,294,5,58.8
1998-12-01,292,4.9,59.59183673
1999-01-01,287,5.1,56.2745098
1999-02-01,287,5.5,52.18181818
1999-03-01,286,5.2,55
1999-04-01,283,5.1,55.49019608
1999-05-01,276,5.3,52.0754717
1999-06-01,261,5,52.2
1999-07-01,256,5.2,49.23076923
1999-08-01,257,5.3,48.49056604
1999-09-01,265,5.2,50.96153846
1999-10-01,311,5.4,57.59259259
1999-11-01,293,5.2,56.34615385
1999-12-01,283,5.2,54.42307692
2000-01-01,284,5.2,54.61538462
2000-02-01,300,5.2,57.69230769
2000-03-01,286,5.1,56.07843137
2000-04-01,280,5.1,54.90196078
2000-05-01,275,5,55
2000-06-01,286,5,57.2
2000-07-01,282,5,56.4
2000-08-01,274,4.9,55.91836735
2000-09-01,274,4.9,55.91836735
2000-10-01,270,4.8,56.25
2000-11-01,266,4.7,56.59574468
2000-12-01,271,4.6,58.91304348
2001-01-01,265,4.7,56.38297872
2001-02-01,262,4.6,56.95652174
2001-03-01,263,4.4,59.77272727
2001-04-01,260,4.4,59.09090909
2001-05-01,272,4.4,61.81818182
2001-06-01,270,4.4,61.36363636
2001-07-01,268,4.3,62.3255814
2001-08-01,272,4.2,64.76190476
2001-09-01,283,4.4,64.31818182
2001-10-01,283,4.4,64.31818182
2001-11-01,276,4.1,67.31707317
2001-12-01,276,4.4,62.72727273
2002-01-01,282,4.5,62.66666667
2002-02-01,296,4.4,67.27272727
2002-03-01,294,4.5,65.33333333
2002-04-01,303,4.6,65.86956522
2002-05-01,314,4.7,66.80851064
2002-06-01,321,4.9,65.51020408
2002-07-01,313,4.9,63.87755102
2002-08-01,310,4.5,68.88888889
2002-09-01,319,4.6,69.34782609
2002-10-01,317,4.4,72.04545455
2002-11-01,319,4.5,70.88888889
2002-12-01,332,4.6,72.17391304
2003-01-01,357,4.8,74.375
2003-02-01,359,4.7,76.38297872
2003-03-01,341,4.5,75.77777778
2003-04-01,328,4.5,72.88888889
2003-05-01,356,4.7,75.74468085
2003-06-01,356,4.5,79.11111111
2003-07-01,351,4.8,73.125
2003-08-01,360,5,72
2003-09-01,379,5.2,72.88461538
2003-10-01,379,5,75.8
2003-11-01,390,5.2,75
2003-12-01,407,5.6,72.67857143
2004-01-01,414,6.3,65.71428571
2004-02-01,405,6.4,63.28125
2004-03-01,407,7.2,56.52777778
2004-04-01,403,7.1,56.76056338
2004-05-01,384,5.9,65.08474576
2004-06-01,392,5.9,66.44067797
2004-07-01,398,6.3,63.17460317
2004-08-01,401,6.7,59.85074627
2004-09-01,405,6.4,63.28125
2004-10-01,420,7.1,59.15492958
2004-11-01,439,7.5,58.53333333
2004-12-01,442,7.1,62.25352113
2005-01-01,424,6.6,64.24242424
2005-02-01,423,7,60.42857143
2005-03-01,434,7.2,60.27777778
2005-04-01,429,7.1,60.42253521
2005-05-01,422,7,60.28571429
2005-06-01,431,7.3,59.04109589
2005-07-01,424,7,60.57142857
2005-08-01,438,7,62.57142857
2005-09-01,456,7.2,63.33333333
2005-10-01,470,7.7,61.03896104
2005-11-01,477,7.9,60.37974684
2005-12-01,510,8.6,59.30232558
2006-01-01,550,9.1,60.43956044
2006-02-01,555,9.5,58.42105263
2006-03-01,557,10.4,53.55769231
2006-04-01,611,12.6,48.49206349
2006-05-01,675,13.4,50.37313433
2006-06-01,596,10.8,55.18518519
2006-07-01,634,11.2,56.60714286
2006-08-01,633,12.2,51.8852459
2006-09-01,598,11.7,51.11111111
2006-10-01,586,11.6,50.51724138
2006-11-01,628,12.9,48.68217054
2006-12-01,630,13.3,47.36842105
2007-01-01,631,12.8,49.296875
2007-02-01,665,13.9,47.84172662
2007-03-01,655,13.2,49.62121212
2007-04-01,679,13.7,49.5620438
2007-05-01,667,13.1,50.91603053
2007-06-01,656,13.1,50.07633588
2007-07-01,665,12.9,51.5503876
2007-08-01,665,12.3,54.06504065
2007-09-01,713,12.8,55.703125
2007-10-01,755,13.7,55.10948905
2007-11-01,806,14.7,54.82993197
2007-12-01,803,14.3,56.15384615
2008-01-01,890,15.9,55.97484277
2008-02-01,922,17.6,52.38636364
2008-03-01,968,19.3,50.15544041
2008-04-01,910,17.5,52
2008-05-01,889,17.1,51.98830409
2008-06-01,889,17,52.29411765
2008-07-01,940,18,52.22222222
2008-08-01,839,14.6,57.46575342
2008-09-01,830,12.4,66.93548387
2008-10-01,807,10.4,77.59615385
2008-11-01,761,9.9,76.86868687
2008-12-01,816,10.3,79.22330097
2009-01-01,859,11.3,76.01769912
2009-02-01,943,13.4,70.37313433
2009-03-01,924,13.1,70.53435115
2009-04-01,890,12.5,71.2
2009-05-01,929,14,66.35714286
2009-06-01,946,14.7,64.3537415
2009-07-01,934,13.4,69.70149254
2009-08-01,949,14.4,65.90277778
2009-09-01,997,16.4,60.79268293
2009-10-01,1043,17.2,60.63953488
2009-11-01,1127,17.8,63.31460674
2009-12-01,1135,17.6,64.48863636
2010-01-01,1118,17.7,63.16384181
2010-02-01,1095,15.9,68.86792453
2010-03-01,1113,17.1,65.0877193
2010-04-01,1149,18.1,63.48066298
2010-05-01,1205,18.4,65.48913043
2010-06-01,1233,18.5,66.64864865
2010-07-01,1193,18,66.27777778
2010-08-01,1216,18.4,66.08695652
2010-09-01,1271,20.5,62
2010-10-01,1342,23.4,57.35042735
2010-11-01,1370,26.5,51.69811321
2010-12-01,1391,29.3,47.47440273
2011-01-01,1360,28.5,47.71929825
2011-02-01,1375,30.8,44.64285714
2011-03-01,1423,35.8,39.74860335
2011-04-01,1481,42.7,34.68384075
2011-05-01,1513,37.3,40.56300268
2011-06-01,1529,35.8,42.70949721
2011-07-01,1573,37.9,41.50395778
2011-08-01,1759,40.3,43.64764268
2011-09-01,1772,38.2,46.38743455
2011-10-01,1666,32,52.0625
2011-11-01,1739,33.1,52.53776435
2011-12-01,1640,30.3,54.12541254
2012-01-01,1654,30.7,53.8762215
2012-02-01,1745,34.1,51.17302053
2012-03-01,1676,33,50.78787879
2012-04-01,1649,31.5,52.34920635
2012-05-01,1589,28.7,55.36585366
2012-06-01,1599,28,57.10714286
2012-07-01,1594,27.4,58.17518248
2012-08-01,1630,28.8,56.59722222
2012-09-01,1745,33.6,51.93452381
2012-10-01,1747,33.2,52.62048193
2012-11-01,1722,32.8,52.5
2012-12-01,1685,31.9,52.82131661
2013-01-01,1672,31.1,53.76205788
2013-02-01,1628,30.3,53.72937294
2013-03-01,1593,28.8,55.3125
2013-04-01,1488,25.4,58.58267717
2013-05-01,1414,23,61.47826087
2013-06-01,1343,21.1,63.6492891
2013-07-01,1286,19.7,65.27918782
2013-08-01,1352,21.9,61.73515982
2013-09-01,1349,22.6,59.69026549
2013-10-01,1317,21.9,60.1369863
2013-11-01,1276,20.8,61.34615385
2013-12-01,1222,19.7,62.03045685
2014-01-01,1244,19.9,62.51256281
2014-02-01,1300,20.8,62.5
2014-03-01,1336,20.7,64.5410628
2014-04-01,1298,19.7,65.88832487
2014-05-01,1289,19.3,66.78756477
2014-06-01,1279,19.9,64.27135678
2014-07-01,1311,20.9,62.72727273
2014-08-01,1295,19.7,65.73604061
2014-09-01,1237,18.4,67.22826087
2014-10-01,1222,17.2,71.04651163
2014-11-01,1175,16,73.4375
2014-12-01,1201,16.3,73.6809816
2015-01-01,1251,17.2,72.73255814
2015-02-01,1227,16.8,73.03571429
2015-03-01,1179,16.2,72.77777778
2015-04-01,1199,16.3,73.55828221
2015-05-01,1199,16.8,71.36904762
2015-06-01,1182,16.1,73.41614907
2015-07-01,1128,15.1,74.70198675
2015-08-01,1118,14.9,75.03355705
2015-09-01,1125,14.8,76.01351351
2015-10-01,1159,15.8,73.35443038
2015-11-01,1086,14.5,74.89655172
2015-12-01,1076,14.1,76.31205674
2016-01-01,1098,14.1,77.87234043
2016-02-01,1200,15.2,78.94736842
2016-03-01,1245,15.5,80.32258065
2016-04-01,1242,16.4,75.73170732
2016-05-01,1261,16.9,74.61538462
2016-06-01,1276,17.3,73.75722543
2016-07-01,1337,20,66.85
2016-08-01,1340,19.6,68.36734694
2016-09-01,1327,19.4,68.40206186
2016-10-01,1267,17.7,71.5819209
2016-11-01,1238,17.4,71.14942529
2016-12-01,1157,16.4,70.54878049
2017-01-01,1192,16.9,70.53254438
2017-02-01,1234,17.9,68.93854749
2017-03-01,1231,17.6,69.94318182
2017-04-01,1267,18,70.38888889
2017-05-01,1246,16.7,74.61077844
2017-06-01,1260,16.9,74.55621302
2017-07-01,1237,16.2,76.35802469
2017-08-01,1283,17,75.47058824
2017-09-01,1314,17.4,75.51724138
2017-10-01,1280,16.9,75.73964497
2017-11-01,1282,17,75.41176471
2017-12-01,1264,16.2,78.02469136
2018-01-01,1331,17.1,77.83625731
2018-02-01,1331,16.6,80.18072289
2018-03-01,1325,16.5,80.3030303
2018-04-01,1335,16.6,80.42168675
2018-05-01,1303,16.5,78.96969697
2018-06-01,1282,16.5,77.6969697
2018-07-01,1238,15.7,78.85350318
2018-08-01,1202,15,80.13333333
2018-09-01,1198,14.3,83.77622378
2018-10-01,1215,14.6,83.21917808
2018-11-01,1221,14.4,84.79166667
2018-12-01,1250,14.8,84.45945946
2019-01-01,1292,15.6,82.82051282
2019-02-01,1320,15.8,83.5443038
2019-03-01,1301,15.3,85.03267974
2019-04-01,1286,15.1,85.16556291
2019-05-01,1284,14.7,87.34693878
2019-06-01,1359,15,90.6
2019-07-01,1413,15.8,89.43037975
2019-08-01,1500,17.2,87.20930233
2019-09-01,1511,18.2,83.02197802
2019-10-01,1495,17.6,84.94318182
2019-11-01,1471,17.2,85.52325581
2019-12-01,1479,17.1,86.49122807
2020-01-01,1561,18,86.72222222
2020-02-01,1597,17.9,89.21787709
2020-03-01,1592,14.9,106.8456376
2020-04-01,1683,15.1,111.4569536
2020-05-01,1716,16.3,105.2760736
2020-06-01,1732,17.7,97.85310734
2020-07-01,1847,20.6,89.66019417
2020-08-01,1969,27,72.92592593
2020-09-01,1922,25.7,74.78599222
2020-10-01,1900,24.2,78.51239669
2020-11-01,1866,24.1,77.42738589
2020-12-01,1858,25,74.32
2021-01-01,1867,25.9,72.08494208
2021-02-01,1808,27.3,66.22710623
2021-03-01,1718,25.6,67.109375
2021-04-01,1760,25.7,68.48249027
2021-05-01,1850,27.5,67.27272727
2021-06-01,1835,27,67.96296296
2021-07-01,1808,25.7,70.35019455
2021-08-01,1785,24,74.375
2021-09-01,1775,23.2,76.50862069
2021-10-01,1777,23.4,75.94017094
2021-11-01,1822,24.2,75.2892562
2021-12-01,1790,22.5,79.55555556
2022-01-01,1816,23.2,78.27586207
2022-02-01,1856,23.5,78.9787234
2022-03-01,1948,25.3,76.99604743
2022-04-01,1937,24.5,79.06122449
2022-05-01,1849,21.9,84.42922374
2022-06-01,1837,21.6,85.0462963
2022-07-01,1733,19.1,90.73298429
2022-08-01,1765,19.7,89.59390863
2022-09-01,1681,18.9,88.94179894
2022-10-01,1664,19.4,85.77319588
2022-11-01,1725,21,82.14285714
2022-12-01,1798,23.3,77.16738197
2023-01-01,1898,23.7,80.08438819
2023-02-01,1855,21.9,84.70319635
2023-03-01,1913,22,86.95454545
2023-04-01,2000,25,80
2023-05-01,1992,24.3,81.97530864
2023-06-01,1943,23.4,83.03418803
2023-07-01,1951,24.3,80.28806584
2023-08-01,1919,23.4,82.00854701
2023-09-01,1916,23.1,82.94372294
2023-10-01,1916,22.4,85.53571429
2023-11-01,1984,23.5,84.42553191
2023-12-01,2026,23.9,84.76987448
2024-01-01,2034,22.9,88.8209607
2024-02-01,2023,22.7,89.11894273
2024-03-01,2158,24.5,88.08163265
2024-04-01,2331,27.5,84.76363636
2024-05-01,2351,29.4,79.96598639
2024-06-01,2326,29.6,78.58108108
2024-07-01,2398,29.8,80.46979866
2024-08-01,2470,28.5,86.66666667
2024-09-01,2571,30.1,85.41528239
2024-10-01,2690,32.4,83.02469136
2024-11-01,2651,31.1,85.24115756
2024-12-01,2648,30.8,85.97402597
2025-01-01,2710,30.4,89.14473684
2025-02-01,2895,32.2,89.9068323
2025-03-01,2983,33.2,89.84939759
2025-04-01,3218,32.2,99.9378882
2025-05-01,3309,32.8,100.8841463
2025-06-01,3353,36,93.13888889
2025-07-01,3340,37.7,88.59416446
2025-08-01,3368,38.2,88.16753927
2025-09-01,3668,42.8,85.70093458
2025-10-01,4058,49.4,82.14574899
2025-11-01,4087,50.4,81.09126984
2025-12-01,4309,62.3,69.16532905
2026-01-01,4753,92.1,51.60694897
2026-02-01,5020,81.9,61.29426129
2026-03-01,4856,77.9,62.33632863
2026-04-01,4721,75.9,62.2002635
2026-05-01,4587,78,58.80769231
2026-06-01,4228,66.7,63.38830585
2026-07-01,4073,58.8,69.26870748
2026-08-01,4411,65.4,67.44648318
